keyword,search_volume,cpc,keyword_difficulty,competitors_ranking,competitor_list,sc_current_position,theme,recommended_action,target_page_type,target_handle_or_url,target_page_title
sheets,2240000,6.0,78,1,expansion,,sheets,optimize existing,collection,/collections/sheets,Sheets
twin beds bedding,201000,1.41,,2,"expansion,potterybarn.com",,twin / bedding,build new collection,collection,/collections/twin-bedding,Twin Bedding
twin bedding,201000,1.41,,2,"expansion,potterybarn.com",,twin / bedding,build new collection,collection,/collections/twin-bedding,Twin Bedding
blankets,201000,1.73,2,1,parachutehome.com,,blanket,optimize existing,collection,/collections/blankets,Blankets
blanket,201000,1.73,9,2,"expansion,parachutehome.com",,blanket,optimize existing,collection,/collections/blankets,Blankets
bedding twins,201000,1.41,,1,expansion,,bedding,optimize existing,collection,/collections/bedding,Bedding
duvet covers,165000,2.48,3,3,"brooklinen.com,parachutehome.com,pigletinbed.com",,duvet cover,optimize existing,collection,/collections/duvet-covers,Duvet Covers
bedding sizes,165000,0.67,9,1,expansion,,bedding size guide,build guide/blog page,guide/blog,/pages/bedding-size-guide,Bedding Size Guide
duvet and cover,165000,2.48,,3,"brooklinen.com,parachutehome.com,pigletinbed.com",,duvet,optimize existing,collection,/collections/comforters-duvets,Comforters + Duvets
quilt,165000,1.3,11,3,"brooklinen.com,parachutehome.com,potterybarn.com",,quilt,optimize existing,collection,/collections/blankets-quilts,Blankets + Quilts
quilts,165000,1.3,,1,brooklinen.com,,quilt,optimize existing,collection,/collections/blankets-quilts,Blankets + Quilts
pillow,165000,2.51,30,2,"expansion,tempurpedic.com",,pillow,optimize existing,collection,/collections/pillows,Pillows
pillows,165000,2.51,3,1,tempurpedic.com,,pillow,optimize existing,collection,/collections/pillows,Pillows
bedding measurements,165000,0.67,,3,"expansion,parachutehome.com,pigletinbed.com",,bedding size guide,build guide/blog page,guide/blog,/pages/bedding-size-guide,Bedding Size Guide
duvets and duvet covers,165000,2.48,24,1,expansion,,duvet cover,optimize existing,collection,/collections/duvet-covers,Duvet Covers
duvets with covers,165000,2.48,,1,expansion,,duvet,optimize existing,collection,/collections/comforters-duvets,Comforters + Duvets
alaska king bedding,165000,1.96,,1,expansion,,alaskan king / bedding,build new collection,collection,/collections/alaskan-king-bedding,Alaskan King Bedding
alaskan king bedding,165000,1.96,,1,expansion,,alaskan king / bedding,build new collection,collection,/collections/alaskan-king-bedding,Alaskan King Bedding
bedding sizing,165000,0.67,9,1,expansion,,bedding size guide,build guide/blog page,guide/blog,/pages/bedding-size-guide,Bedding Size Guide
toddler bedding,165000,0.81,,1,expansion,,toddler / bedding,build new collection,collection,/collections/toddler-bedding,Toddler Bedding
size king bedding,135000,3.27,2,1,expansion,,king / bedding,build new collection,collection,/collections/king-bedding,King Bedding
pregnancy pillow,135000,1.3,18,1,expansion,,pillow,optimize existing,collection,/collections/pillows,Pillows
weighted blanket,135000,2.22,20,1,expansion,,weighted blanket,optimize existing,collection,/collections/weighted-blankets,crystal weighted blankets
queen bedding dimensions,135000,1.44,,1,expansion,,bedding size guide,build guide/blog page,guide/blog,/pages/bedding-size-guide,Bedding Size Guide
queen bedding measurements,135000,1.44,,1,expansion,,bedding size guide,build guide/blog page,guide/blog,/pages/bedding-size-guide,Bedding Size Guide
bed sheets,110000,2.8,7,2,"brooklinen.com,pigletinbed.com",,sheets,optimize existing,collection,/collections/sheets,Sheets
bedding sets,110000,2.8,2,3,"brooklinen.com,parachutehome.com,potterybarn.com",,bedding,optimize existing,collection,/collections/bedding,Bedding
comforter,110000,2.21,7,1,brooklinen.com,,comforter,optimize existing,collection,/collections/comforters,Comforters
duvets,110000,2.96,5,1,brooklinen.com,,duvet,optimize existing,collection,/collections/comforters-duvets,Comforters + Duvets
bed sheet,110000,2.8,,1,brooklinen.com,,sheets,optimize existing,collection,/collections/sheets,Sheets
bedding set,110000,2.8,2,2,"brooklinen.com,potterybarn.com",,bedding,optimize existing,collection,/collections/bedding,Bedding
full size bedding,110000,1.68,,3,"brooklinen.com,latestbedding.com,potterybarn.com",,full / bedding,build new collection,collection,/collections/full-bedding,Full Bedding
comforters,110000,2.21,2,2,"parachutehome.com,potterybarn.com",,comforter,optimize existing,collection,/collections/comforters,Comforters
robe,110000,1.41,5,1,expansion,,robe,optimize existing,collection,/collections/robes-kimonos,Robes + Kimonos
robes,110000,1.41,3,1,parachutehome.com,,robe,optimize existing,collection,/collections/robes-kimonos,Robes + Kimonos
quilt store near me,110000,0.75,20,1,expansion,,quilt,optimize existing,collection,/collections/blankets-quilts,Blankets + Quilts
quilt shop close to me,110000,0.75,,1,expansion,,quilt,optimize existing,collection,/collections/blankets-quilts,Blankets + Quilts
quilt stores near me,110000,0.75,,1,expansion,,quilt,optimize existing,collection,/collections/blankets-quilts,Blankets + Quilts
quilt shops.near me,110000,0.75,,1,expansion,,quilt,optimize existing,collection,/collections/blankets-quilts,Blankets + Quilts
quilt shops close to me,110000,0.75,,1,expansion,,quilt,optimize existing,collection,/collections/blankets-quilts,Blankets + Quilts
quilt shops near me,110000,0.75,6,1,expansion,,quilt,optimize existing,collection,/collections/blankets-quilts,Blankets + Quilts
quilts store near me,110000,0.75,20,1,expansion,,quilt,optimize existing,collection,/collections/blankets-quilts,Blankets + Quilts
quilts stores near me,110000,0.75,20,1,expansion,,quilt,optimize existing,collection,/collections/blankets-quilts,Blankets + Quilts
quilts shops near me,110000,0.75,7,1,expansion,,quilt,optimize existing,collection,/collections/blankets-quilts,Blankets + Quilts
full size bedding measurements,110000,1.26,,1,expansion,,bedding size guide,build guide/blog page,guide/blog,/pages/bedding-size-guide,Bedding Size Guide
full size bedding dimensions,110000,1.26,,1,expansion,,bedding size guide,build guide/blog page,guide/blog,/pages/bedding-size-guide,Bedding Size Guide
towels for towel warmer,110000,1.02,,1,expansion,,towel,optimize existing,collection,/collections/bath,Bath
warming towels,110000,1.02,9,1,expansion,,towel,optimize existing,collection,/collections/bath,Bath
warmer for towels,110000,1.02,1,1,expansion,,towel,optimize existing,collection,/collections/bath,Bath
warm towels,110000,1.02,,1,expansion,,towel,optimize existing,collection,/collections/bath,Bath
bedding setting,110000,2.8,2,1,expansion,,bedding,optimize existing,collection,/collections/bedding,Bedding
bedding sheet,110000,2.8,20,1,expansion,,sheets,optimize existing,collection,/collections/sheets,Sheets
linens,90500,2.65,,1,brooklinen.com,,general bedding,build new collection,collection,/collections/bedding,Bedding
towels,90500,2.04,,2,"brooklinen.com,parachutehome.com",,towel,optimize existing,collection,/collections/bath,Bath
duvet set cotton,90500,1.86,,2,"brooklinen.com,pigletinbed.com",,cotton / duvet,build new collection,collection,/collections/cotton-duvet,Cotton Duvet
duvet sets cotton,90500,1.86,,2,"brooklinen.com,pigletinbed.com",,cotton / duvet,build new collection,collection,/collections/cotton-duvet,Cotton Duvet
cotton duvet cover,90500,1.86,3,3,"brooklinen.com,parachutehome.com,pigletinbed.com",,cotton / duvet cover,build new collection,collection,/collections/cotton-duvet-cover,Cotton Duvet Cover
towel,90500,2.04,,3,"expansion,parachutehome.com,pigletinbed.com",,towel,optimize existing,collection,/collections/bath,Bath
duvet cotton covers,90500,1.86,3,1,expansion,,cotton / duvet,build new collection,collection,/collections/cotton-duvet,Cotton Duvet
linen,90500,2.65,21,1,parachutehome.com,,linen,build new collection,collection,/collections/linen-collection,Linen Collection
bedding size queen,90500,2.33,,1,expansion,,bedding size guide,build guide/blog page,guide/blog,/pages/bedding-size-guide,Bedding Size Guide
queen beds bedding,90500,2.7,,1,expansion,,queen / bedding,build new collection,collection,/collections/queen-bedding,Queen Bedding
squishmallow pillow,90500,0.43,,1,expansion,,pillow,optimize existing,collection,/collections/pillows,Pillows
quilt and fabric,90500,0.77,9,1,expansion,,quilt,optimize existing,collection,/collections/blankets-quilts,Blankets + Quilts
quilt fabrics,90500,0.77,,1,expansion,,quilt,optimize existing,collection,/collections/blankets-quilts,Blankets + Quilts
quilt cloth,90500,0.77,3,1,expansion,,quilt,optimize existing,collection,/collections/blankets-quilts,Blankets + Quilts
quilt fabric material,90500,0.77,,1,expansion,,quilt,optimize existing,collection,/collections/blankets-quilts,Blankets + Quilts
quilt material,90500,0.77,4,1,expansion,,quilt,optimize existing,collection,/collections/blankets-quilts,Blankets + Quilts
fabric-quilt,90500,0.77,,1,expansion,,quilt,optimize existing,collection,/collections/blankets-quilts,Blankets + Quilts
quilt materials,90500,0.77,8,1,expansion,,quilt,optimize existing,collection,/collections/blankets-quilts,Blankets + Quilts
fabric for quilt making,90500,0.77,8,1,expansion,,quilt,optimize existing,collection,/collections/blankets-quilts,Blankets + Quilts
cloth for quilts,90500,0.77,,1,expansion,,quilt,optimize existing,collection,/collections/blankets-quilts,Blankets + Quilts
fabrics for quilts,90500,0.77,,1,expansion,,quilt,optimize existing,collection,/collections/blankets-quilts,Blankets + Quilts
fabric quilts,90500,0.77,3,1,expansion,,quilt,optimize existing,collection,/collections/blankets-quilts,Blankets + Quilts
cotton covered duvets,90500,1.86,3,1,expansion,,cotton / duvet,build new collection,collection,/collections/cotton-duvet,Cotton Duvet
cloud towels,90500,0.22,,1,expansion,,towel,optimize existing,collection,/collections/bath,Bath
sand towels,90500,0.22,,1,expansion,,towel,optimize existing,collection,/collections/bath,Bath
platform bedding,90500,2.53,1,1,expansion,,bedding,optimize existing,collection,/collections/bedding,Bedding
queens bedding,90500,2.7,,1,expansion,,bedding,optimize existing,collection,/collections/bedding,Bedding
sleep number bedding,90500,6.85,11,1,expansion,,bedding,optimize existing,collection,/collections/bedding,Bedding
platform beds bedding,90500,2.53,,1,expansion,,bedding,optimize existing,collection,/collections/bedding,Bedding
luxury bed comforters,74000,5.18,,2,"brooklinen.com,latestbedding.com",,luxury / comforter,build new collection,collection,/collections/luxury-comforter,Luxury Comforter
luxury bedroom comforters,74000,5.18,,2,"brooklinen.com,latestbedding.com",,luxury / comforter,build new collection,collection,/collections/luxury-comforter,Luxury Comforter
luxury bedroom comforter,74000,5.18,,2,"brooklinen.com,latestbedding.com",,luxury / comforter,build new collection,collection,/collections/luxury-comforter,Luxury Comforter
luxury bedding,74000,5.18,,1,brooklinen.com,,luxury / bedding,build new collection,collection,/collections/luxury-bedding,Luxury Bedding
bedding furniture,74000,2.55,12,1,brooklinen.com,,bedding,optimize existing,collection,/collections/bedding,Bedding
blankets and throws,74000,1.23,23,1,brooklinen.com,,throw,optimize existing,collection,/collections/throws,Throws
throw and blankets,74000,1.23,1,2,"brooklinen.com,potterybarn.com",,throw,optimize existing,collection,/collections/throws,Throws
blanket and throws,74000,1.23,7,1,potterybarn.com,,throw,optimize existing,collection,/collections/throws,Throws
body pillows,74000,0.98,,1,tempurpedic.com,,pillow,optimize existing,collection,/collections/pillows,Pillows
twin bedding measurements,74000,1.16,,3,"expansion,parachutehome.com,pigletinbed.com",,bedding size guide,build guide/blog page,guide/blog,/pages/bedding-size-guide,Bedding Size Guide
body pillow,74000,0.98,,1,parachutehome.com,,pillow,optimize existing,collection,/collections/pillows,Pillows
pillow pets,74000,0.46,4,1,expansion,,pillow,optimize existing,collection,/collections/pillows,Pillows
luxury bed comforter,74000,5.18,,1,expansion,,luxury / comforter,build new collection,collection,/collections/luxury-comforter,Luxury Comforter
throw blankets blanket,74000,1.23,,1,expansion,,throw,optimize existing,collection,/collections/throws,Throws
twin bedding dimensions,74000,1.16,,1,expansion,,bedding size guide,build guide/blog page,guide/blog,/pages/bedding-size-guide,Bedding Size Guide
canopy bedding,74000,1.33,,1,expansion,,bedding,optimize existing,collection,/collections/bedding,Bedding
bedding jet,74000,0.74,7,1,expansion,,bedding,optimize existing,collection,/collections/bedding,Bedding
upscale bedding,74000,5.18,18,1,expansion,,bedding,optimize existing,collection,/collections/bedding,Bedding
linens sheets,60500,4.25,,2,"brooklinen.com,pigletinbed.com",,sheets,optimize existing,collection,/collections/sheets,Sheets
linen for bed sheets,60500,4.25,,2,"brooklinen.com,pigletinbed.com",,linen / sheets,optimize existing,collection,/collections/linacel-collection,European Flax Linacel™
pillowcase silk,60500,5.46,,2,"brooklinen.com,parachutehome.com",,silk / pillowcase,build new collection,collection,/collections/silk-pillowcase,Silk Pillowcase
linen sheets,60500,4.25,,2,"brooklinen.com,pigletinbed.com",,linen / sheets,optimize existing,collection,/collections/linacel-collection,European Flax Linacel™
bath rug,60500,1.1,,2,"brooklinen.com,parachutehome.com",,rug,optimize existing,collection,/collections/rugs,Rugs
bath rugs,60500,1.1,,1,brooklinen.com,,rug,optimize existing,collection,/collections/rugs,Rugs
bath rugs for bathroom,60500,1.1,,1,brooklinen.com,,rug,optimize existing,collection,/collections/rugs,Rugs
bathroom carpet rugs,60500,1.1,,2,"brooklinen.com,potterybarn.com",,rug,optimize existing,collection,/collections/rugs,Rugs
bathroom rug,60500,1.1,,1,brooklinen.com,,rug,optimize existing,collection,/collections/rugs,Rugs
bathroom rugs,60500,1.1,1,1,brooklinen.com,,rug,optimize existing,collection,/collections/rugs,Rugs
comforter set,60500,1.12,2,2,"brooklinen.com,potterybarn.com",,comforter,optimize existing,collection,/collections/comforters,Comforters
comforter sets,60500,1.12,,2,"brooklinen.com,latestbedding.com",,comforter,optimize existing,collection,/collections/comforters,Comforters
comforters and sets,60500,1.12,,1,brooklinen.com,,comforter,optimize existing,collection,/collections/comforters,Comforters
pillow and throws,60500,1.16,,2,"parachutehome.com,potterybarn.com",,throw,optimize existing,collection,/collections/throws,Throws
throws and pillows,60500,1.16,,1,potterybarn.com,,throw,optimize existing,collection,/collections/throws,Throws
side sleeper pillow,60500,2.15,,2,"expansion,tempurpedic.com",,pillow,optimize existing,collection,/collections/pillows,Pillows
best sleeping pillow for side sleepers,60500,3.11,1,1,tempurpedic.com,,pillow,optimize existing,collection,/collections/pillows,Pillows
side sleeping pillow,60500,2.15,,1,tempurpedic.com,,pillow,optimize existing,collection,/collections/pillows,Pillows
good pillows for side sleepers,60500,3.11,3,1,tempurpedic.com,,pillow,optimize existing,collection,/collections/pillows,Pillows
pillow throw pillows,60500,1.16,,1,parachutehome.com,,throw,optimize existing,collection,/collections/throws,Throws
wedge pillow,60500,1.07,5,1,expansion,,pillow,optimize existing,collection,/collections/pillows,Pillows
best pillow for side sleepers,60500,3.11,4,1,expansion,,pillow,optimize existing,collection,/collections/pillows,Pillows
nuzzle pillow,60500,1.76,,1,expansion,,pillow,optimize existing,collection,/collections/pillows,Pillows
u shaped pregnancy pillow,60500,1.19,4,1,expansion,,pillow,optimize existing,collection,/collections/pillows,Pillows
miracle sheets,60500,4.53,1,1,expansion,,sheets,optimize existing,collection,/collections/sheets,Sheets
comforter sheets,60500,1.12,17,1,expansion,,sheets,optimize existing,collection,/collections/sheets,Sheets
bedding sizes chart,60500,0.85,5,1,expansion,,bedding size guide,build guide/blog page,guide/blog,/pages/bedding-size-guide,Bedding Size Guide
bedding size charts,60500,0.85,5,1,expansion,,bedding size guide,build guide/blog page,guide/blog,/pages/bedding-size-guide,Bedding Size Guide
beddings bedding,60500,3.32,9,1,expansion,,bedding,optimize existing,collection,/collections/bedding,Bedding
bedding sizing chart,60500,0.85,5,1,expansion,,bedding size guide,build guide/blog page,guide/blog,/pages/bedding-size-guide,Bedding Size Guide
king bedding dimensions,60500,2.16,,1,expansion,,bedding size guide,build guide/blog page,guide/blog,/pages/bedding-size-guide,Bedding Size Guide
king bedding measurements,60500,2.16,13,1,expansion,,bedding size guide,build guide/blog page,guide/blog,/pages/bedding-size-guide,Bedding Size Guide
bedclothes bedding,60500,3.32,22,1,expansion,,bedding,optimize existing,collection,/collections/bedding,Bedding
bedding measurement chart,60500,0.85,6,1,expansion,,bedding size guide,build guide/blog page,guide/blog,/pages/bedding-size-guide,Bedding Size Guide
bath and towel,49500,1.62,6,1,brooklinen.com,,towel,optimize existing,collection,/collections/bath,Bath
bathroom towels,49500,1.62,3,1,brooklinen.com,,towel,optimize existing,collection,/collections/bath,Bath
bath towels,49500,1.62,6,2,"brooklinen.com,parachutehome.com",,towel,optimize existing,collection,/collections/bath,Bath
beach towels,49500,1.27,,1,brooklinen.com,,beach towel,build new collection,collection,/collections/beach-towels,Beach Towel
down comforter,49500,4.98,,1,brooklinen.com,,comforter,optimize existing,collection,/collections/comforters,Comforters
comforter goose down,49500,4.98,,1,brooklinen.com,,comforter,optimize existing,collection,/collections/comforters,Comforters
bathtub towel,49500,1.62,3,2,"brooklinen.com,potterybarn.com",,towel,optimize existing,collection,/collections/bath,Bath
down and feather comforter,49500,4.98,,1,expansion,,comforter,optimize existing,collection,/collections/comforters,Comforters
down and feather comforters,49500,4.98,,1,brooklinen.com,,comforter,optimize existing,collection,/collections/comforters,Comforters
comforters goose down,49500,4.98,,1,brooklinen.com,,comforter,optimize existing,collection,/collections/comforters,Comforters
throw,49500,1.3,18,1,brooklinen.com,,throw,optimize existing,collection,/collections/throws,Throws
throws,49500,1.3,23,2,"brooklinen.com,potterybarn.com",,throw,optimize existing,collection,/collections/throws,Throws
pillow for neck,49500,1.32,8,1,tempurpedic.com,,pillow,optimize existing,collection,/collections/pillows,Pillows
neck ache pillow,49500,2.48,12,1,tempurpedic.com,,pillow,optimize existing,collection,/collections/pillows,Pillows
pillow for neck pain,49500,2.48,16,2,"expansion,tempurpedic.com",,pillow,optimize existing,collection,/collections/pillows,Pillows
pillows for cervical pain,49500,2.48,8,1,tempurpedic.com,,pillow,optimize existing,collection,/collections/pillows,Pillows
pillows for neck pain,49500,2.48,16,1,tempurpedic.com,,pillow,optimize existing,collection,/collections/pillows,Pillows
pillows neck,49500,1.32,17,1,tempurpedic.com,,pillow,optimize existing,collection,/collections/pillows,Pillows
sore neck pillow,49500,2.48,8,1,tempurpedic.com,,pillow,optimize existing,collection,/collections/pillows,Pillows
cervical pain pillow,49500,2.48,,1,tempurpedic.com,,pillow,optimize existing,collection,/collections/pillows,Pillows
neck problem pillow,49500,2.48,18,1,tempurpedic.com,,pillow,optimize existing,collection,/collections/pillows,Pillows
pillow for neck problems,49500,2.48,12,1,tempurpedic.com,,pillow,optimize existing,collection,/collections/pillows,Pillows
neckline pillow,49500,1.32,9,1,tempurpedic.com,,pillow,optimize existing,collection,/collections/pillows,Pillows
memory foam pillow,49500,1.76,,1,tempurpedic.com,,pillow,optimize existing,collection,/collections/pillows,Pillows
egyptian cotton sheets,49500,2.94,2,2,"expansion,tempurpedic.com",,cotton / sheets,build new collection,collection,/collections/cotton-sheets,Cotton Sheets
pillows for cervical neck pain,49500,2.48,5,1,tempurpedic.com,,pillow,optimize existing,collection,/collections/pillows,Pillows
boppy pillow,49500,0.38,,1,expansion,,pillow,optimize existing,collection,/collections/pillows,Pillows
coop pillow,49500,1.27,,1,expansion,,pillow,optimize existing,collection,/collections/pillows,Pillows
derila ergo pillow,49500,2.88,,1,expansion,,pillow,optimize existing,collection,/collections/pillows,Pillows
crochet blanket pattern,49500,0.51,,1,expansion,,blanket,optimize existing,collection,/collections/blankets,Blankets
cursive alphabet practice sheets,49500,0.27,4,1,expansion,,sheets,optimize existing,collection,/collections/sheets,Sheets
picnic blanket,49500,0.55,,1,expansion,,blanket,optimize existing,collection,/collections/blankets,Blankets
pendleton blanket,49500,0.75,1,1,expansion,,blanket,optimize existing,collection,/collections/blankets,Blankets
minky couture blanket,49500,0.76,9,1,expansion,,blanket,optimize existing,collection,/collections/blankets,Blankets
bamboo sheets,49500,6.09,2,1,expansion,,bamboo / sheets,optimize existing,collection,/collections/premium-bamboo-sheets,Premium Lumière Sheets
quilt patterns,49500,0.45,21,1,expansion,,quilt,optimize existing,collection,/collections/blankets-quilts,Blankets + Quilts
ugg blanket,49500,0.83,,1,expansion,,blanket,optimize existing,collection,/collections/blankets,Blankets
pattern quilt,49500,0.45,21,1,expansion,,quilt,optimize existing,collection,/collections/blankets-quilts,Blankets + Quilts
quilt patterns quilts,49500,0.45,,1,expansion,,quilt,optimize existing,collection,/collections/blankets-quilts,Blankets + Quilts
quilt patterned,49500,0.45,21,1,expansion,,quilt,optimize existing,collection,/collections/blankets-quilts,Blankets + Quilts
quilt quilting patterns,49500,0.45,6,1,expansion,,quilt,optimize existing,collection,/collections/blankets-quilts,Blankets + Quilts
pattern for quilts,49500,0.45,36,1,expansion,,quilt,optimize existing,collection,/collections/blankets-quilts,Blankets + Quilts
patterns for quilts,49500,0.45,7,1,expansion,,quilt,optimize existing,collection,/collections/blankets-quilts,Blankets + Quilts
patterned quilts,49500,0.45,21,1,expansion,,quilt,optimize existing,collection,/collections/blankets-quilts,Blankets + Quilts
southern comforter,49500,0.48,,1,expansion,,comforter,optimize existing,collection,/collections/comforters,Comforters
bamboo bedding set,49500,6.09,,1,expansion,,bamboo / bedding,optimize existing,collection,/collections/premium-bamboo-bedding,Premium Bamboo Bedding
egyptian cotton bedding set,49500,2.94,,1,expansion,,cotton / bedding,build new collection,collection,/collections/cotton-bedding,Cotton Bedding
bamboo bedding sets,49500,6.09,,1,expansion,,bamboo / bedding,optimize existing,collection,/collections/premium-bamboo-bedding,Premium Bamboo Bedding
egyptian cotton bedding sets,49500,2.94,,1,expansion,,cotton / bedding,build new collection,collection,/collections/cotton-bedding,Cotton Bedding
bed sheets bamboo,49500,6.09,,1,expansion,,bamboo / sheets,optimize existing,collection,/collections/premium-bamboo-sheets,Premium Lumière Sheets
bed sheets egyptian cotton,49500,2.94,,1,expansion,,cotton / sheets,build new collection,collection,/collections/cotton-sheets,Cotton Sheets
bamboo sheet bed,49500,6.09,,1,expansion,,bamboo / sheets,optimize existing,collection,/collections/premium-bamboo-sheets,Premium Lumière Sheets
egyptian cotton bed sheet,49500,2.94,,1,expansion,,cotton / sheets,build new collection,collection,/collections/cotton-sheets,Cotton Sheets
bath towels towel,49500,1.62,6,1,expansion,,towel,optimize existing,collection,/collections/bath,Bath
bathroom bath towels,49500,1.62,12,1,expansion,,towel,optimize existing,collection,/collections/bath,Bath
microfiber towels,49500,1.28,,1,expansion,,microfiber / towel,build new collection,collection,/collections/microfiber-towel,Microfiber Towel
bathing towels,49500,1.62,6,1,expansion,,towel,optimize existing,collection,/collections/bath,Bath
microfibers towels,49500,1.28,,1,expansion,,towel,optimize existing,collection,/collections/bath,Bath
towels in bathtub,49500,1.62,3,1,expansion,,towel,optimize existing,collection,/collections/bath,Bath
bamboo linens,49500,6.09,,1,expansion,,bamboo,build new collection,collection,/collections/bamboo-collection,Bamboo Collection
bamboo sheets bedding,49500,6.09,,1,expansion,,bamboo / sheets,optimize existing,collection,/collections/premium-bamboo-sheets,Premium Lumière Sheets
hos bedding,49500,3.1,,1,expansion,,bedding,optimize existing,collection,/collections/bedding,Bedding
bedding sheets egyptian cotton,49500,2.94,,1,expansion,,cotton / sheets,build new collection,collection,/collections/cotton-sheets,Cotton Sheets
hospital bedding,49500,3.1,1,1,expansion,,bedding,optimize existing,collection,/collections/bedding,Bedding
bamboo sheet bedding,49500,6.09,,1,expansion,,bamboo / sheets,optimize existing,collection,/collections/premium-bamboo-sheets,Premium Lumière Sheets
adjustable bedding,49500,13.37,,1,expansion,,bedding,optimize existing,collection,/collections/bedding,Bedding
down bedding,49500,4.98,20,1,expansion,,bedding,optimize existing,collection,/collections/bedding,Bedding
fitted bed sheets,40500,2.18,,2,"brooklinen.com,pigletinbed.com",,sheets,optimize existing,collection,/collections/sheets,Sheets
fitted bottom sheets,40500,2.18,,2,"brooklinen.com,pigletinbed.com",,sheets,optimize existing,collection,/collections/sheets,Sheets
fitted sheets,40500,2.18,,2,"brooklinen.com,pigletinbed.com",,sheets,optimize existing,collection,/collections/sheets,Sheets
fitted sheet,40500,2.18,,3,"brooklinen.com,parachutehome.com,pigletinbed.com",,sheets,optimize existing,collection,/collections/sheets,Sheets
brooklyn bedding,40500,3.78,,1,brooklinen.com,,bedding,optimize existing,collection,/collections/bedding,Bedding
bed comforters queen,40500,0.85,,2,"brooklinen.com,latestbedding.com",,queen / comforter,build new collection,collection,/collections/queen-comforter,Queen Comforter
queen bed sets with sheets,40500,0.85,7,3,"brooklinen.com,latestbedding.com,potterybarn.com",,queen / sheets,build new collection,collection,/collections/queen-sheets,Queen Sheets
queen comforter bedroom sets,40500,0.85,2,2,"brooklinen.com,latestbedding.com",,queen / comforter,build new collection,collection,/collections/queen-comforter,Queen Comforter
bedding king set,40500,1.16,,1,expansion,,king / bedding,build new collection,collection,/collections/king-bedding,King Bedding
king comforter set,40500,1.16,,2,"brooklinen.com,latestbedding.com",,king / comforter,build new collection,collection,/collections/king-comforter,King Comforter
blanket set for queen,40500,0.85,,2,"brooklinen.com,latestbedding.com",,queen / blanket,build new collection,collection,/collections/queen-blanket,Queen Blanket
king bedspread set,40500,1.16,,1,brooklinen.com,,king / bedspread,build new collection,collection,/collections/king-bedspread,King Bedspread
queen bed comforter set,40500,0.85,,2,"brooklinen.com,latestbedding.com",,queen / comforter,build new collection,collection,/collections/queen-comforter,Queen Comforter
queen bedding set with sheets,40500,0.85,,2,"brooklinen.com,latestbedding.com",,queen / sheets,build new collection,collection,/collections/queen-sheets,Queen Sheets
queen bedding sets with sheets,40500,0.85,,1,brooklinen.com,,queen / sheets,build new collection,collection,/collections/queen-sheets,Queen Sheets
queen comforter set with sheets,40500,0.85,,2,"brooklinen.com,latestbedding.com",,queen / sheets,build new collection,collection,/collections/queen-sheets,Queen Sheets
bed sheet fitted,40500,2.18,,1,expansion,,sheets,optimize existing,collection,/collections/sheets,Sheets
queen bedding sets,40500,0.85,,2,"latestbedding.com,potterybarn.com",,queen / bedding,build new collection,collection,/collections/queen-bedding,Queen Bedding
queen bed bedding,40500,0.85,3,3,"expansion,latestbedding.com,potterybarn.com",,queen / bedding,build new collection,collection,/collections/queen-bedding,Queen Bedding
queen bed bedding set,40500,0.85,2,1,expansion,,queen / bedding,build new collection,collection,/collections/queen-bedding,Queen Bedding
bedding king sets,40500,1.16,,1,latestbedding.com,,king / bedding,build new collection,collection,/collections/king-bedding,King Bedding
bed comforter set king,40500,1.16,2,1,latestbedding.com,,king / comforter,build new collection,collection,/collections/king-comforter,King Comforter
bed comforters queen sets,40500,0.85,,1,latestbedding.com,,queen / comforter,build new collection,collection,/collections/queen-comforter,Queen Comforter
queen bedroom comforter set,40500,0.85,2,2,"expansion,latestbedding.com",,queen / comforter,build new collection,collection,/collections/queen-comforter,Queen Comforter
queen comforter sets,40500,0.85,2,2,"expansion,latestbedding.com",,queen / comforter,build new collection,collection,/collections/queen-comforter,Queen Comforter
comforter bedding sets king,40500,1.16,,1,latestbedding.com,,king / comforter,build new collection,collection,/collections/king-comforter,King Comforter
bedroom comforters queen,40500,0.85,,1,latestbedding.com,,queen / comforter,build new collection,collection,/collections/queen-comforter,Queen Comforter
bedroom comforter set king,40500,1.16,,2,"expansion,latestbedding.com",,king / comforter,build new collection,collection,/collections/king-comforter,King Comforter
comforter sets queen with sheets,40500,0.85,,2,"expansion,latestbedding.com",,queen / sheets,build new collection,collection,/collections/queen-sheets,Queen Sheets
king comforter sets,40500,1.16,,2,"expansion,latestbedding.com",,king / comforter,build new collection,collection,/collections/king-comforter,King Comforter
queen blanket sets,40500,0.85,,1,latestbedding.com,,queen / blanket,build new collection,collection,/collections/queen-blanket,Queen Blanket
bedroom comforter queen,40500,0.85,,2,"expansion,latestbedding.com",,queen / comforter,build new collection,collection,/collections/queen-comforter,Queen Comforter
queen bedding sets with comforter,40500,0.85,,1,expansion,,queen / comforter,build new collection,collection,/collections/queen-comforter,Queen Comforter
set comforter queen,40500,0.85,2,1,expansion,,queen / comforter,build new collection,collection,/collections/queen-comforter,Queen Comforter
comforter sheet sets queen,40500,0.85,2,1,expansion,,queen / sheets,build new collection,collection,/collections/queen-sheets,Queen Sheets
bedspread sets queen,40500,0.85,,1,latestbedding.com,,queen / bedspread,build new collection,collection,/collections/queen-bedspread,Queen Bedspread
king bed bedding set,40500,1.16,,1,expansion,,king / bedding,build new collection,collection,/collections/king-bedding,King Bedding
king bed bedding sets,40500,1.16,,1,expansion,,king / bedding,build new collection,collection,/collections/king-bedding,King Bedding
queen bed sets comforter,40500,0.85,,1,expansion,,queen / comforter,build new collection,collection,/collections/queen-comforter,Queen Comforter
comforter sheet set king,40500,1.16,,1,expansion,,king / sheets,build new collection,collection,/collections/king-sheets,King Sheets
bed comforter queen,40500,0.85,,1,expansion,,queen / comforter,build new collection,collection,/collections/queen-comforter,Queen Comforter
top pillow,40500,4.11,17,1,tempurpedic.com,,pillow,optimize existing,collection,/collections/pillows,Pillows
fitting bed sheet,40500,2.18,,3,"expansion,parachutehome.com,pigletinbed.com",,sheets,optimize existing,collection,/collections/sheets,Sheets
kids bedding,40500,1.68,,2,"expansion,pigletinbed.com",,bedding,optimize existing,collection,/collections/bedding,Bedding
mellow pillow,40500,1.31,,1,expansion,,pillow,optimize existing,collection,/collections/pillows,Pillows
derila pillow,40500,2.36,,1,expansion,,pillow,optimize existing,collection,/collections/pillows,Pillows
linen dresses,40500,1.1,,1,expansion,,linen,build new collection,collection,/collections/linen-collection,Linen Collection
linen dress,40500,1.1,,1,expansion,,linen,build new collection,collection,/collections/linen-collection,Linen Collection
pa docket sheets,40500,1.46,32,1,expansion,,sheets,optimize existing,collection,/collections/sheets,Sheets
weighted blanket for anxiety,40500,2.29,21,1,expansion,,weighted blanket,optimize existing,collection,/collections/weighted-blankets,crystal weighted blankets
soft faux fur blanket,40500,3.28,4,1,expansion,,faux fur / blanket,build new collection,collection,/collections/faux-fur-blanket,Faux Fur Blanket
linen shirts,40500,2.29,,1,expansion,,linen,build new collection,collection,/collections/linen-collection,Linen Collection
minky blanket,40500,1.11,,1,expansion,,blanket,optimize existing,collection,/collections/blankets,Blankets
king bed comforter sets,40500,1.16,,1,expansion,,king / comforter,build new collection,collection,/collections/king-comforter,King Comforter
comforter sheet set queen,40500,0.85,2,1,expansion,,queen / sheets,build new collection,collection,/collections/queen-sheets,Queen Sheets
bedding comforter set king,40500,1.16,,1,expansion,,king / comforter,build new collection,collection,/collections/king-comforter,King Comforter
comforter bedding set queen,40500,0.85,,1,expansion,,queen / comforter,build new collection,collection,/collections/queen-comforter,Queen Comforter
queen bed sheets comforter,40500,0.85,,1,expansion,,queen / sheets,build new collection,collection,/collections/queen-sheets,Queen Sheets
queen set bedding,40500,0.85,,1,expansion,,queen / bedding,build new collection,collection,/collections/queen-bedding,Queen Bedding
king bedding set with sheets,40500,1.16,2,1,expansion,,king / sheets,build new collection,collection,/collections/king-sheets,King Sheets
queen bedding sets comforters,40500,0.85,,1,expansion,,queen / comforter,build new collection,collection,/collections/queen-comforter,Queen Comforter
king bedding comforters & sets,40500,1.16,,1,expansion,,king / comforter,build new collection,collection,/collections/king-comforter,King Comforter
king bedroom bedding sets,40500,1.16,,1,expansion,,king / bedding,build new collection,collection,/collections/king-bedding,King Bedding
queen bedroom bedding sets,40500,0.85,,1,expansion,,queen / bedding,build new collection,collection,/collections/queen-bedding,Queen Bedding
queen bed set with sheets,40500,0.85,,1,expansion,,queen / sheets,build new collection,collection,/collections/queen-sheets,Queen Sheets
table linens factory,40500,2.26,,1,expansion,,general bedding,build new collection,collection,/collections/bedding,Bedding
cloth table linens,40500,2.85,,1,expansion,,general bedding,build new collection,collection,/collections/bedding,Bedding
bedding for cat,40500,0.95,5,1,expansion,,bedding,optimize existing,collection,/collections/bedding,Bedding
bedding ensembles queen,40500,0.85,,1,expansion,,queen / bedding,build new collection,collection,/collections/queen-bedding,Queen Bedding
brooklyn's bedding,40500,3.78,,1,expansion,,bedding,optimize existing,collection,/collections/bedding,Bedding
bedding for cats,40500,0.95,5,1,expansion,,bedding,optimize existing,collection,/collections/bedding,Bedding
queen bedroom bedding,40500,0.85,,1,expansion,,queen / bedding,build new collection,collection,/collections/queen-bedding,Queen Bedding
tanning bedding,40500,2.84,9,1,expansion,,bedding,optimize existing,collection,/collections/bedding,Bedding
water bedding,40500,0.48,5,1,expansion,,bedding,optimize existing,collection,/collections/bedding,Bedding
bedding comforters queen,40500,0.85,,1,expansion,,queen / comforter,build new collection,collection,/collections/queen-comforter,Queen Comforter
caterpillar bedding,40500,0.95,,1,expansion,,bedding,optimize existing,collection,/collections/bedding,Bedding
couch bedding,40500,0.98,5,1,expansion,,bedding,optimize existing,collection,/collections/bedding,Bedding
fitted bedding sheets,40500,2.18,,1,expansion,,sheets,optimize existing,collection,/collections/sheets,Sheets
fitted sheet bedding,40500,2.18,,1,expansion,,sheets,optimize existing,collection,/collections/sheets,Sheets
cotton percale bed sheets,33100,3.5,,2,"brooklinen.com,parachutehome.com",,percale / sheets,build new collection,collection,/collections/percale-sheets,Percale Sheets
cotton percale sheets,33100,3.5,,2,"brooklinen.com,parachutehome.com",,percale / sheets,build new collection,collection,/collections/percale-sheets,Percale Sheets
good bed sheet,33100,7.36,5,1,brooklinen.com,,sheets,optimize existing,collection,/collections/sheets,Sheets
percale bed sheets,33100,4.28,,2,"brooklinen.com,parachutehome.com",,percale / sheets,build new collection,collection,/collections/percale-sheets,Percale Sheets
percale sheet,33100,4.28,,2,"brooklinen.com,parachutehome.com",,percale / sheets,build new collection,collection,/collections/percale-sheets,Percale Sheets
percale sheets,33100,4.28,,2,"brooklinen.com,parachutehome.com",,percale / sheets,build new collection,collection,/collections/percale-sheets,Percale Sheets
cotton percale sheet,33100,3.5,,2,"brooklinen.com,parachutehome.com",,percale / sheets,build new collection,collection,/collections/percale-sheets,Percale Sheets
good bed sheets,33100,7.36,17,1,brooklinen.com,,sheets,optimize existing,collection,/collections/sheets,Sheets
cool sheets,33100,4.16,,1,brooklinen.com,,cooling / sheets,optimize existing,collection,/collections/cooling-edit-bedding,Cooling Edit Sheets
fitted sheet percale,33100,4.28,,2,"brooklinen.com,parachutehome.com",,percale / sheets,build new collection,collection,/collections/percale-sheets,Percale Sheets
bedding sheet queen,33100,1.9,26,1,brooklinen.com,,queen / sheets,build new collection,collection,/collections/queen-sheets,Queen Sheets
cotton percale fitted sheet,33100,3.5,,3,"brooklinen.com,parachutehome.com,pigletinbed.com",,percale / sheets,build new collection,collection,/collections/percale-sheets,Percale Sheets
duvet inserts,33100,3.0,,1,brooklinen.com,,duvet,optimize existing,collection,/collections/comforters-duvets,Comforters + Duvets
fitted sheets percale,33100,4.28,,2,"brooklinen.com,parachutehome.com",,percale / sheets,build new collection,collection,/collections/percale-sheets,Percale Sheets
bath robe,33100,1.72,,2,"brooklinen.com,parachutehome.com",,bath robe,optimize existing,collection,/collections/bath-robes,Bath Robes
coolest sheets,33100,4.14,11,1,brooklinen.com,,cooling / sheets,optimize existing,collection,/collections/cooling-edit-bedding,Cooling Edit Sheets
bedding bath,33100,0.8,33,1,expansion,,bath,optimize existing,collection,/collections/bath,Bath
duvet insert,33100,3.0,,2,"brooklinen.com,parachutehome.com",,duvet,optimize existing,collection,/collections/comforters-duvets,Comforters + Duvets
bed sheets queen,33100,1.9,,1,expansion,,queen / sheets,build new collection,collection,/collections/queen-sheets,Queen Sheets
cooling bedding sheets,33100,4.16,,1,brooklinen.com,,cooling / sheets,optimize existing,collection,/collections/cooling-edit-bedding,Cooling Edit Sheets
bedding sets for queen bed,33100,1.9,2,2,"latestbedding.com,potterybarn.com",,queen / bedding,build new collection,collection,/collections/queen-bedding,Queen Bedding
good bedding sets,33100,7.36,6,2,"latestbedding.com,potterybarn.com",,bedding,optimize existing,collection,/collections/bedding,Bedding
decorative bedding ideas,33100,0.98,11,2,"expansion,potterybarn.com",,bedding,optimize existing,collection,/collections/bedding,Bedding
ideas for bedding decor,33100,0.98,3,1,potterybarn.com,,bedding,optimize existing,collection,/collections/bedding,Bedding
comforter set cotton,33100,1.52,,3,"expansion,latestbedding.com,pigletinbed.com",,cotton / comforter,build new collection,collection,/collections/cotton-comforter,Cotton Comforter
good pillow for neck problems,33100,2.89,20,1,tempurpedic.com,,pillow,optimize existing,collection,/collections/pillows,Pillows
supportive pillow for neck pain,33100,1.69,10,2,"expansion,tempurpedic.com",,pillow,optimize existing,collection,/collections/pillows,Pillows
better pillow for neck pain,33100,2.89,12,1,tempurpedic.com,,pillow,optimize existing,collection,/collections/pillows,Pillows
good pillows for neck problems,33100,2.89,17,1,tempurpedic.com,,pillow,optimize existing,collection,/collections/pillows,Pillows
pillow recommendations for neck pain,33100,2.89,16,1,tempurpedic.com,,pillow,optimize existing,collection,/collections/pillows,Pillows
pillows cervical,33100,1.71,4,1,tempurpedic.com,,pillow,optimize existing,collection,/collections/pillows,Pillows
cervical pillow,33100,1.71,3,2,"expansion,tempurpedic.com",,pillow,optimize existing,collection,/collections/pillows,Pillows
pillows recommended for neck pain,33100,2.89,13,1,tempurpedic.com,,pillow,optimize existing,collection,/collections/pillows,Pillows
recommended pillow for neck pain,33100,2.89,20,1,tempurpedic.com,,pillow,optimize existing,collection,/collections/pillows,Pillows
best pillow for neck stiffness,33100,2.89,9,1,tempurpedic.com,,pillow,optimize existing,collection,/collections/pillows,Pillows
best pillow for cervical neck pain,33100,2.89,4,1,tempurpedic.com,,pillow,optimize existing,collection,/collections/pillows,Pillows
cooling fitted sheets,33100,4.16,,1,tempurpedic.com,,cooling / sheets,optimize existing,collection,/collections/cooling-edit-bedding,Cooling Edit Sheets
bed linen sets cotton,33100,1.52,1,1,pigletinbed.com,,linen,build new collection,collection,/collections/linen-collection,Linen Collection
cotton bed linen set,33100,1.52,,1,pigletinbed.com,,linen,build new collection,collection,/collections/linen-collection,Linen Collection
cotton bed sheets,33100,1.52,8,2,"expansion,pigletinbed.com",,cotton / sheets,build new collection,collection,/collections/cotton-sheets,Cotton Sheets
cotton bedding set,33100,1.52,3,2,"expansion,pigletinbed.com",,cotton / bedding,build new collection,collection,/collections/cotton-bedding,Cotton Bedding
cotton bedspread sets,33100,1.52,,1,pigletinbed.com,,cotton / bedspread,build new collection,collection,/collections/cotton-bedspread,Cotton Bedspread
cotton bedspread set,33100,1.52,,1,pigletinbed.com,,cotton / bedspread,build new collection,collection,/collections/cotton-bedspread,Cotton Bedspread
wool blanket,33100,1.29,,1,pigletinbed.com,,blanket,optimize existing,collection,/collections/blankets,Blankets
quarter sheets,33100,1.65,7,1,expansion,,sheets,optimize existing,collection,/collections/sheets,Sheets
linen clothing,33100,1.61,,1,expansion,,linen,build new collection,collection,/collections/linen-collection,Linen Collection
newborn blanket crochet pattern,33100,0.32,,1,expansion,,blanket,optimize existing,collection,/collections/blankets,Blankets
crochet newborn blanket patterns,33100,0.32,1,1,expansion,,blanket,optimize existing,collection,/collections/blankets,Blankets
barefoot dreams blanket,33100,1.24,6,1,expansion,,blanket,optimize existing,collection,/collections/blankets,Blankets
blanket hoodie,33100,1.34,,1,expansion,,blanket,optimize existing,collection,/collections/blankets,Blankets
jacket quilt,33100,0.76,,1,expansion,,quilt,optimize existing,collection,/collections/blankets-quilts,Blankets + Quilts
quilt jackets,33100,0.76,,1,expansion,,quilt,optimize existing,collection,/collections/blankets-quilts,Blankets + Quilts
quilt shopee,33100,0.82,3,1,expansion,,quilt,optimize existing,collection,/collections/blankets-quilts,Blankets + Quilts
quilt coat,33100,0.76,,1,expansion,,quilt,optimize existing,collection,/collections/blankets-quilts,Blankets + Quilts
duvets inserts,33100,3.0,,1,expansion,,duvet,optimize existing,collection,/collections/comforters-duvets,Comforters + Duvets
cooling bedding set,33100,4.16,,1,expansion,,cooling / bedding,optimize existing,collection,/collections/cooling-edit-bedding-1,Cooling Edit Bedding
how to fold a bedding set,33100,0.12,9,1,expansion,,bedding size guide,build guide/blog page,guide/blog,/pages/bedding-size-guide,Bedding Size Guide
cooling bedding sets,33100,4.16,,1,expansion,,cooling / bedding,optimize existing,collection,/collections/cooling-edit-bedding-1,Cooling Edit Bedding
cotton bedding sets,33100,1.52,,1,expansion,,cotton / bedding,build new collection,collection,/collections/cotton-bedding,Cotton Bedding
coolest bedding sets,33100,4.16,5,1,expansion,,cooling / bedding,optimize existing,collection,/collections/cooling-edit-bedding-1,Cooling Edit Bedding
cool bedding sets,33100,4.16,2,1,expansion,,cooling / bedding,optimize existing,collection,/collections/cooling-edit-bedding-1,Cooling Edit Bedding
coolest bed sheets,33100,4.16,3,1,expansion,,cooling / sheets,optimize existing,collection,/collections/cooling-edit-bedding,Cooling Edit Sheets
how to fold fitted bed sheets,33100,0.12,13,1,expansion,,sheets size guide,build guide/blog page,guide/blog,/pages/sheets-size-guide,Sheets Size Guide
how to fold bed sheets,33100,0.12,24,1,expansion,,sheets size guide,build guide/blog page,guide/blog,/pages/sheets-size-guide,Sheets Size Guide
cool bed sheets,33100,4.16,,1,expansion,,cooling / sheets,optimize existing,collection,/collections/cooling-edit-bedding,Cooling Edit Sheets
better bed sheets,33100,7.36,39,1,expansion,,sheets,optimize existing,collection,/collections/sheets,Sheets
how to folding bed sheets,33100,0.12,24,1,expansion,,sheets size guide,build guide/blog page,guide/blog,/pages/sheets-size-guide,Sheets Size Guide
cooled bed sheets,33100,4.16,,1,expansion,,cooling / sheets,optimize existing,collection,/collections/cooling-edit-bedding,Cooling Edit Sheets
how to fold fitted bed sheet,33100,0.12,13,1,expansion,,sheets size guide,build guide/blog page,guide/blog,/pages/sheets-size-guide,Sheets Size Guide
bed sheet cooler,33100,4.16,2,1,expansion,,cooling / sheets,optimize existing,collection,/collections/cooling-edit-bedding,Cooling Edit Sheets
cooling bed sheet,33100,4.16,,1,expansion,,cooling / sheets,optimize existing,collection,/collections/cooling-edit-bedding,Cooling Edit Sheets
bed sheet cotton,33100,1.52,20,1,expansion,,cotton / sheets,build new collection,collection,/collections/cotton-sheets,Cotton Sheets
bed sheet queen,33100,1.9,6,1,expansion,,queen / sheets,build new collection,collection,/collections/queen-sheets,Queen Sheets
how to fold a bed sheet,33100,0.12,24,1,expansion,,sheets size guide,build guide/blog page,guide/blog,/pages/sheets-size-guide,Sheets Size Guide
percale bed sheet,33100,4.28,,1,expansion,,percale / sheets,build new collection,collection,/collections/percale-sheets,Percale Sheets
geometry towels,33100,0.51,,1,expansion,,towel,optimize existing,collection,/collections/bath,Bath
geometric towels,33100,0.51,,1,expansion,,towel,optimize existing,collection,/collections/bath,Bath
linens clothes,33100,1.61,,1,expansion,,general bedding,build new collection,collection,/collections/bedding,Bedding
c v linens,33100,3.94,12,1,expansion,,general bedding,build new collection,collection,/collections/bedding,Bedding
linens clothing,33100,1.61,,1,expansion,,general bedding,build new collection,collection,/collections/bedding,Bedding
jelly bedding,33100,0.61,,1,expansion,,bedding,optimize existing,collection,/collections/bedding,Bedding
bedding rails,33100,0.55,,1,expansion,,bedding,optimize existing,collection,/collections/bedding,Bedding
bedding sheets queen,33100,1.9,8,1,expansion,,queen / sheets,build new collection,collection,/collections/queen-sheets,Queen Sheets
railway bedding,33100,0.55,,1,expansion,,bedding,optimize existing,collection,/collections/bedding,Bedding
thuma bedding,33100,4.48,,1,expansion,,bedding,optimize existing,collection,/collections/bedding,Bedding
decorating bedding ideas,33100,0.98,11,1,expansion,,bedding,optimize existing,collection,/collections/bedding,Bedding
cool bedding sheets,33100,4.16,,1,expansion,,cooling / sheets,optimize existing,collection,/collections/cooling-edit-bedding,Cooling Edit Sheets
cotton bedding sheets,33100,1.52,20,1,expansion,,cotton / sheets,build new collection,collection,/collections/cotton-sheets,Cotton Sheets
flannel sheets bed,27100,1.63,,1,brooklinen.com,,flannel / sheets,build new collection,collection,/collections/flannel-sheets,Flannel Sheets
down pillow,27100,4.45,,1,brooklinen.com,,pillow,optimize existing,collection,/collections/pillows,Pillows
silk sheet,27100,3.26,,1,brooklinen.com,,silk / sheets,build new collection,collection,/collections/silk-sheets,Silk Sheets
flannel sheet,27100,1.63,,1,brooklinen.com,,flannel / sheets,build new collection,collection,/collections/flannel-sheets,Flannel Sheets
flannel sheets,27100,1.63,,1,brooklinen.com,,flannel / sheets,build new collection,collection,/collections/flannel-sheets,Flannel Sheets
flannelette sheet,27100,1.63,,1,brooklinen.com,,sheets,optimize existing,collection,/collections/sheets,Sheets
what duvet covers,27100,1.07,,2,"brooklinen.com,parachutehome.com",113,duvet cover,optimize existing,collection,/collections/duvet-covers,Duvet Covers
outdoor pillows,27100,1.64,,1,potterybarn.com,,pillow,optimize existing,collection,/collections/pillows,Pillows
faux fur throws,27100,2.45,,1,potterybarn.com,,faux fur / throw,optimize existing,collection,/collections/faux-fur,Faux Fur
fake fur throws,27100,2.45,,1,potterybarn.com,,faux fur / throw,optimize existing,collection,/collections/faux-fur,Faux Fur
cooling pillow,27100,1.73,,2,"expansion,tempurpedic.com",,cooling / pillow,build new collection,collection,/collections/cooling-pillow,Cooling Pillow
pillow cooler,27100,1.73,,1,tempurpedic.com,,cooling / pillow,build new collection,collection,/collections/cooling-pillow,Cooling Pillow
back sleep pillows,27100,1.76,,1,tempurpedic.com,,pillow,optimize existing,collection,/collections/pillows,Pillows
pillows with cooling,27100,1.73,1,1,tempurpedic.com,,cooling / pillow,build new collection,collection,/collections/cooling-pillow,Cooling Pillow
travel pillow,27100,1.14,20,2,"expansion,tempurpedic.com",,pillow,optimize existing,collection,/collections/pillows,Pillows
ergonomic pillow,27100,2.06,9,2,"expansion,tempurpedic.com",,pillow,optimize existing,collection,/collections/pillows,Pillows
pillows that are cool,27100,1.73,,1,tempurpedic.com,,cooling / pillow,build new collection,collection,/collections/cooling-pillow,Cooling Pillow
travel neck pillow,27100,0.97,7,2,"expansion,tempurpedic.com",,pillow,optimize existing,collection,/collections/pillows,Pillows
bed skirt,27100,0.97,,1,pigletinbed.com,,general bedding,build new collection,collection,/collections/bedding,Bedding
cotton sheets,27100,2.17,1,2,"expansion,pigletinbed.com",,cotton / sheets,build new collection,collection,/collections/cotton-sheets,Cotton Sheets
cotton sheet,27100,2.17,8,1,parachutehome.com,,cotton / sheets,build new collection,collection,/collections/cotton-sheets,Cotton Sheets
what is a duvet,27100,0.97,,1,parachutehome.com,,duvet,optimize existing,collection,/collections/comforters-duvets,Comforters + Duvets
what is a duvet cover,27100,1.07,,1,parachutehome.com,,duvet cover,optimize existing,collection,/collections/duvet-covers,Duvet Covers
duvet cover what is it,27100,1.07,,1,parachutehome.com,,duvet cover,optimize existing,collection,/collections/duvet-covers,Duvet Covers
duvet insert down,27100,5.18,,1,parachutehome.com,,duvet,optimize existing,collection,/collections/comforters-duvets,Comforters + Duvets
nursing pillow,27100,0.55,1,1,expansion,,pillow,optimize existing,collection,/collections/pillows,Pillows
body pillow for snoring,27100,1.06,2,1,expansion,,pillow,optimize existing,collection,/collections/pillows,Pillows
back sleeper pillow,27100,1.76,,1,expansion,,pillow,optimize existing,collection,/collections/pillows,Pillows
duvet vs comforter,27100,2.34,,1,expansion,,duvet,optimize existing,collection,/collections/comforters-duvets,Comforters + Duvets
comfort blanket,27100,1.6,,1,expansion,,blanket,optimize existing,collection,/collections/blankets,Blankets
ultra plush blanket,27100,2.22,,1,expansion,,blanket,optimize existing,collection,/collections/blankets,Blankets
crochet blanket,27100,0.56,,1,expansion,,blanket,optimize existing,collection,/collections/blankets,Blankets
what's duvet covers,27100,1.07,,1,expansion,,duvet cover,optimize existing,collection,/collections/duvet-covers,Duvet Covers
duvet covers what is it,27100,1.07,,1,expansion,,duvet cover,optimize existing,collection,/collections/duvet-covers,Duvet Covers
what-is-a-duvet-cover,27100,1.07,,1,expansion,,duvet,optimize existing,collection,/collections/comforters-duvets,Comforters + Duvets
what is a duvet cover sheet,27100,1.07,13,1,expansion,,sheets,optimize existing,collection,/collections/sheets,Sheets
comforter or duvet,27100,2.34,,1,expansion,,duvet,optimize existing,collection,/collections/comforters-duvets,Comforters + Duvets
comforter bible verses,27100,1.28,6,1,expansion,,comforter,optimize existing,collection,/collections/comforters,Comforters
comforters or duvets,27100,2.34,,1,expansion,,duvet,optimize existing,collection,/collections/comforters-duvets,Comforters + Duvets
down duvets,27100,5.29,,1,expansion,,duvet,optimize existing,collection,/collections/comforters-duvets,Comforters + Duvets
what are duvets,27100,0.97,,1,expansion,,duvet,optimize existing,collection,/collections/comforters-duvets,Comforters + Duvets
bedding set silk,27100,3.26,,1,expansion,,silk / bedding,build new collection,collection,/collections/silk-bedding,Silk Bedding
silk bed sheets sets,27100,3.26,,1,expansion,,silk / sheets,build new collection,collection,/collections/silk-sheets,Silk Sheets
silk sheets bed,27100,3.26,,1,expansion,,silk / sheets,build new collection,collection,/collections/silk-sheets,Silk Sheets
silk bed sheet sets,27100,3.26,11,1,expansion,,silk / sheets,build new collection,collection,/collections/silk-sheets,Silk Sheets
bed sheet silk,27100,3.26,,1,expansion,,silk / sheets,build new collection,collection,/collections/silk-sheets,Silk Sheets
cool towels,27100,1.74,,1,expansion,,cooling / towel,build new collection,collection,/collections/cooling-towel,Cooling Towel
cooling towels,27100,1.74,,1,expansion,,cooling / towel,build new collection,collection,/collections/cooling-towel,Cooling Towel
bedding for floor,27100,0.98,,1,expansion,,bedding,optimize existing,collection,/collections/bedding,Bedding
organic cotton bedding set,22200,4.36,,1,brooklinen.com,,organic cotton / bedding,optimize existing,collection,/collections/organic-cotton,Organic Cotton
sham pillowcases,22200,1.33,,1,brooklinen.com,,pillowcase,optimize existing,collection,/collections/pillowcases,Pillowcases
hair silk pillowcase,22200,4.58,,1,brooklinen.com,,silk / pillowcase,build new collection,collection,/collections/silk-pillowcase,Silk Pillowcase
pillow shams,22200,1.33,,1,brooklinen.com,,sham,optimize existing,collection,/collections/shams,Shams
twin bedding sets,22200,1.13,,1,brooklinen.com,,twin / bedding,build new collection,collection,/collections/twin-bedding,Twin Bedding
king size bed sheets,22200,1.98,,1,expansion,,king / sheets,build new collection,collection,/collections/king-sheets,King Sheets
pillow sham,22200,1.33,,1,brooklinen.com,,sham,optimize existing,collection,/collections/shams,Shams
sheet set 100 cotton,22200,1.71,,1,brooklinen.com,,cotton / sheets,build new collection,collection,/collections/cotton-sheets,Cotton Sheets
sham pillowcase,22200,1.33,,1,potterybarn.com,,pillowcase,optimize existing,collection,/collections/pillowcases,Pillowcases
comforters and bedspreads king size,22200,1.76,,1,latestbedding.com,,king / comforter,build new collection,collection,/collections/king-comforter,King Comforter
comforters for king size,22200,1.76,,1,latestbedding.com,,king / comforter,build new collection,collection,/collections/king-comforter,King Comforter
king size comforter,22200,1.76,,2,"expansion,latestbedding.com",,king / comforter,build new collection,collection,/collections/king-comforter,King Comforter
100 cotton bedding set,22200,1.71,,2,"expansion,pigletinbed.com",,cotton / bedding,build new collection,collection,/collections/cotton-bedding,Cotton Bedding
100 cotton sheets,22200,1.71,,2,"expansion,pigletinbed.com",,cotton / sheets,build new collection,collection,/collections/cotton-sheets,Cotton Sheets
bed sheets 100 cotton,22200,1.71,,2,"expansion,pigletinbed.com",,cotton / sheets,build new collection,collection,/collections/cotton-sheets,Cotton Sheets
bedsheet 100 cotton,22200,1.71,,1,pigletinbed.com,,cotton / sheets,build new collection,collection,/collections/cotton-sheets,Cotton Sheets
sheet sets 100 cotton,22200,1.71,,1,pigletinbed.com,,cotton / sheets,build new collection,collection,/collections/cotton-sheets,Cotton Sheets
100 cotton bedding sheets,22200,1.71,8,1,pigletinbed.com,,cotton / sheets,build new collection,collection,/collections/cotton-sheets,Cotton Sheets
king size bed sheet,22200,1.98,,1,expansion,,king / sheets,build new collection,collection,/collections/king-sheets,King Sheets
how to clean a pillow,22200,0.08,1,1,parachutehome.com,,pillow size guide,build guide/blog page,guide/blog,/pages/pillow-size-guide,Pillow Size Guide
king size pillows,22200,1.89,,1,expansion,,king / pillow,build new collection,collection,/collections/king-pillow,King Pillow
kitchen towels,22200,1.21,7,1,expansion,,towel,optimize existing,collection,/collections/bath,Bath
lumbar pillow,22200,1.37,,1,expansion,,throw pillow,optimize existing,collection,/collections/throw-pillows,Throw Pillows
twin bed sheets,22200,1.13,,1,expansion,,twin / sheets,build new collection,collection,/collections/twin-sheets,Twin Sheets
linen suit,22200,2.55,2,1,expansion,,linen,build new collection,collection,/collections/linen-collection,Linen Collection
hermes blanket,22200,1.04,1,1,expansion,,blanket,optimize existing,collection,/collections/blankets,Blankets
fax cover sheet,22200,0.91,29,1,expansion,,sheets,optimize existing,collection,/collections/sheets,Sheets
cursive practice sheets,22200,0.49,6,1,expansion,,sheets,optimize existing,collection,/collections/sheets,Sheets
earth breeze laundry sheets,22200,1.14,,1,expansion,,sheets,optimize existing,collection,/collections/sheets,Sheets
laminating sheets,22200,0.95,,1,expansion,,sheets,optimize existing,collection,/collections/sheets,Sheets
fleece throw blanket,22200,0.9,3,1,expansion,,throw,optimize existing,collection,/collections/throws,Throws
custom blanket with picture,22200,5.28,,1,expansion,,blanket,optimize existing,collection,/collections/blankets,Blankets
linen fabric,22200,1.08,8,1,expansion,,linen,build new collection,collection,/collections/linen-collection,Linen Collection
organic cotton sheets,22200,4.36,,1,expansion,,organic cotton / sheets,build new collection,collection,/collections/organic-cotton-sheets,Organic Cotton Sheets
mens linen shirts,22200,3.02,3,1,expansion,,linen,build new collection,collection,/collections/linen-collection,Linen Collection
quilt womens jacket,22200,0.82,,1,expansion,,quilt,optimize existing,collection,/collections/blankets-quilts,Blankets + Quilts
quilt jacket women,22200,0.82,,1,expansion,,quilt,optimize existing,collection,/collections/blankets-quilts,Blankets + Quilts
quilt jackets women,22200,0.82,,1,expansion,,quilt,optimize existing,collection,/collections/blankets-quilts,Blankets + Quilts
quilt jacket women's,22200,0.82,,1,expansion,,quilt,optimize existing,collection,/collections/blankets-quilts,Blankets + Quilts
queen bedding comforter,22200,1.1,,1,expansion,,queen / comforter,build new collection,collection,/collections/queen-comforter,Queen Comforter
twin bedding set,22200,1.13,,1,expansion,,twin / bedding,build new collection,collection,/collections/twin-bedding,Twin Bedding
100 cotton bedding sets,22200,1.71,,1,expansion,,cotton / bedding,build new collection,collection,/collections/cotton-bedding,Cotton Bedding
organic cotton bedding sets,22200,4.36,,1,expansion,,organic cotton / bedding,optimize existing,collection,/collections/organic-cotton,Organic Cotton
bed sheets xl twin,22200,1.97,,1,expansion,,twin / sheets,build new collection,collection,/collections/twin-sheets,Twin Sheets
bed sheets for twin beds,22200,1.13,,1,expansion,,twin / sheets,build new collection,collection,/collections/twin-sheets,Twin Sheets
cotton organic bed sheets,22200,4.36,,1,expansion,,cotton / sheets,build new collection,collection,/collections/cotton-sheets,Cotton Sheets
bollandbranch bed sheets,22200,3.56,,1,expansion,,sheets,optimize existing,collection,/collections/sheets,Sheets
sheet twin bed,22200,1.13,,1,expansion,,twin / sheets,build new collection,collection,/collections/twin-sheets,Twin Sheets
organic cotton bed sheet,22200,4.36,,1,expansion,,organic cotton / sheets,build new collection,collection,/collections/organic-cotton-sheets,Organic Cotton Sheets
100 cotton bed sheet,22200,1.71,5,1,expansion,,cotton / sheets,build new collection,collection,/collections/cotton-sheets,Cotton Sheets
towels for golf,22200,1.63,,1,expansion,,towel,optimize existing,collection,/collections/bath,Bath
kitchen dish towels,22200,1.21,14,1,expansion,,towel,optimize existing,collection,/collections/bath,Bath
fabric linens,22200,1.08,8,1,expansion,,general bedding,build new collection,collection,/collections/bedding,Bedding
mens linens shirts,22200,3.02,3,1,expansion,,general bedding,build new collection,collection,/collections/bedding,Bedding
fleece throws and blankets,22200,0.9,,1,expansion,,throw,optimize existing,collection,/collections/throws,Throws
throw fleece blankets,22200,0.9,4,1,expansion,,throw,optimize existing,collection,/collections/throws,Throws
custom photo throw blankets,22200,5.28,,1,expansion,,throw,optimize existing,collection,/collections/throws,Throws
sheets for a california king bed,18100,2.42,,1,expansion,,california king / sheets,build new collection,collection,/collections/california-king-sheets,California King Sheets
organic cotton bed linen,18100,3.87,,1,brooklinen.com,,linen,build new collection,collection,/collections/linen-collection,Linen Collection
silk pillowcases,18100,6.13,,1,brooklinen.com,,silk / pillowcase,build new collection,collection,/collections/silk-pillowcase,Silk Pillowcase
hand towel,18100,1.23,,1,brooklinen.com,,towel,optimize existing,collection,/collections/bath,Bath
bedding and comforter,18100,1.85,11,2,"latestbedding.com,potterybarn.com",,comforter,optimize existing,collection,/collections/comforters,Comforters
bedroom comforter,18100,1.85,,2,"latestbedding.com,potterybarn.com",,comforter,optimize existing,collection,/collections/comforters,Comforters
memory foam pillow for neck pain,18100,1.74,13,1,tempurpedic.com,,pillow,optimize existing,collection,/collections/pillows,Pillows
pillow with neck support,18100,2.05,8,1,tempurpedic.com,,pillow,optimize existing,collection,/collections/pillows,Pillows
cervical support pillows,18100,2.05,3,1,tempurpedic.com,,pillow,optimize existing,collection,/collections/pillows,Pillows
neck support pillows,18100,2.05,11,1,tempurpedic.com,,pillow,optimize existing,collection,/collections/pillows,Pillows
memory foam pillows for neck pain,18100,1.74,19,1,tempurpedic.com,,pillow,optimize existing,collection,/collections/pillows,Pillows
adjustable pillow,18100,2.92,,2,"expansion,tempurpedic.com",,pillow,optimize existing,collection,/collections/pillows,Pillows
standard pillowcase dimensions,18100,1.29,,1,pigletinbed.com,,pillowcase size guide,build guide/blog page,guide/blog,/pages/pillowcase-size-guide,Pillowcase Size Guide
standard size pillowcase,18100,1.29,,1,pigletinbed.com,,pillowcase,optimize existing,collection,/collections/pillowcases,Pillowcases
standard size pillowcase measurements,18100,1.29,,1,pigletinbed.com,,pillowcase size guide,build guide/blog page,guide/blog,/pages/pillowcase-size-guide,Pillowcase Size Guide
pillowcase,18100,1.57,,2,"parachutehome.com,pigletinbed.com",,pillowcase,optimize existing,collection,/collections/pillowcases,Pillowcases
standard pillowcases sizes,18100,1.29,,1,pigletinbed.com,,pillowcase,optimize existing,collection,/collections/pillowcases,Pillowcases
pillow cases,18100,1.57,,3,"expansion,parachutehome.com,pigletinbed.com",,pillowcase,optimize existing,collection,/collections/pillowcases,Pillowcases
queen blanket size,18100,1.11,,1,parachutehome.com,,blanket size guide,build guide/blog page,guide/blog,/pages/blanket-size-guide,Blanket Size Guide
queen blankets size,18100,1.11,,1,parachutehome.com,,blanket size guide,build guide/blog page,guide/blog,/pages/blanket-size-guide,Blanket Size Guide
pillowcase pillows,18100,1.57,,1,parachutehome.com,,pillowcase,optimize existing,collection,/collections/pillowcases,Pillowcases
tea towels,18100,1.06,,1,expansion,,towel,optimize existing,collection,/collections/bath,Bath
ergonomic memory foam pillow,18100,1.2,,1,expansion,,pillow,optimize existing,collection,/collections/pillows,Pillows
mellow comforter,18100,1.15,4,1,expansion,,comforter,optimize existing,collection,/collections/comforters,Comforters
oversized king comforter,18100,1.18,,1,expansion,,king / comforter,build new collection,collection,/collections/king-comforter,King Comforter
pillow cover,18100,0.99,,1,expansion,,pillow,optimize existing,collection,/collections/pillows,Pillows
buckwheat pillow,18100,1.99,,1,expansion,,pillow,optimize existing,collection,/collections/pillows,Pillows
