target_page_title,target_url,sc_product_line,recommended_action,target_page_type,keyword_count,head_keyword_volume,total_search_volume,expected_traffic_pos3,avg_keyword_difficulty,winnability,priority_score,example_keywords
Sheets,/collections/sheets,"— (category page, all fabrics)",optimize existing,collection,465,2240000,5410140,541014,13,high,470682,sheets | bedding sheet | bed sheets | bed sheet | miracle sheets | linens sheets | comforter sheets | cursive alphabet practice sheets | pa docket sheets | fitting bed sheet
Pillows,/collections/pillows,"— (category page, all fabrics)",optimize existing,collection,658,165000,5031170,503117,9,high,457836,pillows | pillow | pregnancy pillow | squishmallow pillow | pillow pets | body pillows | body pillow | wedge pillow | u shaped pregnancy pillow | side sleeping pillow
Blankets + Quilts,/collections/blankets-quilts,"— (category page, all fabrics)",optimize existing,collection,322,165000,4764330,476433,14,high,409732,quilts | quilt | quilts stores near me | quilts store near me | quilts shops near me | quilt stores near me | quilt store near me | quilt shops.near me | quilt shops near me | quilt shops close to me
Bedding,/collections/bedding,"— (category page, all fabrics)",optimize existing,collection,388,201000,4037640,403764,13,high,351275,bedding twins | bedding setting | bedding sets | bedding set | sleep number bedding | queens bedding | platform beds bedding | platform bedding | linens | upscale bedding
Bath,/collections/bath,"— (category page, all fabrics)",optimize existing,collection,266,110000,2693520,269352,8,high,247804,warming towels | warmer for towels | warm towels | towels for towel warmer | towels | towel | sand towels | cloud towels | towels in bathtub | microfibers towels
Blankets,/collections/blankets,"— (category page, all fabrics)",optimize existing,collection,361,201000,2102330,210233,7,high,195517,blankets | blanket | ugg blanket | picnic blanket | pendleton blanket | minky couture blanket | crochet blanket pattern | minky blanket | wool blanket | newborn blanket crochet pattern
Comforters,/collections/comforters,"— (category page, all fabrics)",optimize existing,collection,234,110000,1627860,162786,5,high,154647,comforters | comforter | comforters and sets | comforter sets | comforter set | southern comforter | down comforter | down and feather comforters | down and feather comforter | comforters goose down
Bedding Size Guide,/pages/bedding-size-guide,"— (category page, all fabrics)",build guide/blog page,guide/blog,20,165000,1625470,162547,8,high,149543,bedding sizing | bedding sizes | bedding measurements | queen bedding measurements | queen bedding dimensions | full size bedding measurements | full size bedding dimensions | bedding size queen | twin bedding measurements | twin bedding dimensions
Throws,/collections/throws,"— (category page, all fabrics)",optimize existing,collection,257,74000,1298940,129894,7,high,120801,throw blankets blanket | throw and blankets | blankets and throws | blanket and throws | throws and pillows | pillow throw pillows | pillow and throws | throws | throw | throw fleece blankets
Comforters + Duvets,/collections/comforters-duvets,"— (category page, all fabrics)",optimize existing,collection,95,165000,906870,90687,5,high,86153,duvets with covers | duvet and cover | duvets | duvets inserts | duvet inserts | duvet insert | what-is-a-duvet-cover | what is a duvet | what are duvets | duvet vs comforter
Linen Collection,/collections/linen-collection,European Flax Linacel,build new collection,collection,222,90500,799410,79941,10,high,82739,linen | cotton bed linen set | bed linen sets cotton | linen suit | linen fabric | organic cotton bed linen | linen bedroom set | linen bed set | linen bed | what are linen
Cotton Sheets,/collections/cotton-sheets,Cotton (Luce Sateen / Organic / Woven),build new collection,collection,86,49500,754260,75426,7,high,80668,egyptian cotton sheets | egyptian cotton bed sheet | bedding sheets egyptian cotton | bed sheets egyptian cotton | cotton bedding sheets | cotton bed sheets | bed sheet cotton | cotton sheets | cotton sheet | sheet sets 100 cotton
Queen Comforter,/collections/queen-comforter,"— (category page, all fabrics)",build new collection,collection,77,40500,801280,80128,2,high,78525,set comforter queen | queen comforter sets | queen comforter bedroom sets | queen bedroom comforter set | queen bedding sets with comforter | queen bedding sets comforters | queen bed sets comforter | queen bed comforter set | comforter bedding set queen | bedroom comforters queen
Rugs,/collections/rugs,"— (category page, all fabrics)",optimize existing,collection,188,60500,776820,77682,6,high,73021,bathroom rugs | bathroom rug | bathroom carpet rugs | bath rugs for bathroom | bath rugs | bath rug | rugs bath set | bathroom bath rug sets | bath sets rugs | bath set rug
Duvet Covers,/collections/duvet-covers,"— (category page, all fabrics)",optimize existing,collection,102,165000,743110,74311,8,high,68366,duvets and duvet covers | duvet covers | what's duvet covers | what is a duvet cover | what duvet covers | duvet covers what is it | duvet cover what is it | linens duvet covers | linens duvet cover | how do you put a duvet cover on
Queen Sheets,/collections/queen-sheets,"— (category page, all fabrics)",build new collection,collection,43,40500,688480,68848,8,high,63340,queen comforter set with sheets | queen bedding sets with sheets | queen bedding set with sheets | queen bed sheets comforter | queen bed sets with sheets | queen bed set with sheets | comforter sheet sets queen | comforter sheet set queen | comforter sets queen with sheets | bedding sheets queen
crystal weighted blankets,/collections/weighted-blankets,Crystal Weighted Blanket,optimize existing,collection,106,135000,547680,54768,12,high,55425,weighted blanket | weighted blanket for anxiety | how.to wash a weighted blanket | how.to clean a weighted blanket | how do you wash a weighted blanket | how do you clean a weighted blanket | how do i wash a weighted blanket | weighted blanket for an adult | weighted blanket for adults | weighted blanket benefits
Robes + Kimonos,/collections/robes-kimonos,"— (category page, all fabrics)",optimize existing,collection,209,110000,589800,58980,8,high,54262,robes | robe | terry cloth robe | kimono robe | ugg robe | bridal robe | skims robe | dude robe | weezie robe | hommey robe
King Comforter,/collections/king-comforter,"— (category page, all fabrics)",build new collection,collection,61,40500,588340,58834,10,high,52951,king comforter sets | king comforter set | king bedding comforters & sets | king bed comforter sets | comforter bedding sets king | bedroom comforter set king | bedding comforter set king | bed comforter set king | king size comforter | comforters for king size
Premium Lumière Sheets,/collections/premium-bamboo-sheets,Premium Lumière (Bamboo),optimize existing,collection,112,49500,473240,47324,10,high,48980,bed sheets bamboo | bamboo sheets bedding | bamboo sheets | bamboo sheet bedding | bamboo sheet bed | bamboo fibre sheets | viscose from bamboo sheets | bamboo viscose sheets | bamboo viscose bed sheets | bamboo fibre bed sheets
Cooling Edit Sheets,/collections/cooling-edit-bedding,Cloud Cool / Cooling Edit,optimize existing,collection,75,33100,437960,43796,8,high,46336,sheets for cooling | cooling fitted sheets | cooling bedding sheets | cooling bed sheets | cooling bed sheet | coolest sheets | coolest bed sheets | cooled bed sheets | cool sheets | cool bedding sheets
Queen Bedding,/collections/queen-bedding,"— (category page, all fabrics)",build new collection,collection,27,90500,456980,45698,4,high,43870,queen beds bedding | queen set bedding | queen bedroom bedding sets | queen bedroom bedding | queen bedding sets | queen bed bedding set | queen bed bedding | bedding ensembles queen | bedding sets for queen bed | queen bedding sets sale
European Flax Linacel™,/collections/linacel-collection,European Flax Linacel,optimize existing,collection,144,60500,409110,40911,8,high,43284,linen sheets | linen for bed sheets | linen bedding sheets | linen bedding sets | linen bedding | bed linen sheet | frette linen sheets | linen sheets 100 | bedsheets linen | 100 linen bed sheets
Cotton Duvet,/collections/cotton-duvet,Cotton (Luce Sateen / Organic / Woven),build new collection,collection,8,90500,371500,37150,2,high,41868,duvet sets cotton | duvet set cotton | duvet cotton covers | cotton covered duvets | cotton duvets | cotton duvet | cotton duvets covers | cotton duvet insert
King Bedding,/collections/king-bedding,"— (category page, all fabrics)",build new collection,collection,25,135000,363290,36329,2,high,35602,size king bedding | king bedroom bedding sets | king bed bedding sets | king bed bedding set | bedding king sets | bedding king set | king bedding black | bedding king bed | queen king bedding | king size bedding sets on sale
Silk Pillowcase,/collections/silk-pillowcase,Ecosilk / Silky Lyocell,build new collection,collection,83,60500,289260,28926,7,high,30936,pillowcase silk | hair silk pillowcase | silk pillowcases | silk pillowcase covers | blissy silk pillowcase | 100 mulberry silk pillowcase | silk mulberry pillowcases | mulberry silk pillowcase | silk pillowcase curly hair | best rated silk pillowcase
Cotton Bedding,/collections/cotton-bedding,Cotton (Luce Sateen / Organic / Woven),build new collection,collection,23,49500,279940,27994,6,high,30262,egyptian cotton bedding sets | egyptian cotton bedding set | cotton bedding sets | cotton bedding set | 100 cotton bedding sets | 100 cotton bedding set | queen cotton bedding sets | queen bedding set cotton | egyptian cotton bedding | cotton bedding queen
Full Bedding,/collections/full-bedding,"— (category page, all fabrics)",build new collection,collection,87,110000,302040,30204,6,high,28392,full size bedding | full size bed bedding sets | complete bedding sets full | complete bedding set full | bedding set for full size bed | bedding set for full | bedding full size sets | bedding for full size beds | bedding for a full size bed | full size bedding collections
Sheets Size Guide,/pages/sheets-size-guide,"— (category page, all fabrics)",build guide/blog page,guide/blog,38,33100,321780,32178,12,high,28317,how to folding bed sheets | how to fold fitted bed sheets | how to fold fitted bed sheet | how to fold bed sheets | how to fold a bed sheet | how to get blood out of bed sheets | how to get blood out of a bed sheet | what is the best thread count in bed sheets | what is the best bed sheet thread count | what is good thread count for bed sheets
Percale Sheets,/collections/percale-sheets,— no current line (product gap),build new collection,collection,105,33100,465990,46599,4,high,26841,percale sheets | percale sheet | percale bed sheets | percale bed sheet | fitted sheets percale | fitted sheet percale | cotton percale sheets | cotton percale sheet | cotton percale fitted sheets | cotton percale fitted sheet
King Sheets,/collections/king-sheets,"— (category page, all fabrics)",build new collection,collection,33,40500,253200,25320,4,high,24307,king bedding set with sheets | comforter sheet set king | king size bed sheets | king size bed sheet | king bed sheets deep pockets | deep pocket king sheets | bed sheets deep pocket king | king size bed sheet fitted | fitted king sheet | sheet for king
Faux Fur,/collections/faux-fur,Snug / Faux Fur,optimize existing,collection,53,27100,219880,21988,4,high,24275,fur faux throw | faux mink fur throw | faux fur throws | faux fur pelt throw | fake fur throws | fur faux throw blanket | faux fur throw blankets | faux fur blankets and throws | fake fur blankets and throws | luxury faux fur throw blanket
Twin Bedding,/collections/twin-bedding,"— (category page, all fabrics)",build new collection,collection,9,201000,477100,47710,,,23855,twin beds bedding | twin bedding | twin bedding sets | twin bedding set | twin bed bedding sets | twin bed bedding set | twin hello kitty bedding set | twin zipper bedding | twin bedding sets for adults
Pillowcases,/collections/pillowcases,"— (category page, all fabrics)",optimize existing,collection,28,22200,199810,19981,6,high,18782,sham pillowcases | sham pillowcase | standard size pillowcase | standard pillowcases sizes | pillowcase pillows | pillowcase | pillow cases | pillowcase protector | body pillow pillowcase | pillow case
Silk Sheets,/collections/silk-sheets,Ecosilk / Silky Lyocell,build new collection,collection,18,27100,173550,17355,11,high,17763,silk sheets bed | silk sheet | silk bed sheets sets | silk bed sheet sets | bed sheet silk | silk bed sheets set | mulberry silk sheets | mulberry silk sheet set | silk queen sheets | silk sheets king
Cotton Duvet Cover,/collections/cotton-duvet-cover,Cotton (Luce Sateen / Organic / Woven),build new collection,collection,42,90500,155500,15550,2,high,17525,cotton duvet cover | 100 cotton duvet covers | 100 cotton duvet cover | queen duvet cover cotton | egyptian cotton duvet covers | egyptian cotton duvet cover | duvet covers cotton queen | cotton duvet cover queen white | duvet covers king cotton | cotton duvet cover king
Alaskan King Bedding,/collections/alaskan-king-bedding,"— (category page, all fabrics)",build new collection,collection,2,165000,330000,33000,,,16500,alaskan king bedding | alaska king bedding
Luxury Comforter,/collections/luxury-comforter,"— (category page, all fabrics)",build new collection,collection,14,74000,324200,32420,,,16210,luxury bedroom comforters | luxury bedroom comforter | luxury bed comforters | luxury bed comforter | luxury bed comforter sets | luxury comforters bedspreads | luxury comforters | luxury comforter sets | luxury comforter set | luxury comforter
Cooling Blanket,/collections/cooling-blanket,Cloud Cool / Cooling Edit,build new collection,collection,72,74000,146470,14647,6,high,15833,blanket for cooling | breathable cooling blanket | cooling blanket for bed | elegear revolutionary cooling blanket | cooling blanket for hot sleepers | le gear cooling blanket | how does a cooling blanket work | elegear cooling blanket | cooling electric blanket | does cooling blanket work
Cooling Pillow,/collections/cooling-pillow,Cloud Cool / Cooling Edit,build new collection,collection,19,27100,147160,14716,9,high,15400,pillows with cooling | pillows that are cool | pillow cooler | cooling pillow | cooling memory foam pillow | pillows cooling gel | gel cool pillow | cooling gel pillow | cool gel pillows | cool gel memory foam pillow
Cooling Edit Bedding,/collections/cooling-edit-bedding-1,Cloud Cool / Cooling Edit,optimize existing,collection,5,33100,142300,14230,6,high,15383,cooling bedding sets | cooling bedding set | coolest bedding sets | cool bedding sets | coolest bedding
Blanket Size Guide,/pages/blanket-size-guide,"— (category page, all fabrics)",build guide/blog page,guide/blog,37,18100,144310,14431,7,high,13421,queen blankets size | queen blanket size | twin blanket size | queen size blankets dimensions | measurements queen blanket | measurement queen size blanket | blanket queen size dimensions | what size is a queen blanket | what dimensions is a queen size blanket | what are the measurements of a queen blanket
Cotton Towel,/collections/cotton-towel,Cotton (Luce Sateen / Organic / Woven),build new collection,collection,36,14800,195320,19532,,,11231,egyptian cotton towels | egyptian cotton towel towels | egyptian cotton bathroom towels | egyptian cotton bath towels | turkish cotton towels | cotton bathroom towels | beach cotton towels | bath towels cotton | bath cotton towel | cotton turkish bath towels
Throw Pillows,/collections/throw-pillows,"— (category page, all fabrics)",optimize existing,collection,24,22200,113180,11318,2,high,11092,lumbar pillow | bolster pillow | pillow for lumbar support | memory foam lumbar pillow | decorative pillows for bed | square decorative pillows | lumbar pillow for chair | lumbar pillow for bed | memory foam lumbar support pillow | yoga bolster pillow
Luxury Bedding,/collections/luxury-bedding,"— (category page, all fabrics)",build new collection,collection,25,74000,118700,11870,11,high,10564,luxury bedding | luxury bedding sets | luxury bedding collections | luxury bedding collection | bedding set luxury | luxury cheap bedding | affordable luxury bedding | luxury bedroom bedding sets | luxury brand bedding | bedding luxury brands
California King Sheets,/collections/california-king-sheets,"— (category page, all fabrics)",build new collection,collection,14,18100,208600,20860,,,10430,sheets for cal king bed | sheets for a california king bed | fitted sheets for california king bed | california king bed sheets sets | california king bed sheet sets | california king bed sheet set | cal king sheet set | cal king bed sheets set | bed sheet set cal king | california king comforter and sheet set
California King Comforter,/collections/california-king-comforter,"— (category page, all fabrics)",build new collection,collection,15,14800,195000,19500,,,9750,comforter sets for california king | california king comforters | california king comforter set | california king comforter | california king bedding comforter sets | california king bed comforters sets | california king bed comforter set | california king bed comforter | cal king comforters | cal king comforter set
Silky Lyocell Sheets,/collections/silky-lyocell-sheets,Silky Lyocell (TENCEL™),optimize existing,collection,31,8100,80770,8077,3,high,9010,tencel sheets | tencel sheet | tencel lyocell sheets | tencel lyocell sheet | tencel lyocell bed sheets | tencel bed sheet | lyocell sheets | lyocell sheet | bed sheets tencel | 100 tencel sheets
Full Sheets,/collections/full-sheets,"— (category page, all fabrics)",build new collection,collection,13,14800,97700,9770,9,high,8891,full comforter sheet set | full bed sheets comforter | bedding sheets full size | bed sheet full | full xl bed sheet | full set of sheets | full bedding sheet set | bedsheet set full | bedding sheet sets full | bed sheet full set
Toddler Bedding,/collections/toddler-bedding,"— (category page, all fabrics)",build new collection,collection,2,165000,177100,17710,,,8855,toddler bedding | toddler bedding set
Full Comforter,/collections/full-comforter,"— (category page, all fabrics)",build new collection,collection,17,14800,170060,17006,,,8503,full size bedding comforter | full size bed comforter | full set comforter | full comforters bedding sets | full bedding comforters | full bedding comforter set | comforter sets full bed | comforter sets full | comforter set for full size bed | bedroom comforter set full
Faux Fur Blanket,/collections/faux-fur-blanket,Snug / Faux Fur,build new collection,collection,4,40500,65790,6579,4,high,7263,soft faux fur blanket | faux fur blanket | fur blanket | ugg faux fur blanket
Twin Sheets,/collections/twin-sheets,"— (category page, all fabrics)",build new collection,collection,15,22200,142300,14230,,,7115,twin bed sheets | sheet twin bed | bed sheets xl twin | bed sheets for twin beds | twin sheets | twin bedding sheet set | twin bed sheet set | twin fitted sheet | twin fitted bed sheet | twin flat sheet
Cotton Comforter,/collections/cotton-comforter,Cotton (Luce Sateen / Organic / Woven),build new collection,collection,19,33100,122600,12260,,,7049,comforter set cotton | cotton comforter sets | cotton comforter bed sets | cotton bedding comforter sets | cotton bedding comforter set | cotton queen comforters sets | cotton queen comforters | cotton queen comforter set | cotton queen comforter | cotton comforter sets queen
Shams,/collections/shams,"— (category page, all fabrics)",optimize existing,collection,16,22200,139480,13948,,,6974,pillow shams | pillow sham | shams bedding | sham on bed | sham bedding sets | sham bedding | what is pillow shams | what are pillow sham | sham euro | bedding euro shams
Premium Bamboo Bedding,/collections/premium-bamboo-bedding,Premium Lumière (Bamboo),optimize existing,collection,12,49500,120070,12007,,,6904,bamboo bedding sets | bamboo bedding set | bamboo bedding | bamboo viscose bedding | 100 bamboo bedding | luxury bamboo bedding set | bamboo bedding reviews | bamboo bedding review | luxury bamboo bedding | bamboo queen bedding
Flannel Sheets,/collections/flannel-sheets,— no current line (product gap),build new collection,collection,17,27100,114260,11426,1,high,6787,flannel sheets bed | flannel sheets | flannel sheet | queen sheets flannel | queen sheet flannel | flannel sheet sets queen | flannel queen sheet set | flannel sheet twin | eddie bauer flannel sheets | lands end flannel sheets
King Duvet,/collections/king-duvet,"— (category page, all fabrics)",build new collection,collection,9,14800,70100,7010,4,high,6730,king duvet and cover | duvet set king | duvet king cover set | king duvets covers | king duvet insert | king duvet | duvets king | oversized king duvet insert | oversized duvets king
Sateen Sheets,/collections/sateen-sheets,Luce Cotton Sateen,build new collection,collection,47,6600,60820,6082,5,high,6645,sateen sheets | sateen sheet | bed sheets sateen | sateen weave cotton sheets | cotton sateen sheets | cotton sateen bed sheets | sateen vs percale sheets | sateen or percale sheets | bed sheets percale vs sateen | what is sateen weave sheets
Linen Duvet Cover,/collections/linen-duvet-cover,European Flax Linacel,build new collection,collection,51,14800,59970,5997,4,high,6621,linen duvet covers | linen duvet cover | king linen duvet covers | king linen duvet cover | linen duvet cover queen white | european linen duvet cover | duvet cover linen queen | european flax linen duvet covers | european flax linen duvet cover | cultiver linen duvet cover
Muslin Blanket,/collections/muslin-blanket,Muslin / Snug Muslin,build new collection,collection,34,14800,56780,5678,5,high,6203,blanket muslin | swaddling muslin blanket | muslin swaddle blanket | muslin blanket for adults | cotton muslin blanket | adult muslin blanket | 100 cotton muslin blanket | cotton muslin swaddle blanket | aden anais muslin blanket | organic cotton muslin blanket
Summer Edit Comforters,/collections/summer-edit-comforters,Cloud Cool / Cooling Edit,optimize existing,collection,41,14800,52750,5275,4,high,5824,comforter with cooling | rest evercool cooling comforter | rest cooling comforter | evercool cooling comforter | cooling comforter king | cooling comforter queen | below zero cooling comforter | sutton place cooling comforter | cooling comforter for hot sleepers | breescape cooling comforter
Cotton Quilt,/collections/cotton-quilt,Cotton (Luce Sateen / Organic / Woven),build new collection,collection,11,8100,52600,5260,6,high,5686,cotton material for quilts | cotton fabric for quilts | cotton batting for quilts | cotton and quilts | quilt covers 100 cotton | cotton quilt queen | cotton quilt king | cotton twin quilts | cotton quilt set | cotton king size quilts
Bath Robes,/collections/bath-robes,"— (category page, all fabrics)",optimize existing,collection,13,33100,61700,6170,8,high,5676,bath robe | best bathrobes | plush bathrobes for women | bathrobe plush | bathrobe fluffy | towelling bathrobes for women | monogram bath robes | white bath robe | bathrobes couples | women's bath robes
Silk Robe,/collections/silk-robe,Ecosilk / Silky Lyocell,build new collection,collection,19,18100,50720,5072,10,high,5250,silk robe | silk robes for women | silk kimono robe | victoria secret silk robe | long silk robe | womens silk robes | black silk robe | white silk robe | silk robe bride | satin silk robe
Beach Towel,/collections/beach-towels,"— (category page, all fabrics)",build new collection,collection,14,49500,103720,10372,,,5186,beach towels | monogrammed beach towels | beach towels personalized | beach towels personalised | top rated beach towel | good beach towels | good beach towel | sand resistant beach towel | beach towel clips | sand free beach towel
Cotton Blanket,/collections/cotton-blanket,Cotton (Luce Sateen / Organic / Woven),build new collection,collection,13,18100,50100,5010,11,high,5128,cotton blanket | cotton infant blanket | cotton cooling blanket | 100 cotton blanket | cotton rope blanket basket | cotton blanket queen | woven cotton blanket | cotton receiving blankets | twin cotton blanket | swaddle blankets cotton
Waffle Robe,/collections/waffle-robe,Waffle,build new collection,collection,45,5400,45170,4517,4,high,4987,waffle robe | robes waffle | womens robe waffle | women waffle robe | waffle robe women's | ladies waffle robes | ladies waffle robe | waffle knit robes | robe waffle knit | cotton robe waffle
Organic Cotton Sheets,/collections/organic-cotton-sheets,Organic Cotton,build new collection,collection,27,22200,85770,8577,,,4932,organic cotton sheets bedding | organic cotton sheets | organic cotton bed sheet | gots certified organic cotton sheets | organic cotton grounding sheets | 100 organic cotton bed sheets | organic cotton queen sheets | organic cotton queen bed sheets | twin organic cotton sheets | organic cotton king sheets
Queen Blanket,/collections/queen-blanket,"— (category page, all fabrics)",build new collection,collection,6,40500,94880,9488,,,4744,queen blanket sets | blanket set for queen | queen size heated blanket | queen electric blanket | queen size fleece blanket | ugg queen blanket
Quilt Size Guide,/pages/quilt-size-guide,"— (category page, all fabrics)",build guide/blog page,guide/blog,10,14800,52900,5290,11,high,4708,how to put a quilt cover on | dimensions for quilts | king size quilts measurements | how to make quilts | how to make american quilt | how to make a quilt | how to bind a quilt | how to quilt | how to make binding for a quilt | how to hand quilt
California King Bedding,/collections/california-king-bedding,"— (category page, all fabrics)",build new collection,collection,8,14800,89760,8976,,,4488,california king bedding sets | california king bedding set | california king bed bedding sets | cal king bedding sets | cal king bedding set | bedding cal king | luxury california king bedding sets | luxury cal king bedding sets
Bamboo Collection,/collections/bamboo-collection,Premium Lumière (Bamboo),build new collection,collection,5,49500,74800,7480,,,4301,bamboo linens | bamboo bed linens | bathroom mat bamboo | bamboo mats bathroom | bamboo bathtub mat
Twin Comforter,/collections/twin-comforter,"— (category page, all fabrics)",build new collection,collection,14,14800,85400,8540,,,4270,twin comforter | twin comforters bedding sets | twin comforter sets | twin bedding set with comforter | twin bedding comforter sets | twin goose down comforter | twin down comforters | twin down comforter | twin comforter set | twin bed down comforters
Lyocell Collection,/collections/lyocell-collection,Silky Lyocell (TENCEL™),build new collection,collection,2,27100,45200,4520,18,high,4262,lyocell | tencel
Pillowcase Size Guide,/pages/pillowcase-size-guide,"— (category page, all fabrics)",build guide/blog page,guide/blog,14,18100,82520,8252,,,4126,standard size pillowcase measurements | standard pillowcase dimensions | king size pillowcase measurements | king size pillowcase measurement | what size are standard pillowcases | what are the measurements of a standard pillowcase | what are the dimensions of a standard pillowcase | what size is king pillow case | what are the dimensions of a king size pillowcase | what are the dimensions of a king size pillow case
Queen Duvet Cover,/collections/queen-duvet-cover,"— (category page, all fabrics)",build new collection,collection,9,14800,41670,4167,4,high,4000,duvet covers queen | duvet cover queen | white queen duvet cover | duvet covers queen white | duvet covers queen set | duvet cover sets queen | oversized queen duvet cover | full queen duvet cover | duvet cover queen black and white
Cotton Bedspread,/collections/cotton-bedspread,Cotton (Luce Sateen / Organic / Woven),build new collection,collection,5,33100,69200,6920,,,3979,cotton bedspread sets | cotton bedspread set | king cotton bedspread | cotton queen bedspread | cotton matelasse bedspread
Organic Cotton,/collections/organic-cotton,Organic Cotton,optimize existing,collection,9,22200,68310,6831,,,3928,organic cotton bedding sets | organic cotton bedding set | organic cotton bedding | 100 organic cotton bedding sets | 100 organic cotton bedding | gots certified organic cotton bedding | luxury organic cotton bedding | organic cotton childrens bedding | organic cotton 4 piece bedding set
Pillow Size Guide,/pages/pillow-size-guide,"— (category page, all fabrics)",build guide/blog page,guide/blog,6,22200,39500,3950,1,high,3910,how to clean a pillow | queen pillow size | measurements of euro pillow | dimensions of euro pillow | twin pillow size | couch pillow sizes
Duvet Cover Size Guide,/pages/duvet-cover-size-guide,"— (category page, all fabrics)",build guide/blog page,guide/blog,7,14800,72910,7291,,,3646,how to.put on a duvet cover | how to put.on a duvet cover | how to put a duvet cover | how to insert duvet cover | duvet cover king dimensions | duvet cover queen dimensions | how to wash linen duvet cover
Cotton Collection,/collections/cotton-collection,Cotton (Luce Sateen / Organic / Woven),build new collection,collection,4,18100,32600,3260,6,high,3524,cotton table linens | egyptian cotton bed linens | bed linens cotton | bed skirt cotton
Cooling Weighted Blanket,/collections/cooling-weighted-blanket,Cloud Cool / Cooling Edit,build new collection,collection,10,6600,31120,3112,2,high,3507,weighted blanket cooling | coolest weighted blanket | cooled weighted blanket | cool weighted blanket | gravity cooling weighted blanket | luxome cooling weighted blanket | cooling weighted blanket for adults | ynm cooling weighted blanket | y n m cooling weighted blanket | bearaby cooling weighted blanket
Cooling Towel,/collections/cooling-towel,Cloud Cool / Cooling Edit,build new collection,collection,3,27100,59600,5960,,,3427,cooling towels | cool towels | cooling towels for neck
Cotton Rug,/collections/cotton-rug,Cotton (Luce Sateen / Organic / Woven),build new collection,collection,5,12100,29780,2978,1,high,3390,bath rugs cotton | bathroom cotton rug | bath cotton rug | cotton rugs | cotton bath rug sets
King Duvet Cover,/collections/king-duvet-cover,"— (category page, all fabrics)",build new collection,collection,9,14800,65070,6507,,,3254,king duvet covers | king bedding duvet covers | king bed duvet covers | king-size duvet covers | oversized king duvet covers | oversized king duvet cover | oversize king duvet covers | white duvet cover king | white and black duvet cover king
King Quilt,/collections/king-quilt,"— (category page, all fabrics)",build new collection,collection,12,9900,64190,6419,,,3210,quilts for king size | king-size quilts | king size quilt | king size quilts sets | king quilt sets | king bedding quilt sets | bedding quilt set king | oversized king quilt | bed quilts king size | quilt for king bed
Cotton Throw,/collections/cotton-throw,Cotton (Luce Sateen / Organic / Woven),build new collection,collection,8,14800,55210,5521,,,3175,cotton throw pillows | cotton throws and blankets | cotton throw blankets | cotton throw blanket | throw blanket 100 cotton | cotton throw pillow covers | cotton throw | cotton knit throw blanket
Weighted Blanket Size Guide,/pages/weighted-blanket-size-guide,Crystal Weighted Blanket,build guide/blog page,guide/blog,3,18100,54300,5430,,,3122,how to.clean weighted blanket | how to wash a weighted blanket | how to clean weighted blanket
Sateen Collection,/collections/sateen-collection,Luce Cotton Sateen,build new collection,collection,9,8100,27180,2718,1,high,3094,sateen | cotton sateen bed set | sateen cotton | what is sateen | what is cotton sateen | sateen vs satin | cotton sateen fabric | sateen bed set | sateen bed linens
Oversized Throw,/collections/oversized-throw,"— (category page, all fabrics)",build new collection,collection,4,8100,32400,3240,8,high,2981,throw blankets oversized | oversized throw blanket | oversized blankets and throws | oversize throw blankets
Modal Loungewear,/collections/modal-loungewear,Naked Modal,build new collection,collection,20,5400,39810,3981,37,medium,2884,modal pajamas | modal material pajamas | modal fabric pajamas | modal pajamas sets | modal pajamas set | gap modal pajamas | women's modal pajamas | modal pajamas womens | modal pajamas women | victoria's secret modal pajamas
Waffle Towel,/collections/waffle-towel,Waffle,build new collection,collection,32,5400,27100,2710,12,high,2743,waffle towels | towel waffle | waffle towels bath | waffle bath towel | waffle weave towel | cotton waffle towel | waffle weave microfiber towel | hand towel waffle | waffle knit towel | onsen waffle towel
Silk Bedding,/collections/silk-bedding,Ecosilk / Silky Lyocell,build new collection,collection,7,27100,45010,4501,,,2588,bedding set silk | silk bedding sets | mulberry silk bedding | mulberry silk bedding sets | luxury silk bedding sets | luxury silk bedding set | luxury silk bedding collections
Cotton Robe,/collections/cotton-robe,Cotton (Luce Sateen / Organic / Woven),build new collection,collection,13,9900,43060,4306,,,2476,cotton robes for women | cotton robes | cotton robe | turkish cotton robes | robes 100 cotton | cotton terry cloth robe | 100 cotton terry robe | 100 cotton robe | lightweight cotton robe ladies | 100 cotton robe women
California King Quilt,/collections/california-king-quilt,"— (category page, all fabrics)",build new collection,collection,5,14800,49200,4920,,,2460,quilt sets california king | quilt set california king | california king quilts sets | quilts california king | california king quilt
Waffle Blanket,/collections/waffle-blanket,Waffle,build new collection,collection,22,4400,22500,2250,5,high,2458,waffle blanket | waffle stitch crochet blanket | cotton waffle weave blanket | cotton waffle blanket | waffle weave blankets | waffle weave blanket | waffle knit blanket | bollandbranch waffle blanket | waffle stitch crochet blanket pattern | waffle stitch blanket
Deep Pocket Sheets,/collections/deep-pocket-sheets,"— (category page, all fabrics)",build new collection,collection,4,14800,48800,4880,,,2440,deep pocket sheets | deep pocket bed sheets | bed sheet deep pocket | extra deep pocket sheets
Microfiber Towel,/collections/microfiber-towel,— no current line (product gap),build new collection,collection,4,49500,81000,8100,,,2430,microfiber towels | hair microfiber towels | microfiber towels for drying hair | kitchen microfiber towels
Linen Loungewear,/collections/linen-loungewear,European Flax Linacel,build new collection,collection,19,3600,37700,3770,,,2168,linen pajamas | linen pajama | womens linen sleepwear | womens linen pajamas | women's linen sleepwear | women's linen pyjamas | women's linen pajamas | linen sleepwear for women | linen pajamas women | linen pajama women
King Bedspread,/collections/king-bedspread,"— (category page, all fabrics)",build new collection,collection,3,40500,42680,4268,,,2134,king bedspread set | oversized king bedspread | luxury king bedspread
Queen Bedspread,/collections/queen-bedspread,"— (category page, all fabrics)",build new collection,collection,2,40500,41380,4138,,,2069,bedspread sets queen | queen bedspread red
Cotton Bath Robe,/collections/cotton-bath-robe,Cotton (Luce Sateen / Organic / Woven),build new collection,collection,9,6600,35820,3582,,,2060,cotton bathrobes | cotton bathrobe | turkish cotton bath robe | cotton mens bathrobe | cotton bath robe men's | bathrobe turkish cotton | cotton terry bathrobe | 100 cotton bathrobe | cotton bath robes for women
Twin Xl Comforter,/collections/twin-xl-comforter,"— (category page, all fabrics)",build new collection,collection,7,12100,37300,3730,,,1865,twin xl comforter | twin xl comforter set | twin xl bedding comforter set | dorm twin xl comforter | dorm comforters twin xl | white twin xl comforter | pink comforter twin xl
Luxury Sheets,/collections/luxury-sheets,"— (category page, all fabrics)",build new collection,collection,6,6600,35200,3520,,,1760,luxury bedding sheets | luxury bedding sheet | luxury bed sheets | bed sheet luxury | luxury sheets | luxury sheet
King Pillow,/collections/king-pillow,"— (category page, all fabrics)",build new collection,collection,7,22200,34300,3430,,,1715,king size pillows | down pillows king size | king bed pillow arrangement | down pillow king | king size memory foam pillow | king bed pillows | king size pillows on sale
Twin Xl Bedding,/collections/twin-xl-bedding,"— (category page, all fabrics)",build new collection,collection,5,12100,34100,3410,,,1705,bedding sets twin xl | bedding set twin xl | twin xl bedding | twin xl bedding set for dorms | dorm room bedding twin xl
Striped Robe,/collections/striped-robe,"— (category page, all fabrics)",build new collection,collection,9,4400,17020,1702,6,high,1600,striped robe | robes striped | robe stripe | striped terry robe | striped terry cloth robe | pink striped robe | victoria secret robe pink stripe | striped robe women's | victoria's secret striped robe
Luxury Blanket,/collections/luxury-blanket,"— (category page, all fabrics)",build new collection,collection,3,14800,31500,3150,,,1575,luxury blankets | luxury blanket | luxury minky blankets
Organic Cotton Comforter,/collections/organic-cotton-comforter,Organic Cotton,build new collection,collection,3,18100,26100,2610,,,1501,organic cotton bed comforter | organic cotton comforter | organic cotton comforter cover
Waffle Bath Robe,/collections/waffle-bath-robe,Waffle,build new collection,collection,12,5400,26010,2601,,,1496,bathrobes waffle | bathrobe waffle | bath robe waffle | waffle cotton bath robe | cotton waffle bathrobes | bathrobe waffle cotton | waffle bath robes | waffle weave bath robe | waffle knit bath robe | waffle bath robe womens
Split King Sheets,/collections/split-king-sheets,"— (category page, all fabrics)",build new collection,collection,7,6600,29000,2900,,,1450,split king sheets | split king fitted sheet | fitted sheets for split king | sheet sets for split king | sheet set split king | split king sheet sets for adjustable beds | split king bed sheets
Twin Duvet Cover,/collections/twin-duvet-cover,"— (category page, all fabrics)",build new collection,collection,4,9900,28600,2860,,,1430,twin duvet covers | twin duvet cover | xl/twin duvet cover | duvet cover xl twin
Twin Xl Sheets,/collections/twin-xl-sheets,"— (category page, all fabrics)",build new collection,collection,6,12100,28100,2810,,,1405,bed sheet twin xl | twin xl fitted sheet | dorm twin xl sheets | twin xl sheet sets | twin xl sheets deep pockets | hospital bed sheets twin xl
Twin Blanket,/collections/twin-blanket,"— (category page, all fabrics)",build new collection,collection,6,9900,27600,2760,,,1380,twin blankets | blanket twin size measure | what is the size of a twin bed blanket | what is size of twin blanket | twin size electric blanket | twin bed blanket
Cotton Pillows,/collections/cotton-pillows,Cotton (Luce Sateen / Organic / Woven),optimize existing,collection,6,6600,22700,2270,,,1305,pillow cotton cover | cotton pillows | eli & elm cotton side-sleeper pillow | eli & elm cotton side sleeper pillow | pillow slips cotton | cotton body pillow cover
King Blanket,/collections/king-blanket,"— (category page, all fabrics)",build new collection,collection,9,12100,25940,2594,,,1297,king size blanket | king size electric blanket | oversized king blanket | king size electric blanket dual control | blanket for king bed | king size fleece blanket | wool blanket king size | down blanket king | king size chunky knit blanket
Cooling Duvet Cover,/collections/cooling-duvet-cover,Cloud Cool / Cooling Edit,build new collection,collection,4,2900,11600,1160,4,high,1281,duvet covers cooling | duvet covers cool | cooling duvet cover | coolest duvet covers
Oversized Blanket,/collections/oversized-blanket,"— (category page, all fabrics)",build new collection,collection,4,5400,12520,1252,1,high,1239,oversized blanket hoodie | oversized blanket | oversized wearable blanket | oversized chunky knit blanket
Queen Quilt,/collections/queen-quilt,"— (category page, all fabrics)",build new collection,collection,6,8100,24290,2429,,,1214,queen size quilts | queen size quilt | queen quilt sets | queen bed quilts | queen quilt bedding sets | summer quilt queen
Bamboo Pillow,/collections/bamboo-pillow,Premium Lumière (Bamboo),build new collection,collection,3,14800,18700,1870,,,1075,bamboo pillow | miracle bamboo pillow | cool bamboo pillow
Duvet Size Guide,/pages/duvet-size-guide,"— (category page, all fabrics)",build guide/blog page,guide/blog,5,14800,21220,2122,,,1061,how to put duvet inside cover | queen duvet size | how to wash duvets | how to put on duvets | how to wash feather duvets
Queen Duvet,/collections/queen-duvet,"— (category page, all fabrics)",build new collection,collection,4,5400,10720,1072,2,high,1051,duvet insert queen | queen duvets | down duvet insert queen | duvet set queen
Lyocell Bedding,/collections/lyocell-bedding,Silky Lyocell (TENCEL™),build new collection,collection,6,8100,18170,1817,,,1045,"tencel bedding sets | tencel bedding set | tencel"" bedding | tencel bedding | lyocell bedding | lyocell bedding set"
Organic Cotton Collection,/collections/organic-cotton-collection,Organic Cotton,build new collection,collection,1,18100,18100,1810,,,1041,organic cotton bed linens
Breathable Bedding,/collections/breathable-bedding,"— (category page, all fabrics)",build new collection,collection,2,8100,10500,1050,2,high,1029,breathable bedding set | breathable bedding for hot sleepers
Striped Duvet Cover,/collections/striped-duvet-cover,"— (category page, all fabrics)",build new collection,collection,7,6600,16970,1697,,,848,striped duvet cover | stripe duvet cover | blue striped duvet cover | blue stripe duvet covers | blue and white/striped duvet cover | blue and white striped duvet cover | blue and white stripe duvet cover
Striped Sheets,/collections/striped-sheets,"— (category page, all fabrics)",build new collection,collection,7,4400,16500,1650,,,825,striped sheets | stripe sheets | striped bed sheets | striped bed sheet | pink striped sheets | blue striped sheets | green striped sheets
Microfiber Sheets,/collections/microfiber-sheets,— no current line (product gap),build new collection,collection,4,12100,27360,2736,,,821,microfiber bed sheets | microfiber bed sheet | microfiber vs cotton sheets | are microfiber sheets cooling
Sateen Bedding,/collections/sateen-bedding,Luce Cotton Sateen,build new collection,collection,4,5400,13400,1340,,,770,cotton sateen bedding sets | cotton sateen bedding set | sateen cotton bedding | sateen bedding set
Throw Size Guide,/pages/throw-size-guide,"— (category page, all fabrics)",build guide/blog page,guide/blog,3,12100,15300,1530,,,765,throw blankets dimensions | what size are throw blankets | how big are throw blankets
Bamboo Bath,/collections/bamboo-bath,Premium Lumière (Bamboo),build new collection,collection,3,4400,13200,1320,,,759,bamboo bath mats | bamboo bath mat | bamboo bath floor mat
Luxury Throw,/collections/luxury-throw,"— (category page, all fabrics)",build new collection,collection,3,2900,7700,770,3,high,747,luxury throw blankets | luxury blankets and throws | luxury throw pillows
Deep Pocket Bedding,/collections/deep-pocket-bedding,"— (category page, all fabrics)",build new collection,collection,1,14800,14800,1480,,,740,deep pocket bedding set
Full Bedspread,/collections/full-bedspread,"— (category page, all fabrics)",build new collection,collection,1,14800,14800,1480,,,740,bedspread sets full
King Pillowcase,/collections/king-pillowcase,"— (category page, all fabrics)",build new collection,collection,4,6600,14700,1470,,,735,king size pillowcases | king pillowcase size | king size pillow cases | king pillow case
Cooling Duvet,/collections/cooling-duvet,Cloud Cool / Cooling Edit,build new collection,collection,5,1900,6570,657,3,high,733,cooling duvet inserts | cooling duvet insert | cooling duvet | cool duvets | cooling duvet insert king
Twin Quilt,/collections/twin-quilt,"— (category page, all fabrics)",build new collection,collection,3,6600,14500,1450,,,725,twin quilts | twin quilt | twin quilt sets
Full Duvet Cover,/collections/full-duvet-cover,"— (category page, all fabrics)",build new collection,collection,4,3600,14400,1440,,,720,full duvet covers | full duvet cover | full bed duvet covers | full bed duvet cover
Percale Collection,/collections/percale-collection,— no current line (product gap),build new collection,collection,5,12100,23800,2380,,,714,percale | percale bed linens | cotton percale | cotton percale bed linens | percale vs cotton
Flannel Collection,/collections/flannel-collection,— no current line (product gap),build new collection,collection,8,5400,23800,2380,,,714,flannel bed set queen | flannel nightgowns for women | flannel nightgowns | cotton flannel fabric | pink flannel | flannel skirt | cotton flannel | 100 cotton flannel
Modal Sheets,/collections/modal-sheets,Naked Modal,build new collection,collection,11,1000,6710,671,10,high,694,modal sheets | modal fiber sheets | modal fabric sheets | modal fabric bed sheets | modal bed sheets | pure beech jersey modal sheets | sheets 100 modal | modal sheets pure beech | jersey modal sheets | jersey knit modal sheets
Queen Pillow,/collections/queen-pillow,"— (category page, all fabrics)",build new collection,collection,5,3600,13800,1380,,,690,queen rose u-shaped pregnancy pillow | queen pillows | standard vs queen pillow | queen rose pregnancy pillow | queen bed pillow arrangement
Luxury Bedspread,/collections/luxury-bedspread,"— (category page, all fabrics)",build new collection,collection,2,6600,13200,1320,,,660,luxury bedspread sets | luxury bedspread set
Queen Rug,/collections/queen-rug,"— (category page, all fabrics)",build new collection,collection,3,9900,13100,1310,,,655,rug size for queen bed | rug under queen bed | 6x9 rug under queen bed
Full Pillow,/collections/full-pillow,"— (category page, all fabrics)",build new collection,collection,2,4400,7300,730,12,high,642,full body pregnancy pillow | full body pillow
Cotton Pillowcase,/collections/cotton-pillowcase,Cotton (Luce Sateen / Organic / Woven),build new collection,collection,2,8100,11000,1100,,,632,cotton pillowcases | cotton pillowcase
Sham Size Guide,/pages/sham-size-guide,"— (category page, all fabrics)",build guide/blog page,guide/blog,4,3600,12400,1240,,,620,euro shams size | euro sham measurements | euro sham dimensions | what size is a euro sham
Linen Towel,/collections/linen-towel,European Flax Linacel,build new collection,collection,3,9900,10280,1028,,,591,linen tea towels | linen waffle towel | american soft linen turkish towels
Hotel Bedding,/collections/hotel-bedding,"— (category page, all fabrics)",build new collection,collection,5,4400,7010,701,16,high,589,hotel bedding set | luxury hotel bedding sets | luxury hotel bedding set | luxury hotel bedding | hotel suite luxury bedding
Twin Pillow,/collections/twin-pillow,"— (category page, all fabrics)",build new collection,collection,4,6600,11600,1160,,,580,twin z pillow | twin nursing pillow | twin pillows | twin bed pillows
Oversized Towel,/collections/oversized-towel,"— (category page, all fabrics)",build new collection,collection,2,5400,10800,1080,,,540,oversized bathroom towels | oversized bath towels
Striped Towel,/collections/striped-towel,"— (category page, all fabrics)",build new collection,collection,4,2900,10600,1060,,,530,towel stripe | striped towels | stripe towels | striped bath towels
Premium Lumière Comforters + Duvets,/collections/premium-bamboo-comforters-duvets,Premium Lumière (Bamboo),optimize existing,collection,6,4400,9180,918,,,528,bamboo comforter | duvet bamboo cover | bamboo cooling comforter | duvet bamboo | bamboo duvets | bamboo duvet insert
Organic Cotton Duvet Cover,/collections/organic-cotton-duvet-cover,Organic Cotton,build new collection,collection,7,3600,9060,906,,,521,organic cotton duvet covers | organic cotton duvet cover | 100 organic cotton duvet covers | 100 organic cotton duvet cover | organic cotton duvet cover king | organic cotton twin duvet cover | organic cotton queen duvet cover
Bamboo Towel,/collections/bamboo-towel,Premium Lumière (Bamboo),build new collection,collection,9,3600,8860,886,,,509,bamboo towels paper | bamboo towels | bamboo bathroom towels | bamboo bath towels | bamboo facial towels | bamboo face towels | alfred sung bamboo towels | ecoexistence bamboo towels | bamboo kitchen towels
Linen Blanket,/collections/linen-blanket,European Flax Linacel,build new collection,collection,2,4400,8800,880,,,506,blankets and linen | blanket and linen
Linen Comforter,/collections/linen-comforter,European Flax Linacel,build new collection,collection,2,4400,8800,880,,,506,comforters linen | comforter linen
Percale Duvet Cover,/collections/percale-duvet-cover,— no current line (product gap),build new collection,collection,7,5400,16770,1677,,,503,percale duvet cover | duvet covers percale | percale cotton duvet covers | percale cotton duvet cover | classic percale duvet cover | percale duvet cover queen | organic cotton percale duvet cover
Cotton Weighted Blanket,/collections/cotton-weighted-blanket,Cotton (Luce Sateen / Organic / Woven),build new collection,collection,2,3600,4900,490,11,high,502,cotton weighted blanket | bearaby cotton napper weighted blanket
Quilted Blanket,/collections/quilted-blanket,"— (category page, all fabrics)",build new collection,collection,2,8100,8820,882,,,441,quilted blankets | blanket quilted
Striped Bedding,/collections/striped-bedding,"— (category page, all fabrics)",build new collection,collection,2,4400,8800,880,,,440,striped bedding sets | striped bedding
California King Duvet Cover,/collections/california-king-duvet-cover,"— (category page, all fabrics)",build new collection,collection,3,2900,8700,870,,,435,duvet covers for california king | duvet covers cal king | california king duvet cover
Organic Cotton Towel,/collections/organic-cotton-towel,Organic Cotton,build new collection,collection,9,3600,7460,746,,,429,organic cotton towel | bath towels organic cotton | organic cotton face towels | 100 organic cotton towels | gots certified organic cotton towels | organic cotton kitchen towels | organic cotton hand towels | organic cotton dish towels | organic cotton hooded towels
Velvet Quilt,/collections/velvet-quilt,Velvet,build new collection,collection,14,2900,7110,711,,,409,quilt velvet | velvet king quilt | velvet quilt green | red velvet quilt | cotton velvet quilt | velvet queen quilt | velvet patchwork quilt | velvet quilt sets | velvet quilt set | velvet blue quilt
Organic Sheets,/collections/organic-sheets,"— (category page, all fabrics)",build new collection,collection,1,8100,8100,810,,,405,organic bed sheet
Linen Quilt,/collections/linen-quilt,European Flax Linacel,build new collection,collection,4,2900,6980,698,,,401,linen quilts | linen quilt | linen king quilt | king linen quilts
Twin Duvet,/collections/twin-duvet,"— (category page, all fabrics)",build new collection,collection,3,2900,7700,770,,,385,twin duvets | twin duvet | twin duvet insert
Bamboo Blanket,/collections/bamboo-blanket,Premium Lumière (Bamboo),build new collection,collection,1,6600,6600,660,,,379,bamboo cooling blanket
Premium Lumière Shams + Pillowcases,/collections/premium-bamboo-shams-pillowcases,Premium Lumière (Bamboo),optimize existing,collection,4,1900,6090,609,,,350,pillowcase for bamboo pillow | bamboo pillowcase | bamboo pillow cases | bamboo cooling pillowcase
Queen Pillowcase,/collections/queen-pillowcase,"— (category page, all fabrics)",build new collection,collection,3,2900,6900,690,,,345,standard vs queen pillow case | queen pillowcase | pillow cases queen size
Cotton Sham,/collections/cotton-sham,Cotton (Luce Sateen / Organic / Woven),build new collection,collection,2,2900,5800,580,,,334,cotton pillow shams | cotton pillow sham
Robes + Loungewear,/collections/loungewear,"— (category page, all fabrics)",optimize existing,collection,2,5400,6400,640,,,320,pajamas with shorts for women | gingham pajamas
Cotton Coverlet,/collections/cotton-coverlet,Cotton (Luce Sateen / Organic / Woven),build new collection,collection,2,4400,5400,540,,,310,cotton coverlet | cotton matelasse coverlet
Full Quilt,/collections/full-quilt,"— (category page, all fabrics)",build new collection,collection,4,2900,6100,610,,,305,double wedding ring quilt | double wedding ring quilt pattern | quilts for full size bed | quilt bedding sets full size
Waffle Duvet Cover,/collections/waffle-duvet-cover,Waffle,build new collection,collection,9,1600,5250,525,,,302,waffle duvet covers | waffle duvet cover | waffle weave duvet covers | waffle weave duvet cover | waffle duvet cover king | waffle knit duvet cover | white waffle duvet covers | waffle duvet cover white | waffle duvet cover queen
Cooling Edit Throws,/collections/cooling-edit-throws,Cloud Cool / Cooling Edit,optimize existing,collection,2,1300,2600,260,3,high,290,cooling throw blankets | cooling throw blanket
Luxury Robe,/collections/luxury-robe,"— (category page, all fabrics)",build new collection,collection,1,2900,2900,290,1,high,287,luxury robes for women
Queen Throw,/collections/queen-throw,"— (category page, all fabrics)",build new collection,collection,3,1900,5700,570,,,285,throw blankets queen size | queen size throw blanket | queen size blankets and throws
Hotel Pillow,/collections/hotel-pillow,"— (category page, all fabrics)",build new collection,collection,2,1900,2900,290,2,high,284,beckham hotel collection pillow | beckham hotel collection bed pillows
Linen Duvet,/collections/linen-duvet,European Flax Linacel,build new collection,collection,2,2400,4800,480,,,276,linen duvet | duvets linen
Luxury Pillow,/collections/luxury-pillow,"— (category page, all fabrics)",build new collection,collection,1,5400,5400,540,,,270,luxury pillows
Velvet Duvet Cover,/collections/velvet-duvet-cover,Velvet,build new collection,collection,7,1600,4530,453,,,260,velvet duvet cover | duvet covers velvet | velvet duvet covers king | king duvet cover velvet | velvet green duvet cover | velvet duvet covers queen | duvet cover queen velvet
Lightweight Duvet Cover,/collections/lightweight-duvet-cover,"— (category page, all fabrics)",build new collection,collection,2,1300,2600,260,2,high,255,duvet covers lightweight | duvet cover lightweight
Ruffled Duvet Cover,/collections/ruffled-duvet-cover,"— (category page, all fabrics)",build new collection,collection,2,2400,4800,480,,,240,ruffled duvet covers | ruffle duvet cover
King Throw,/collections/king-throw,"— (category page, all fabrics)",build new collection,collection,3,1600,4800,480,,,240,throw blankets king size | king size throw blanket | king size blankets and throws
Lightweight Quilt,/collections/lightweight-quilt,"— (category page, all fabrics)",build new collection,collection,4,1900,4710,471,,,236,lightweight quilts | lightweight quilt | lightweight quilts for summer | lightweight bed quilts
Percale Bedding,/collections/percale-bedding,— no current line (product gap),build new collection,collection,3,4400,7800,780,,,234,bedding percale | percale cotton bedding | organic cotton percale bedding
Organic Bedding,/collections/organic-bedding,"— (category page, all fabrics)",build new collection,collection,1,4400,4400,440,,,220,best organic bedding
Hotel Sheets,/collections/hotel-sheets,"— (category page, all fabrics)",build new collection,collection,1,4400,4400,440,,,220,hotel sheets
Twin Xl Duvet Cover,/collections/twin-xl-duvet-cover,"— (category page, all fabrics)",build new collection,collection,1,4400,4400,440,,,220,twin xl duvet covers
Faux Fur Comforter,/collections/faux-fur-comforter,Snug / Faux Fur,build new collection,collection,2,2400,3700,370,,,213,faux fur comforter | faux fur comforter set
Velvet Comforter,/collections/velvet-comforter,Velvet,build new collection,collection,3,1900,3660,366,,,210,velvet comforter | king velvet comforter | comforter set velvet
Velvet Pillows,/collections/velvet-pillows,Velvet,optimize existing,collection,1,3600,3600,360,,,207,velvet pillow covers
Organic Cotton Pillow,/collections/organic-cotton-pillow,Organic Cotton,build new collection,collection,1,3600,3600,360,,,207,organic cotton pillows
Organic Cotton Blanket,/collections/organic-cotton-blanket,Organic Cotton,build new collection,collection,1,3600,3600,360,,,207,organic cotton blanket
Lightweight Comforter,/collections/lightweight-comforter,"— (category page, all fabrics)",build new collection,collection,3,2900,4080,408,,,204,lightweight down comforter | lightweight alternative down comforter | best lightweight down comforters
Full Duvet,/collections/full-duvet,"— (category page, all fabrics)",build new collection,collection,4,1000,2030,203,3,high,197,duvet insert full | double duvets | duvets covers double | double duvet and cover
Striped Duvet,/collections/striped-duvet,"— (category page, all fabrics)",build new collection,collection,3,1300,3900,390,,,195,striped duvets | striped duvet | stripe duvet
Luxury Rug,/collections/luxury-rug,"— (category page, all fabrics)",build new collection,collection,2,1900,3800,380,,,190,bath rugs luxury | bath rug luxury
Split King Bedding,/collections/split-king-bedding,"— (category page, all fabrics)",build new collection,collection,1,3600,3600,360,,,180,what is split king bedding
Flannel Duvet Cover,/collections/flannel-duvet-cover,— no current line (product gap),build new collection,collection,3,2900,6010,601,,,180,flannel duvet covers | flannel duvet cover | flannel cotton duvet cover
Twin Xl Duvet,/collections/twin-xl-duvet,"— (category page, all fabrics)",build new collection,collection,3,1300,3600,360,,,180,twin xl duvets | twin xl duvet | duvet insert twin xl
Bamboo Duvet Cover,/collections/bamboo-duvet-cover,Premium Lumière (Bamboo),build new collection,collection,4,2400,3040,304,,,175,duvet covers bamboo | king bamboo duvet cover | bamboo viscose duvet cover | queen bamboo duvet cover
Rug Size Guide,/pages/rug-size-guide,"— (category page, all fabrics)",build guide/blog page,guide/blog,3,880,2320,232,26,medium,172,how to wash bath rug | bath rug measurements | bath rug dimensions
Silk Blanket,/collections/silk-blanket,Ecosilk / Silky Lyocell,build new collection,collection,1,2900,2900,290,,,167,silk blanket
Linen Pillow,/collections/linen-pillow,European Flax Linacel,build new collection,collection,2,1900,2900,290,,,167,linen pillow covers | linen pillows
Cotton Beach Towel,/collections/cotton-beach-towel,Cotton (Luce Sateen / Organic / Woven),build new collection,collection,3,1900,2860,286,,,164,cotton turkish beach towels | organic turkish cotton beach towels | 100 turkish cotton beach towels
Flannel Blanket,/collections/flannel-blanket,— no current line (product gap),build new collection,collection,3,3600,5380,538,,,161,flannel blanket | flannel heated blanket | flannel fleece blanket
Alaskan King Sheets,/collections/alaskan-king-sheets,"— (category page, all fabrics)",build new collection,collection,2,1900,3200,320,,,160,alaskan king bed sheets | alaskan king sheets
Flannel Robe,/collections/flannel-robe,— no current line (product gap),build new collection,collection,3,2400,5300,530,,,159,women flannel robe | mens flannel robe | flannel robe
Microfiber Blanket,/collections/microfiber-blanket,— no current line (product gap),build new collection,collection,2,3600,5200,520,,,156,microfiber blanket | microfiber polyester blanket
Linen Pillowcase,/collections/linen-pillowcase,European Flax Linacel,build new collection,collection,2,1300,2600,260,,,150,pillowcase linen | linen pillowcases
Waffle Bath,/collections/waffle-bath,Waffle,build new collection,collection,2,1300,2600,260,,,150,waffle bath mats | waffle bath mat
Silky Lyocell Loungewear,/collections/silky-lyocell-loungewear,Silky Lyocell (TENCEL™),optimize existing,collection,4,1000,2610,261,,,150,tencel modal pajamas | tencel pajamas | tencel pajama | lyocell pajama
Striped Comforter,/collections/striped-comforter,"— (category page, all fabrics)",build new collection,collection,1,2900,2900,290,,,145,comforter striped
Embroidered Pillow,/collections/embroidered-pillow,"— (category page, all fabrics)",build new collection,collection,1,2900,2900,290,,,145,embroidered pillow
Embroidered Towel,/collections/embroidered-towel,"— (category page, all fabrics)",build new collection,collection,1,2900,2900,290,,,145,embroidered towels
Lightweight Duvet,/collections/lightweight-duvet,"— (category page, all fabrics)",build new collection,collection,2,1900,2900,290,,,145,lightweight duvet insert | lightweight duvet
Breathable Weighted Blanket,/collections/breathable-weighted-blanket,Crystal Weighted Blanket,build new collection,collection,1,1300,1300,130,4,high,144,breathable weighted blanket
Queen Weighted Blanket,/collections/queen-weighted-blanket,Crystal Weighted Blanket,build new collection,collection,1,1300,1300,130,5,high,142,queen size weighted blanket
Silk Rug,/collections/silk-rug,Ecosilk / Silky Lyocell,build new collection,collection,1,2400,2400,240,,,138,silk rugs
Organic Cotton Robe,/collections/organic-cotton-robe,Organic Cotton,build new collection,collection,2,1900,2380,238,,,137,organic cotton robe | organic cotton robe womens
California King Duvet,/collections/california-king-duvet,"— (category page, all fabrics)",build new collection,collection,2,1300,2600,260,,,130,california king duvet insert | california king duvet
Boho Rug,/collections/boho-rug,"— (category page, all fabrics)",build new collection,collection,2,1300,2600,260,,,130,boho bath rugs | boho bath rug
Breathable Duvet Cover,/collections/breathable-duvet-cover,"— (category page, all fabrics)",build new collection,collection,1,1300,1300,130,2,high,127,breathable duvet cover
Silk Duvet,/collections/silk-duvet,Ecosilk / Silky Lyocell,build new collection,collection,2,1300,2180,218,,,125,mulberry silk duvets | silk duvets
Flannel Bedding,/collections/flannel-bedding,— no current line (product gap),build new collection,collection,2,3600,4080,408,,,122,flannel bedding set | organic cotton flannel bedding
Throw Pillow Size Guide,/pages/throw-pillow-size-guide,"— (category page, all fabrics)",build guide/blog page,guide/blog,1,2400,2400,240,,,120,decorative pillow sizes
Ruffled Bedding,/collections/ruffled-bedding,"— (category page, all fabrics)",build new collection,collection,1,2400,2400,240,,,120,ruffle bedding
Twin Xl Blanket,/collections/twin-xl-blanket,"— (category page, all fabrics)",build new collection,collection,1,2400,2400,240,,,120,twin xl blanket
Oversized Bedding,/collections/oversized-bedding,"— (category page, all fabrics)",build new collection,collection,1,2400,2400,240,,,120,oversized bedding
Quilted Robe,/collections/quilted-robe,"— (category page, all fabrics)",build new collection,collection,2,1600,2320,232,,,116,quilted robe | womens quilted robe
Ruffled Comforter,/collections/ruffled-comforter,"— (category page, all fabrics)",build new collection,collection,2,1300,2300,230,,,115,ruffle comforter | white ruffle comforter
Linen Robe,/collections/linen-robe,European Flax Linacel,build new collection,collection,1,1900,1900,190,,,109,robe linen
Sateen Duvet Cover,/collections/sateen-duvet-cover,Luce Cotton Sateen,build new collection,collection,2,1300,1890,189,,,109,sateen duvet cover | cotton sateen duvet cover
Towel Size Guide,/pages/towel-size-guide,"— (category page, all fabrics)",build guide/blog page,guide/blog,2,1900,2070,207,,,104,how to get the mildew smell out of towels | how to wash turkish towels
Lyocell Pillow,/collections/lyocell-pillow,Silky Lyocell (TENCEL™),build new collection,collection,2,880,1760,176,,,101,tencel pillows | tencel pillow
California King Blanket,/collections/california-king-blanket,"— (category page, all fabrics)",build new collection,collection,1,1900,1900,190,,,95,california king blanket
Boho Comforter,/collections/boho-comforter,"— (category page, all fabrics)",build new collection,collection,1,1900,1900,190,,,95,boho comforter set
Alaskan King Comforter,/collections/alaskan-king-comforter,"— (category page, all fabrics)",build new collection,collection,1,1900,1900,190,,,95,alaskan king comforter
California King Bedspread,/collections/california-king-bedspread,"— (category page, all fabrics)",build new collection,collection,1,1900,1900,190,,,95,california king bedspread
Boho Duvet Cover,/collections/boho-duvet-cover,"— (category page, all fabrics)",build new collection,collection,1,1900,1900,190,,,95,boho duvet cover
Full Towel,/collections/full-towel,"— (category page, all fabrics)",build new collection,collection,1,1900,1900,190,,,95,double towel bar
Hotel Towel,/collections/hotel-towel,"— (category page, all fabrics)",build new collection,collection,1,1900,1900,190,,,95,hotel towels
Embroidered Robe,/collections/embroidered-robe,"— (category page, all fabrics)",build new collection,collection,1,1900,1900,190,,,95,embroidered robe
Twin Xl Quilt,/collections/twin-xl-quilt,"— (category page, all fabrics)",build new collection,collection,1,1900,1900,190,,,95,twin xl quilt
Quilted Throw,/collections/quilted-throw,"— (category page, all fabrics)",build new collection,collection,1,1900,1900,190,,,95,quilted throw blankets
Lyocell Duvet Cover,/collections/lyocell-duvet-cover,Silky Lyocell (TENCEL™),build new collection,collection,3,720,1650,165,,,95,tencel duvet covers | duvet cover tencel | lyocell duvet covers
Striped Throw,/collections/striped-throw,"— (category page, all fabrics)",build new collection,collection,2,1000,1880,188,,,94,striped throw pillow | striped blankets and throws
Snug Waffle,/collections/snug-waffle,Waffle,optimize existing,collection,3,720,1610,161,,,93,waffle throw blankets | waffle throw blanket | waffle knit throw blanket
King Weighted Blanket,/collections/king-weighted-blanket,Crystal Weighted Blanket,build new collection,collection,1,1600,1600,160,,,92,king size weighted blanket
Silk Duvet Cover,/collections/silk-duvet-cover,Ecosilk / Silky Lyocell,build new collection,collection,1,1600,1600,160,,,92,silk duvet cover
Velvet Blanket,/collections/velvet-blanket,Velvet,build new collection,collection,1,1600,1600,160,,,92,velvet blanket
Velvet Robe,/collections/velvet-robe,Velvet,build new collection,collection,2,1000,1590,159,,,91,velvet robe | womens velvet robe
Flannel Quilt,/collections/flannel-quilt,— no current line (product gap),build new collection,collection,1,2900,2900,290,,,87,flannel rag quilt
Velvet Bedding,/collections/velvet-bedding,Velvet,optimize existing,collection,2,1300,1510,151,,,87,velvet bedding | luxury velvet bedding
Bamboo Robe,/collections/bamboo-robe,Premium Lumière (Bamboo),build new collection,collection,2,720,1440,144,,,83,womens bamboo robe | bamboo robe
Striped Pillow,/collections/striped-pillow,"— (category page, all fabrics)",build new collection,collection,1,1600,1600,160,,,80,striped pillow
Breathable Comforter,/collections/breathable-comforter,"— (category page, all fabrics)",build new collection,collection,1,1600,1600,160,,,80,breathable comforter
King Sham,/collections/king-sham,"— (category page, all fabrics)",build new collection,collection,1,1600,1600,160,,,80,king pillow shams
Organic Pillow,/collections/organic-pillow,"— (category page, all fabrics)",build new collection,collection,1,1600,1600,160,,,80,organic latex pillow
Full Blanket,/collections/full-blanket,"— (category page, all fabrics)",build new collection,collection,1,1600,1600,160,,,80,double crochet blanket
Boho Blanket,/collections/boho-blanket,"— (category page, all fabrics)",build new collection,collection,1,1600,1600,160,,,80,boho blanket
Waffle Comforter,/collections/waffle-comforter,Waffle,build new collection,collection,1,1300,1300,130,,,75,waffle comforter
Velvet Sheets,/collections/velvet-sheets,Velvet,build new collection,collection,1,1300,1300,130,,,75,velvet bed sheets
Silk Bath Robe,/collections/silk-bath-robe,Ecosilk / Silky Lyocell,build new collection,collection,1,1300,1300,130,,,75,silk bathrobe
Organic Cotton Quilt,/collections/organic-cotton-quilt,Organic Cotton,build new collection,collection,1,1300,1300,130,,,75,organic cotton quilt
Percale Bedspread,/collections/percale-bedspread,— no current line (product gap),build new collection,collection,1,2400,2400,240,,,72,cotton percale bedspread
Flannel Loungewear,/collections/flannel-loungewear,— no current line (product gap),build new collection,collection,1,2400,2400,240,,,72,flannel pajama set women
Muslin Throw,/collections/muslin-throw,Muslin / Snug Muslin,build new collection,collection,2,590,1180,118,,,68,muslin throw blankets | muslin throw blanket
Lyocell Blanket,/collections/lyocell-blanket,Silky Lyocell (TENCEL™),build new collection,collection,3,390,1170,117,,,67,tencel blankets | tencel blanket | lyocell blanket
Striped Bath Robe,/collections/striped-bath-robe,"— (category page, all fabrics)",build new collection,collection,1,1300,1300,130,,,65,striped bath robe
King Coverlet,/collections/king-coverlet,"— (category page, all fabrics)",build new collection,collection,1,1300,1300,130,,,65,king size coverlet
Organic Duvet Cover,/collections/organic-duvet-cover,"— (category page, all fabrics)",build new collection,collection,1,1300,1300,130,,,65,organic duvet cover
King Rug,/collections/king-rug,"— (category page, all fabrics)",build new collection,collection,1,1300,1300,130,,,65,rug under king bed
Breathable Pillow,/collections/breathable-pillow,"— (category page, all fabrics)",build new collection,collection,1,1300,1300,130,,,65,breathable pillow
Organic Comforter,/collections/organic-comforter,"— (category page, all fabrics)",build new collection,collection,1,1300,1300,130,,,65,organic comforter
Striped Quilt,/collections/striped-quilt,"— (category page, all fabrics)",build new collection,collection,1,1300,1300,130,,,65,striped quilt
Faux Fur Robe,/collections/faux-fur-robe,Snug / Faux Fur,build new collection,collection,2,590,1070,107,,,62,fur robe for men | robe with fur trim
Full Robe,/collections/full-robe,"— (category page, all fabrics)",build new collection,collection,2,590,1180,118,,,59,zipper front robes full length | full length robes for women
Cooling Quilt,/collections/cooling-quilt,Cloud Cool / Cooling Edit,build new collection,collection,1,1000,1000,100,,,57,cool quilts
Modal Bedding,/collections/modal-bedding,Naked Modal,build new collection,collection,1,1000,1000,100,,,57,modal bedding set
Oversized Sheets,/collections/oversized-sheets,"— (category page, all fabrics)",build new collection,collection,1,1000,1000,100,,,50,oversized bath sheets
Striped Blanket,/collections/striped-blanket,"— (category page, all fabrics)",build new collection,collection,1,1000,1000,100,,,50,striped blanket
Organic Towel,/collections/organic-towel,"— (category page, all fabrics)",build new collection,collection,1,1000,1000,100,,,50,bath towels organic
Twin Pillowcase,/collections/twin-pillowcase,"— (category page, all fabrics)",build new collection,collection,1,1000,1000,100,,,50,twin pillow case size
Striped Throw Pillow,/collections/striped-throw-pillow,"— (category page, all fabrics)",build new collection,collection,1,1000,1000,100,,,50,striped lumbar pillow
Reversible Duvet Cover,/collections/reversible-duvet-cover,"— (category page, all fabrics)",build new collection,collection,1,1000,1000,100,,,50,reversible duvet cover
Ruffled Pillow,/collections/ruffled-pillow,"— (category page, all fabrics)",build new collection,collection,1,1000,1000,100,,,50,ruffle pillow
Microfiber Bedding,/collections/microfiber-bedding,— no current line (product gap),build new collection,collection,1,1600,1600,160,,,48,microfiber bedding
Microfiber Rug,/collections/microfiber-rug,— no current line (product gap),build new collection,collection,1,1600,1600,160,,,48,microfiber bath rugs
Flannel Throw,/collections/flannel-throw,— no current line (product gap),build new collection,collection,1,1000,1000,100,,,30,flannel throw blanket
