keyword,last_position,last_rank_absolute,search_volume,etv_when_ranking,keyword_difficulty,cpc,search_intent,lost_url,url_type,is_brand,last_seen
steamer trunk coffee table,2,4,2400,469.8,0,1.1800000667572021,transactional,https://wassersfurniture.com/steamer-trunk-coffee-table-on-display-quickship.html,legacy .html,False,2026-03-29 17:01:40 +00:00
steamer trunk as coffee table,3,6,2400,282.2,0,1.1800000667572021,transactional,https://wassersfurniture.com/steamer-trunk-coffee-table-on-display-quickship.html,legacy .html,False,2026-03-14 00:02:29 +00:00
luna chair,2,3,880,142.6,0,0.7200000286102295,transactional,https://wassersfurniture.com/luna-low-back-chair.html,legacy .html,False,2026-03-16 11:10:19 +00:00
carrol boyes,2,2,590,95.6,0,0.5199999809265137,informational,https://wassersfurniture.com/shop-by-brand/a-c/carrol-boyes.html,legacy .html,False,2026-03-17 12:11:30 +00:00
airguide barometer,2,7,480,77.8,0,0.10000000149011612,transactional,https://wassersfurniture.com/vintage-airguide-thermometer-barometer-hygrometer-made-in-usa.html,legacy .html,False,2026-03-17 19:58:55 +00:00
play 1 play,4,6,880,58.0,0,0.1899999976158142,informational,https://wassersfurniture.com/sonos-play-1.html,legacy .html,False,2026-03-16 09:22:05 +00:00
maitland smith obelisk,2,5,320,51.8,0,0.07999999821186066,informational,https://wassersfurniture.com/pair-maitland-smith-neoclassical-tessellate-obelisks.html,legacy .html,False,2026-04-22 18:01:24 +00:00
play play 1,5,8,880,41.3,0,0.1899999976158142,informational,https://wassersfurniture.com/sonos-play-1.html,legacy .html,False,2026-03-16 09:23:52 +00:00
antique steamer trunk coffee table,5,8,720,41.3,0,1.0199999809265137,transactional,https://wassersfurniture.com/steamer-trunk-coffee-table-on-display-quickship.html,legacy .html,False,2026-03-16 17:30:10 +00:00
antique airguide barometer,2,5,210,34.0,0,0.09000000357627869,transactional,https://wassersfurniture.com/vintage-airguide-thermometer-barometer-hygrometer-made-in-usa.html,legacy .html,False,2025-10-31 14:23:06 +00:00
cloud luxe breeze tempur-pedic,2,4,210,34.0,0,4.529999732971191,transactional,https://wassersfurniture.com/tempur-cloud-luxe-breeze.html,legacy .html,False,2026-04-25 21:55:42 +00:00
romina furniture,6,8,880,29.7,0,3.259999990463257,navigational,https://wassersfurniture.com/shop-by-brand/r-z/romina-furniture.html,legacy .html,False,2026-03-16 08:29:43 +00:00
dia table,2,3,170,27.5,0,2.759999990463257,informational,https://wassersfurniture.com/shop-by-brand/d-g/dia.html,legacy .html,False,2026-03-06 15:43:09 +00:00
play 1,7,9,880,22.5,7,0.1899999976158142,informational,https://wassersfurniture.com/sonos-play-1.html,legacy .html,False,2026-03-16 09:21:02 +00:00
stone international,10,14,1600,18.1,0,6.190000057220459,navigational,https://wassersfurniture.com/shop-by-brand/r-z/stone-international.html,legacy .html,False,2026-03-14 13:16:58 +00:00
newport cottage,6,6,480,16.2,13,2.2300000190734863,navigational,https://wassersfurniture.com/shop-by-brand/l-p/newport-cottages.html,legacy .html,False,2026-01-22 22:30:32 +00:00
dias furniture,1,3,50,15.2,0,0.20000000298023224,navigational,https://wassersfurniture.com/shop-by-brand/d-g/dia.html,legacy .html,False,2026-04-12 02:41:19 +00:00
sonos connect amp specs,1,2,40,15.2,0,6.210000038146973,informational,https://wassersfurniture.com/sonos-connect-amp.html,legacy .html,False,2026-04-10 12:10:45 +00:00
sonos connect:amp specs,1,2,40,15.2,0,6.210000038146973,informational,https://wassersfurniture.com/sonos-connect-amp.html,legacy .html,False,2026-03-26 19:03:08 +00:00
crocodile chair,2,4,90,14.6,0,1.0099999904632568,transactional,https://wassersfurniture.com/dining-chair-made-in-italy-in-stock-croc-embossed-leather.html,legacy .html,False,2026-05-05 14:07:00 +00:00
dreamweavers pebble rug,2,4,20,14.6,0,0.44999998807907104,transactional,https://wassersfurniture.com/dreamweavers-shimmer-pebble-platinum-white-in-stock-ready-to-ship.html,legacy .html,False,2026-03-22 08:13:26 +00:00
dreamweavers rugs pebble,2,2,20,14.6,0,0.44999998807907104,transactional,https://wassersfurniture.com/dreamweavers-shimmer-pebble-platinum-white-in-stock-ready-to-ship.html,legacy .html,False,2026-03-22 08:14:51 +00:00
play 3 dimensions,4,7,210,13.8,0,0.12999999523162842,informational,https://wassersfurniture.com/sonos-play-3.html,legacy .html,False,2026-03-19 21:44:40 +00:00
newport cottages,7,9,480,12.3,14,2.2300000190734863,navigational,https://wassersfurniture.com/shop-by-brand/l-p/newport-cottages.html,legacy .html,False,2026-04-21 08:27:58 +00:00
airguide barometer thermometer hygrometer,1,2,50,12.2,0,0.5299999713897705,transactional,https://wassersfurniture.com/vintage-airguide-thermometer-barometer-hygrometer-made-in-usa.html,legacy .html,False,2026-03-27 13:09:46 +00:00
airguide thermometer,2,6,70,11.3,0,0.07000000029802322,transactional,https://wassersfurniture.com/vintage-airguide-thermometer-barometer-hygrometer-made-in-usa.html,legacy .html,False,2026-04-09 21:54:39 +00:00
american signature leather sofa,2,5,70,11.3,0,0.7300000190734863,transactional,https://wassersfurniture.com/american-leather-parker-leather-sofa-showroom-sample-sale.html,legacy .html,False,2026-03-08 05:21:21 +00:00
vintage italian dining chairs,2,4,70,11.3,0,0.6899999976158142,transactional,https://wassersfurniture.com/vintage-italian-dining-chairs-set-of-6.html,legacy .html,False,2026-03-22 16:43:36 +00:00
what is sonos connect,4,7,140,11.2,0,,informational,https://wassersfurniture.com/sonos-connect-amp.html,legacy .html,False,2026-03-06 02:51:29 +00:00
sonos connect gen1,6,10,320,10.8,0,0.3400000035762787,transactional,https://wassersfurniture.com/sonos-connect-amp.html,legacy .html,False,2026-01-31 01:57:30 +00:00
sonos connect amp dimensions,1,2,30,9.1,0,,informational,https://wassersfurniture.com/sonos-connect-amp.html,legacy .html,False,2026-03-28 04:19:57 +00:00
sonos connect:amp dimensions,1,2,30,9.1,0,,commercial,https://wassersfurniture.com/sonos-connect-amp.html,legacy .html,False,2026-03-28 04:19:46 +00:00
glass top for dining room table,9,12,590,8.9,0,2.319999933242798,transactional,https://wassersfurniture.com/furniture/diningroom/glass-tops.html,legacy .html,False,2026-03-04 12:11:05 +00:00
alligator skin chairs,2,6,50,8.1,0,0.7099999785423279,transactional,https://wassersfurniture.com/dining-chair-made-in-italy-in-stock-croc-embossed-leather.html,legacy .html,False,2026-04-12 17:46:39 +00:00
dia furniture,2,2,50,8.1,0,0.20000000298023224,transactional,https://wassersfurniture.com/shop-by-brand/d-g/dia.html,legacy .html,False,2026-04-12 02:47:56 +00:00
joya rocker by monte,2,2,50,8.1,0,1.1299999952316284,informational,https://wassersfurniture.com/chair-monte-design-joya-nursery-rocking-chair.html,legacy .html,False,2026-03-25 21:33:43 +00:00
joya rocker monte,2,2,50,8.1,0,1.1299999952316284,informational,https://wassersfurniture.com/chair-monte-design-joya-nursery-rocking-chair.html,legacy .html,False,2026-04-11 09:12:32 +00:00
luna low back chair,2,2,50,8.1,0,0.5799999833106995,transactional,https://wassersfurniture.com/luna-low-back-chair.html,legacy .html,False,2026-03-08 12:09:29 +00:00
monte joya rocker,2,3,50,8.1,0,1.1299999952316284,informational,https://wassersfurniture.com/chair-monte-design-joya-nursery-rocking-chair.html,legacy .html,False,2026-04-11 02:15:38 +00:00
tub sofa,2,6,50,8.1,0,3.4000000953674316,transactional,https://wassersfurniture.com/eilersen-tub-sofa-tunnel-36-fabric-free-same-day-pickup-next-day-quickship.html,legacy .html,False,2026-03-08 06:31:54 +00:00
sonos connect amp specifications,2,4,40,8.1,0,6.210000038146973,navigational,https://wassersfurniture.com/sonos-connect-amp.html,legacy .html,False,2026-03-26 19:02:46 +00:00
leather low back chair,3,3,70,6.8,0,2.2699999809265137,transactional,https://wassersfurniture.com/luna-low-back-chair.html,legacy .html,False,2026-04-08 12:05:11 +00:00
lucite nesting tables,3,6,70,6.8,0,3.3299999237060547,transactional,https://wassersfurniture.com/kac-lucite-nesting-tables-set-of-3-same-day-pickup-next-day-quickship.html,legacy .html,False,2026-05-07 07:44:34 +00:00
colonial buffet,7,9,210,6.7,0,,informational,https://wassersfurniture.com/vintage-spanish-colonial-buffet.html,legacy .html,False,2026-04-29 15:45:30 +00:00
luna chair odd knutsen,5,6,140,6.6,0,0.38999998569488525,transactional,https://wassersfurniture.com/luna-low-back-chair.html,legacy .html,False,2025-09-09 12:38:50 +00:00
crocodile leather chair,2,6,40,6.5,0,0.5699999928474426,transactional,https://wassersfurniture.com/dining-chair-made-in-italy-in-stock-croc-embossed-leather.html,legacy .html,False,2026-02-26 01:43:10 +00:00
monte trundle bed,2,3,40,6.5,0,1.4500000476837158,transactional,https://wassersfurniture.com/monte-design-dorma-trundle-bed.html,legacy .html,False,2026-04-14 04:43:02 +00:00
sonos play 3 dimensions,2,4,40,6.5,0,,transactional,https://wassersfurniture.com/sonos-play-3.html,legacy .html,False,2026-04-13 14:38:52 +00:00
sonos play:3 dimensions,2,4,40,6.5,0,,informational,https://wassersfurniture.com/sonos-play-3.html,legacy .html,False,2026-04-13 14:38:49 +00:00
pablo lana lamp,2,2,30,6.5,0,0.029999999329447746,transactional,https://wassersfurniture.com/pablo-lana.html,legacy .html,False,2026-03-28 13:01:38 +00:00
vintage sonneman floor lamp,2,3,30,6.5,0,0.009999999776482582,transactional,https://wassersfurniture.com/vintage-sonneman-3033-floor-lamp.html,legacy .html,False,2026-04-13 11:41:51 +00:00
riverstone coffee table,4,7,110,5.9,0,1.75,transactional,https://wassersfurniture.com/phillips-collection-river-stone-coffee-table-gold-leaf.html,legacy .html,False,2026-04-06 06:07:41 +00:00
mattress for babyletto mini crib,9,12,390,5.8,0,1.0199999809265137,transactional,https://wassersfurniture.com/crib-mini-mattress-babyletto-coco-core-non-toxic-mini-mattress-with-water-repellent-smart-cover-m5348c.html,legacy .html,False,2026-04-21 23:41:05 +00:00
monte rocker,6,8,170,5.7,0,1.149999976158142,informational,https://wassersfurniture.com/chair-monte-design-joya-nursery-rocking-chair.html,legacy .html,False,2026-04-03 23:02:49 +00:00
american signature recliners,10,17,480,5.4,0,2.069999933242798,transactional,https://wassersfurniture.com/shop-by-brand/a-c/american-leather/comfort-recliner-by-american-leather.html,legacy .html,False,2026-03-31 17:45:57 +00:00
kudu horn lights,8,12,260,5.1,0,0.7099999785423279,transactional,https://wassersfurniture.com/kudu-horn-double-twist-standing-lamp-in-stock.html,legacy .html,False,2026-04-02 21:06:35 +00:00
american leather simon recliner,3,3,50,4.9,0,1.0399999618530273,transactional,https://wassersfurniture.com/american-leather-simon-re-invented-recliner-blue-high-performance-fabric-in-stock.html,legacy .html,False,2026-04-12 17:29:23 +00:00
creative elegance,3,6,50,4.9,0,,informational,https://wassersfurniture.com/shop-by-brand/a-c/creative-elegance.html,legacy .html,False,2026-04-12 04:45:26 +00:00
design institute of america furniture,3,4,50,4.9,0,1.8899999856948853,navigational,https://wassersfurniture.com/shop-by-brand/d-g/dia.html,legacy .html,False,2026-03-26 00:05:31 +00:00
leather bedding,3,8,50,4.9,0,1.0499999523162842,transactional,https://wassersfurniture.com/american-leather-comfort-sleeper-gotcha-covered-white-sheet-set-sea-salt.html,legacy .html,False,2026-04-11 07:14:30 +00:00
tempur cloud breeze mattress,3,3,50,4.9,1,5.119999885559082,transactional,https://wassersfurniture.com/tempur-cloud-luxe-breeze.html,legacy .html,False,2026-04-07 16:46:25 +00:00
tempur cloud luxe breeze mattress,3,5,50,4.9,0,2.8600001335144043,transactional,https://wassersfurniture.com/tempur-cloud-luxe-breeze.html,legacy .html,False,2026-04-10 09:38:40 +00:00
tempur-cloud breeze mattress,3,3,50,4.9,1,5.119999885559082,transactional,https://wassersfurniture.com/tempur-cloud-luxe-breeze.html,legacy .html,False,2026-03-23 21:05:08 +00:00
tempur-cloud luxe breeze mattress,3,4,50,4.9,0,2.8600001335144043,transactional,https://wassersfurniture.com/tempur-cloud-luxe-breeze.html,legacy .html,False,2026-04-10 09:38:51 +00:00
cloud luxe breeze,2,3,30,4.9,0,2.4100000858306885,transactional,https://wassersfurniture.com/tempur-cloud-luxe-breeze.html,legacy .html,False,2026-04-15 07:25:15 +00:00
luna chair by odd knutsen,2,4,30,4.9,0,0.3799999952316284,transactional,https://wassersfurniture.com/luna-low-back-chair.html,legacy .html,False,2026-02-06 23:40:54 +00:00
rossetto furniture,2,2,30,4.9,0,,navigational,https://wassersfurniture.com/shop-by-brand/r-z/rossetto-usa.html,legacy .html,False,2026-04-17 10:03:11 +00:00
rossetto furniture italy,2,2,30,4.9,0,,navigational,https://wassersfurniture.com/shop-by-brand/r-z/rossetto-usa.html,legacy .html,False,2026-04-17 10:03:25 +00:00
steamer trunk table,2,3,30,4.9,0,0.8500000238418579,transactional,https://wassersfurniture.com/steamer-trunk-coffee-table-on-display-quickship.html,legacy .html,False,2026-04-17 03:59:50 +00:00
african print chair,4,7,70,4.6,0,0.9300000071525574,transactional,https://wassersfurniture.com/swivel-chair-custom-african-print-fabric.html,legacy .html,False,2026-04-09 22:00:09 +00:00
ferguson copeland armoire,4,5,50,4.6,0,,navigational,https://wassersfurniture.com/fergusen-copeland-eglomise-armoire.html,legacy .html,False,2026-04-09 01:25:40 +00:00
sonos play:1 specifications,4,4,50,4.6,0,,informational,https://wassersfurniture.com/sonos-play-1.html,legacy .html,False,2026-03-23 22:39:09 +00:00
executive lounge chair,3,5,40,3.9,10,1.7300000190734863,transactional,https://wassersfurniture.com/furniture/homes-offices/executive-seating.html,legacy .html,False,2026-03-27 05:27:13 +00:00
gamma pretty chair,3,5,40,3.9,0,0.7300000190734863,transactional,https://wassersfurniture.com/gamma-pretty-chair.html,legacy .html,False,2026-03-11 06:12:13 +00:00
leather luna chair,3,4,40,3.9,0,0.05999999865889549,transactional,https://wassersfurniture.com/luna-low-back-chair.html,legacy .html,False,2026-04-14 10:18:23 +00:00
luna leather chair,3,6,40,3.9,0,0.05999999865889549,transactional,https://wassersfurniture.com/luna-low-back-chair.html,legacy .html,False,2026-04-14 08:47:28 +00:00
monte white rockwell bassinet,3,5,40,3.9,0,1.2000000476837158,transactional,https://wassersfurniture.com/bassinet-monte-design-rockwell-bassinet.html,legacy .html,False,2026-03-27 04:18:39 +00:00
sonos 3 dimensions,3,5,40,3.9,0,,informational,https://wassersfurniture.com/sonos-play-3.html,legacy .html,False,2026-04-13 14:38:41 +00:00
sonos :3 dimensions,3,5,40,3.9,0,,informational,https://wassersfurniture.com/sonos-play-3.html,legacy .html,False,2026-04-13 14:38:34 +00:00
stone international dining table,3,3,40,3.9,0,2.700000047683716,transactional,https://wassersfurniture.com/shop-by-brand/r-z/stone-international.html,legacy .html,False,2026-04-17 03:42:40 +00:00
stone international dining tables,3,3,40,3.9,0,2.700000047683716,transactional,https://wassersfurniture.com/shop-by-brand/r-z/stone-international.html,legacy .html,False,2026-04-17 03:42:15 +00:00
joya rocker,3,4,30,3.9,0,1.5,informational,https://wassersfurniture.com/chair-monte-design-joya-nursery-rocking-chair.html,legacy .html,False,2026-03-27 02:29:40 +00:00
milo baughman thayer coggin sectional,3,4,30,3.9,0,0.1899999976158142,navigational,https://wassersfurniture.com/thayer-coggin-design-classic-825-sectional-sofa-milo-baughman.html,legacy .html,False,2026-04-18 00:44:27 +00:00
54 inch round glass table top,6,9,110,3.7,0,2.7100000381469727,transactional,https://wassersfurniture.com/glass-table-top-54-round-quickship.html,legacy .html,False,2026-03-22 13:38:13 +00:00
newport cottages crib,6,7,110,3.7,0,2.9600000381469727,navigational,https://wassersfurniture.com/newport-cottages-casey-crib.html,legacy .html,False,2026-05-03 04:17:18 +00:00
monte dorma bed,4,7,50,3.3,0,3.569999933242798,transactional,https://wassersfurniture.com/monte-design-dorma-twin-bed-with-trundle.html,legacy .html,False,2026-04-11 02:15:43 +00:00
shaw bed,4,7,50,3.3,0,1.1800000667572021,transactional,https://wassersfurniture.com/american-leather-shaw-bed-in-stock-on-display-quickship.html,legacy .html,False,2026-03-26 07:50:28 +00:00
white steamer trunk coffee table,4,8,50,3.3,0,1.649999976158142,transactional,https://wassersfurniture.com/steamer-trunk-coffee-table-on-display-quickship.html,legacy .html,False,2025-07-26 11:56:30 +00:00
sonos play:3 specifications,4,5,40,3.3,0,0.7200000286102295,informational,https://wassersfurniture.com/sonos-play-3.html,legacy .html,False,2026-03-25 19:45:22 +00:00
ming coffee table vintage,3,5,30,2.9,0,0.23000000417232513,transactional,https://wassersfurniture.com/vintage-ming-coffee-table.html,legacy .html,False,2026-04-18 02:28:57 +00:00
newport cottage dresser,3,4,30,2.9,0,2.2699999809265137,navigational,https://wassersfurniture.com/newport-cottages-astoria-dresser.html,legacy .html,False,2026-04-17 21:38:02 +00:00
newport cottages dresser,3,3,30,2.9,0,2.2699999809265137,navigational,https://wassersfurniture.com/newport-cottages-astoria-dresser.html,legacy .html,False,2026-04-17 21:41:30 +00:00
pablo light bench,3,3,30,2.9,0,0.33000001311302185,transactional,https://wassersfurniture.com/pablo-light-bench.html,legacy .html,False,2026-03-28 12:55:44 +00:00
american leather parker sofa,7,10,110,2.8,0,0.7900000214576721,transactional,https://wassersfurniture.com/american-leather-parker-leather-sofa-showroom-sample-sale.html,legacy .html,False,2026-05-04 04:49:11 +00:00
steamer trunk side table,4,6,40,2.6,0,0.3499999940395355,transactional,https://wassersfurniture.com/steamer-trunk-coffee-table-on-display-quickship.html,legacy .html,False,2026-04-13 14:07:59 +00:00
missoni pouf sale,4,6,30,2.6,0,1.3700000047683716,transactional,https://wassersfurniture.com/missoni-home-patch-cylinder-ottoman-pouf-16-x-12-free-pickup-free-shipping.html,legacy .html,False,2026-04-14 05:10:53 +00:00
american leather comfort recliner,6,11,70,2.4,0,1.409999966621399,transactional,https://wassersfurniture.com/shop-by-brand/a-c/american-leather/comfort-recliner-by-american-leather.html,legacy .html,False,2026-04-09 21:54:49 +00:00
sonos play:1 specs,6,8,50,2.4,0,,informational,https://wassersfurniture.com/sonos-play-1.html,legacy .html,False,2026-03-23 22:39:39 +00:00
oriental weavers rug pad,5,6,50,2.3,0,2.619999885559082,transactional,https://wassersfurniture.com/oriental-weavers-5-x-8-premiere-grip-all-in-one-rug-pad-748679210060.html,legacy .html,False,2026-04-10 22:29:52 +00:00
bernhardt zola chair,9,12,140,2.1,0,1.1800000667572021,transactional,https://wassersfurniture.com/bernhardt-interiors-zola-accent-chair-n8103.html,legacy .html,False,2026-05-02 09:40:58 +00:00
shabbos table,9,11,110,2.1,0,0.6899999976158142,transactional,https://wassersfurniture.com/furniture/diningroom/shabbos-tables.html?p=4,legacy category,False,2026-05-01 12:15:24 +00:00
river stone table,4,7,30,2.0,0,1.4199999570846558,transactional,https://wassersfurniture.com/phillips-collection-river-stone-cocktail-table.html,legacy .html,False,2026-03-28 08:05:37 +00:00
romina cleopatra crib,4,4,30,2.0,0,3.180000066757202,informational,https://wassersfurniture.com/romina-furniture-cleopatra-classic-crib.html,legacy .html,False,2026-03-28 07:49:58 +00:00
sonneman table lamp,4,7,30,2.0,0,0.9200000166893005,transactional,https://wassersfurniture.com/vintage-sonneman-suspended-table-lamp.html,legacy .html,False,2026-04-17 05:54:15 +00:00
sonos connect 1,4,7,30,2.0,0,,navigational,https://wassersfurniture.com/sonos-connect-amp.html,legacy .html,False,2026-03-09 06:02:54 +00:00
sonos connect:amp speakers,4,7,30,2.0,0,0.6100000143051147,navigational,https://wassersfurniture.com/sonos-connect-amp.html,legacy .html,False,2026-03-28 04:20:10 +00:00
toulet billard,4,4,20,2.0,0,1.3899999856948853,transactional,https://wassersfurniture.com/shop-by-brand/r-z/toulet-billiard.html,legacy .html,False,2026-03-27 23:21:30 +00:00
riverstone table,5,7,50,1.9,0,1.6600000858306885,transactional,https://wassersfurniture.com/phillips-collection-river-stone-cocktail-table.html,legacy .html,False,2026-04-13 18:05:30 +00:00
carrol boyes tray,5,7,40,1.9,0,,transactional,https://wassersfurniture.com/shop-by-brand/a-c/carrol-boyes.html,legacy .html,False,2026-03-27 11:26:41 +00:00
black steamer trunk coffee table,7,12,70,1.8,0,1.25,transactional,https://wassersfurniture.com/steamer-trunk-coffee-table-on-display-quickship.html,legacy .html,False,2026-03-25 23:32:02 +00:00
american leather factory outlet,7,9,50,1.8,0,2.140000104904175,navigational,https://wassersfurniture.com/shop-by-brand/a-c/american-leather.html,legacy .html,False,2026-03-07 10:04:10 +00:00
tempur-cloud supreme breeze mattress,7,11,50,1.8,0,3.3600001335144043,transactional,https://wassersfurniture.com/tempur-cloud-luxe-breeze.html,legacy .html,False,2026-04-07 16:45:08 +00:00
dreamweaver rugs pebbles,8,10,20,1.8,0,0.44999998807907104,transactional,https://wassersfurniture.com/dreamweavers-shimmer-pebble-platinum-white-in-stock-ready-to-ship.html,legacy .html,False,2026-03-22 08:15:59 +00:00
solis lamp,6,8,90,1.7,0,1.4300000667572021,transactional,https://wassersfurniture.com/pablo-solis.html,legacy .html,False,2026-03-26 22:23:39 +00:00
54 in glass table top,6,8,50,1.7,0,1.600000023841858,transactional,https://wassersfurniture.com/glass-table-top-54-round-quickship.html,legacy .html,False,2025-12-21 09:05:10 +00:00
antique thermometer barometer hygrometer,6,9,50,1.7,0,0.20000000298023224,transactional,https://wassersfurniture.com/vintage-airguide-thermometer-barometer-hygrometer-made-in-usa.html,legacy .html,False,2026-04-12 16:47:52 +00:00
jardin couture,6,7,50,1.7,0,3.2899999618530273,informational,https://wassersfurniture.com/shop-by-brand/a-c/couture-jardin.html,legacy .html,False,2026-03-08 14:10:00 +00:00
sonos play 1 specifications,6,8,50,1.7,0,,informational,https://wassersfurniture.com/sonos-play-1.html,legacy .html,False,2026-04-07 19:01:17 +00:00
sonos play 3 specs,6,10,40,1.7,0,0.7200000286102295,transactional,https://wassersfurniture.com/sonos-play-3.html,legacy .html,False,2026-04-10 12:19:47 +00:00
sonos play:3 specs,6,10,40,1.7,0,0.7200000286102295,transactional,https://wassersfurniture.com/sonos-play-3.html,legacy .html,False,2026-04-10 12:19:46 +00:00
american leather outlet,8,9,70,1.4,0,1.1100000143051147,navigational,https://wassersfurniture.com/shop-by-brand/a-c/american-leather.html,legacy .html,False,2026-03-26 04:08:33 +00:00
tempur cloud supreme breeze mattress,8,11,50,1.4,0,3.3600001335144043,transactional,https://wassersfurniture.com/tempur-cloud-luxe-breeze.html,legacy .html,False,2026-04-07 16:36:52 +00:00
costantini pietro chairs,6,9,40,1.4,0,0.75,navigational,https://wassersfurniture.com/costantini-pietro-charm-dining-chairs-set-of-4-in-stock.html,legacy .html,False,2026-04-12 04:59:20 +00:00
crocodile dining chairs,6,10,40,1.4,0,0.8799999952316284,transactional,https://wassersfurniture.com/dining-chair-made-in-italy-in-stock-croc-embossed-leather.html,legacy .html,False,2026-03-27 13:02:41 +00:00
romina imperio crib,6,7,40,1.4,0,4.949999809265137,navigational,https://wassersfurniture.com/romina-furniture-imperio-convertible-crib-open-back.html,legacy .html,False,2026-03-08 07:25:49 +00:00
marine coffee table,5,7,30,1.4,0,1.6299999952316284,transactional,https://wassersfurniture.com/pavoncello-whereisit-collection-onde-marine-coffee-table.html,legacy .html,False,2026-04-18 03:17:54 +00:00
sonos connect amp speakers,5,7,30,1.4,0,0.6100000143051147,transactional,https://wassersfurniture.com/sonos-connect-amp.html,legacy .html,False,2026-03-28 04:21:22 +00:00
wings coffee table,5,8,30,1.4,0,6.340000152587891,transactional,https://wassersfurniture.com/dia-design-institute-of-america-wings-coffee-table-370-07.html,legacy .html,False,2026-03-10 11:42:34 +00:00
sonneman floor lamp vintage,6,9,30,1.4,0,0.009999999776482582,transactional,https://wassersfurniture.com/vintage-sonneman-floor-lamp.html,legacy .html,False,2026-04-13 14:35:33 +00:00
dreamweaver pebble rug,9,12,20,1.4,0,0.44999998807907104,transactional,https://wassersfurniture.com/dreamweavers-shimmer-pebble-platinum-white-in-stock-ready-to-ship.html,legacy .html,False,2026-03-22 08:15:49 +00:00
monte daybed,7,10,50,1.3,0,1.940000057220459,transactional,https://wassersfurniture.com/monte-design-twin-daybed-sofa.html,legacy .html,False,2026-03-08 10:47:07 +00:00
sonos play 1 specs,7,12,50,1.3,0,,informational,https://wassersfurniture.com/sonos-play-1.html,legacy .html,False,2026-04-07 19:01:18 +00:00
tempur-pedic cloud breeze mattress,7,9,50,1.3,10,5.119999885559082,transactional,https://wassersfurniture.com/tempur-cloud-luxe-breeze.html,legacy .html,False,2026-04-07 16:45:58 +00:00
american leather recliner sale,7,9,40,1.3,0,2.059999942779541,transactional,https://wassersfurniture.com/shop-by-brand/a-c/american-leather/comfort-recliner-by-american-leather.html,legacy .html,False,2026-04-12 17:22:49 +00:00
missoni ottoman poufs,10,14,140,1.2,0,3.180000066757202,transactional,https://wassersfurniture.com/missoni-home-patch-cylinder-ottoman-pouf-16-x-12-free-pickup-free-shipping.html,legacy .html,False,2026-04-05 13:53:39 +00:00
variable balans by varier,10,16,90,1.0,3,3.559999942779541,informational,https://wassersfurniture.com/varier-variable-balans-ergonomic-task-chair-with-backrest-free-shipping-no-tax.html,legacy .html,False,2026-03-07 11:39:52 +00:00
naos motion table,9,11,70,1.0,0,0.7099999785423279,navigational,https://wassersfurniture.com/naos-motion-cocktail-table-gemelli.html,legacy .html,False,2026-05-09 04:42:59 +00:00
italian dining chairs set of 6,9,12,50,1.0,0,2.490000009536743,transactional,https://wassersfurniture.com/vintage-italian-dining-chairs-set-of-6.html,legacy .html,False,2026-04-08 15:05:01 +00:00
gender neutral nursery furniture,8,10,50,1.0,0,1.7400000095367432,navigational,https://wassersfurniture.com/a-gender-neutral-nursery-room.html,legacy .html,False,2026-03-26 14:46:25 +00:00
oriental weavers rug pads,8,9,50,1.0,0,2.619999885559082,transactional,https://wassersfurniture.com/oriental-weavers-5-x-8-premiere-grip-all-in-one-rug-pad-748679210060.html,legacy .html,False,2026-04-10 22:29:48 +00:00
tempur pedic cloud breeze mattress,8,11,50,1.0,10,5.119999885559082,transactional,https://wassersfurniture.com/tempur-cloud-luxe-breeze.html,legacy .html,False,2026-04-07 16:46:01 +00:00
tessellated stone dining table,8,12,50,1.0,0,0.8399999737739563,transactional,https://wassersfurniture.com/tessellated-stone-x-extendable-dining-table.html,legacy .html,False,2026-04-10 09:25:24 +00:00
american leather sheets,7,8,40,1.0,0,3.75,transactional,https://wassersfurniture.com/american-leather-comfort-sleeper-gotcha-covered-white-sheet-set-sea-salt.html,legacy .html,False,2026-04-16 17:22:17 +00:00
carrol boyes trays,7,11,40,1.0,0,,transactional,https://wassersfurniture.com/shop-by-brand/a-c/carrol-boyes.html,legacy .html,False,2026-03-27 11:32:57 +00:00
costantini pietro dining chairs,7,10,40,1.0,0,0.6499999761581421,transactional,https://wassersfurniture.com/shop-by-brand/a-c/costantini-pietro-furniture.html,legacy .html,False,2026-04-15 06:38:23 +00:00
sonos 3 specs,8,11,40,1.0,0,0.7200000286102295,transactional,https://wassersfurniture.com/sonos-play-3.html,legacy .html,False,2026-04-10 12:11:00 +00:00
costantini furniture,7,8,30,1.0,0,0.7599999904632568,navigational,https://wassersfurniture.com/shop-by-brand/a-c/costantini-pietro-furniture.html,legacy .html,False,2026-04-15 06:34:20 +00:00
ekornes coffee table,7,10,30,1.0,0,0.5699999928474426,transactional,https://wassersfurniture.com/ekornes-stressless-you-urban-large-coffee-table.html,legacy .html,False,2026-03-09 13:29:44 +00:00
nursery works luma crib,6,6,30,1.0,0,3.5,navigational,https://wassersfurniture.com/nursery-works-luma-crub-acrylic-rose-gold.html,legacy .html,False,2026-04-17 21:06:18 +00:00
novella crib,8,10,30,1.0,0,1.0099999904632568,informational,https://wassersfurniture.com/nursery-works-novella-crib-nw15001.html,legacy .html,False,2026-04-10 23:43:32 +00:00
american leather dallas outlet,10,11,70,0.8,0,1.1100000143051147,commercial,https://wassersfurniture.com/shop-by-brand/a-c/american-leather.html,legacy .html,False,2025-07-19 20:08:25 +00:00
american leather swivel chair,10,14,70,0.8,0,4.320000171661377,transactional,https://wassersfurniture.com/shop-by-brand/a-c/american-leather/chairs.html,legacy .html,False,2026-04-09 21:51:36 +00:00
antique italian dining chairs,10,16,70,0.8,0,0.6899999976158142,transactional,https://wassersfurniture.com/vintage-italian-dining-chairs-set-of-6.html,legacy .html,False,2026-03-23 13:54:28 +00:00
tempur cloud deluxe,8,10,50,0.8,11,0.9700000286102295,transactional,https://wassersfurniture.com/tempur-cloud-luxe-breeze.html,legacy .html,False,2026-03-26 09:51:05 +00:00
all american leather,9,14,50,0.8,5,1.899999976158142,navigational,https://wassersfurniture.com/shop-by-brand/a-c/american-leather.html,legacy .html,False,2026-04-16 17:35:26 +00:00
american leather queen plus sheets,9,11,50,0.8,0,3.0899999141693115,transactional,https://wassersfurniture.com/american-leather-comfort-sleeper-gotcha-covered-white-sheet-set-sea-salt.html,legacy .html,False,2026-03-26 09:33:08 +00:00
naos coffee table,9,12,50,0.8,0,1.2300000190734863,transactional,https://wassersfurniture.com/naos-coffee-table-hula-motion-quickship.html,legacy .html,False,2026-04-14 03:38:17 +00:00
seat belt dining chairs,9,12,50,0.8,0,0.5799999833106995,transactional,https://wassersfurniture.com/phillips-collection-seatbelt-dining-chair-on-display.html,legacy .html,False,2026-03-25 20:09:09 +00:00
varier furniture,9,14,50,0.8,8,1.6399999856948853,navigational,https://wassersfurniture.com/shop-by-brand/r-z/varier.html,legacy .html,False,2026-03-23 18:46:10 +00:00
costantini pietro chair,8,10,40,0.8,0,0.75,transactional,https://wassersfurniture.com/costantini-pietro-charm-dining-chairs-set-of-4-in-stock.html,legacy .html,False,2026-04-12 05:06:44 +00:00
dormer bed,8,10,40,0.8,0,,transactional,https://wassersfurniture.com/monte-design-dorma-bed-queen-and-king.html,legacy .html,False,2026-04-15 02:38:33 +00:00
lafer kiri recliner,8,11,40,0.8,0,0.49000000953674316,transactional,https://wassersfurniture.com/shop-by-brand/l-p/lafer-recliners.html,legacy .html,False,2026-03-09 07:59:49 +00:00
luna chair leather,8,10,40,0.8,0,0.05999999865889549,transactional,https://wassersfurniture.com/luna-low-back-chair.html,legacy .html,False,2026-04-14 08:55:37 +00:00
monte luca glider chair and ottoman,9,13,30,0.8,0,3.3299999237060547,transactional,https://wassersfurniture.com/chair-monte-design-luca-nursery-glider.html,legacy .html,False,2026-03-08 10:48:03 +00:00
simon chair,9,15,50,0.6,0,0.6499999761581421,informational,https://wassersfurniture.com/american-leather-simon-re-invented-recliner-blue-high-performance-fabric-in-stock.html,legacy .html,False,2026-04-13 15:06:05 +00:00
american leather parker sectional,10,14,50,0.6,0,1.440000057220459,transactional,https://wassersfurniture.com/american-leather-parker-leather-sofa-showroom-sample-sale.html,legacy .html,False,2026-04-16 17:15:21 +00:00
karges chair,10,14,50,0.6,0,0.2800000011920929,transactional,https://wassersfurniture.com/antique-karges-chairs-set-of-4.html,legacy .html,False,2026-04-11 08:51:25 +00:00
monte recliner glider,10,17,50,0.6,0,0.8799999952316284,transactional,https://wassersfurniture.com/chair-monte-design-grano-glider-recliner.html,legacy .html,False,2026-04-11 02:15:30 +00:00
seat belt dining chair,10,13,50,0.6,0,0.5799999833106995,transactional,https://wassersfurniture.com/phillips-collection-seatbelt-dining-chair-on-display.html,legacy .html,False,2026-03-08 07:22:37 +00:00
costantini pietro dining chair,9,11,40,0.6,0,0.6499999761581421,transactional,https://wassersfurniture.com/costantini-pietro-charm-dining-chairs-set-of-4-in-stock.html,legacy .html,False,2026-03-27 11:44:10 +00:00
crocodile skin chair,9,13,40,0.6,0,0.4000000059604645,transactional,https://wassersfurniture.com/dining-chair-made-in-italy-in-stock-croc-embossed-leather.html,legacy .html,False,2026-03-27 11:06:25 +00:00
gaga recliner by lafer,10,12,40,0.6,0,1.6299999952316284,transactional,https://wassersfurniture.com/shop-by-brand/l-p/lafer-recliners.html,legacy .html,False,2026-03-26 06:16:44 +00:00
linie design boa,9,9,30,0.6,0,,informational,https://wassersfurniture.com/shop-by-brand/l-p/linie-design.html?p=2,legacy category,False,2026-03-26 23:48:05 +00:00
nursery works gradient crib,8,9,30,0.6,0,,navigational,https://wassersfurniture.com/nursery-works-gradient-crib-nw14001.html,legacy .html,False,2026-04-17 21:06:04 +00:00
pietro costantini italian furniture,8,8,30,0.6,0,1.600000023841858,navigational,https://wassersfurniture.com/shop-by-brand/a-c/costantini-pietro-furniture.html,legacy .html,False,2026-04-17 22:54:53 +00:00
rose gold bassinet,8,10,30,0.6,0,0.11999999731779099,transactional,https://wassersfurniture.com/nursery-works-aura-rose-gold-bassinet.html,legacy .html,False,2026-04-17 19:04:46 +00:00
variable balans chair,8,11,30,0.6,0,0.41999998688697815,transactional,https://wassersfurniture.com/varier-variable-balans-ergonomic-task-chair-with-backrest-free-shipping-no-tax.html,legacy .html,False,2026-03-27 21:05:00 +00:00
hygrometer old,8,13,20,0.6,0,,transactional,https://wassersfurniture.com/vintage-airguide-thermometer-barometer-hygrometer-made-in-usa.html,legacy .html,False,2026-03-10 18:55:33 +00:00
rossetto italy,8,12,20,0.6,0,,informational,https://wassersfurniture.com/shop-by-brand/r-z/rossetto-usa.html,legacy .html,False,2026-03-10 13:38:51 +00:00
bacharach swivel chair,10,11,40,0.5,0,0.6399999856948853,transactional,https://wassersfurniture.com/jonathon-adler-bacharach-swivel-chair-quickship.html,legacy .html,False,2026-04-16 16:16:14 +00:00
gotya covered,10,12,40,0.5,21,,informational,https://wassersfurniture.com/shop-by-brand/d-g/gotcha-covered.html,legacy .html,False,2026-04-11 18:45:25 +00:00
wing coffee table,9,13,30,0.4,0,6.340000152587891,transactional,https://wassersfurniture.com/dia-design-institute-of-america-wings-coffee-table-370-07.html,legacy .html,False,2026-02-06 10:11:29 +00:00
leather arm chairs for sale,10,15,30,0.3,0,1.100000023841858,transactional,https://wassersfurniture.com/shop-by-brand/a-c/american-leather/chairs.html,legacy .html,False,2026-03-02 12:22:50 +00:00
lenticular artist,10,15,30,0.3,0,,informational,https://wassersfurniture.com/marc-rudinsky-framed-3-d-lenticular-art-scarface.html,legacy .html,False,2026-03-02 11:57:11 +00:00
tempur cloud luxe king,10,11,20,0.3,0,4.070000171661377,transactional,https://wassersfurniture.com/tempur-cloud-luxe-breeze.html,legacy .html,False,2026-02-27 18:10:50 +00:00
