Page,New / Optimise,Current / Proposed URL,SC Product Line,To Rank For,Monthly Search Volume,Expected Traffic @ #3,Winnability,Priority Score
Sheets,Optimise,https://sundaycitizen.co/collections/sheets,"— (category page, all fabrics)","sheets, bedding sheet, bed sheets, bed sheet, miracle sheets, linens sheets, comforter sheets, cursive alphabet practice sheets, pa docket sheets, fitting bed sheet",5410140,541014,high,470682
Pillows,Optimise,https://sundaycitizen.co/collections/pillows,"— (category page, all fabrics)","pillows, pillow, pregnancy pillow, squishmallow pillow, pillow pets, body pillows, body pillow, wedge pillow, u shaped pregnancy pillow, side sleeping pillow",5031170,503117,high,457836
Blankets + Quilts,Optimise,https://sundaycitizen.co/collections/blankets-quilts,"— (category page, all fabrics)","quilts, quilt, quilts stores near me, quilts store near me, quilts shops near me, quilt stores near me, quilt store near me, quilt shops.near me, quilt shops near me, quilt shops close to me",4764330,476433,high,409732
Bedding,Optimise,https://sundaycitizen.co/collections/bedding,"— (category page, all fabrics)","bedding twins, bedding setting, bedding sets, bedding set, sleep number bedding, queens bedding, platform beds bedding, platform bedding, linens, upscale bedding",4037640,403764,high,351275
Bath,Optimise,https://sundaycitizen.co/collections/bath,"— (category page, all fabrics)","warming towels, warmer for towels, warm towels, towels for towel warmer, towels, towel, sand towels, cloud towels, towels in bathtub, microfibers towels",2693520,269352,high,247804
Blankets,Optimise,https://sundaycitizen.co/collections/blankets,"— (category page, all fabrics)","blankets, blanket, ugg blanket, picnic blanket, pendleton blanket, minky couture blanket, crochet blanket pattern, minky blanket, wool blanket, newborn blanket crochet pattern",2102330,210233,high,195517
Comforters,Optimise,https://sundaycitizen.co/collections/comforters,"— (category page, all fabrics)","comforters, comforter, comforters and sets, comforter sets, comforter set, southern comforter, down comforter, down and feather comforters, down and feather comforter, comforters goose down",1627860,162786,high,154647
Bedding Size Guide,New,https://sundaycitizen.co/pages/bedding-size-guide,"— (category page, all fabrics)","bedding sizing, bedding sizes, bedding measurements, queen bedding measurements, queen bedding dimensions, full size bedding measurements, full size bedding dimensions, bedding size queen, twin bedding measurements, twin bedding dimensions",1625470,162547,high,149543
Throws,Optimise,https://sundaycitizen.co/collections/throws,"— (category page, all fabrics)","throw blankets blanket, throw and blankets, blankets and throws, blanket and throws, throws and pillows, pillow throw pillows, pillow and throws, throws, throw, throw fleece blankets",1298940,129894,high,120801
Comforters + Duvets,Optimise,https://sundaycitizen.co/collections/comforters-duvets,"— (category page, all fabrics)","duvets with covers, duvet and cover, duvets, duvets inserts, duvet inserts, duvet insert, what-is-a-duvet-cover, what is a duvet, what are duvets, duvet vs comforter",906870,90687,high,86153
Linen Collection,New,https://sundaycitizen.co/collections/linen-collection,European Flax Linacel,"linen, cotton bed linen set, bed linen sets cotton, linen suit, linen fabric, organic cotton bed linen, linen bedroom set, linen bed set, linen bed, what are linen",799410,79941,high,82739
Cotton Sheets,New,https://sundaycitizen.co/collections/cotton-sheets,Cotton (Luce Sateen / Organic / Woven),"egyptian cotton sheets, egyptian cotton bed sheet, bedding sheets egyptian cotton, bed sheets egyptian cotton, cotton bedding sheets, cotton bed sheets, bed sheet cotton, cotton sheets, cotton sheet, sheet sets 100 cotton",754260,75426,high,80668
Queen Comforter,New,https://sundaycitizen.co/collections/queen-comforter,"— (category page, all fabrics)","set comforter queen, queen comforter sets, queen comforter bedroom sets, queen bedroom comforter set, queen bedding sets with comforter, queen bedding sets comforters, queen bed sets comforter, queen bed comforter set, comforter bedding set queen, bedroom comforters queen",801280,80128,high,78525
Rugs,Optimise,https://sundaycitizen.co/collections/rugs,"— (category page, all fabrics)","bathroom rugs, bathroom rug, bathroom carpet rugs, bath rugs for bathroom, bath rugs, bath rug, rugs bath set, bathroom bath rug sets, bath sets rugs, bath set rug",776820,77682,high,73021
Duvet Covers,Optimise,https://sundaycitizen.co/collections/duvet-covers,"— (category page, all fabrics)","duvets and duvet covers, duvet covers, what's duvet covers, what is a duvet cover, what duvet covers, duvet covers what is it, duvet cover what is it, linens duvet covers, linens duvet cover, how do you put a duvet cover on",743110,74311,high,68366
Queen Sheets,New,https://sundaycitizen.co/collections/queen-sheets,"— (category page, all fabrics)","queen comforter set with sheets, queen bedding sets with sheets, queen bedding set with sheets, queen bed sheets comforter, queen bed sets with sheets, queen bed set with sheets, comforter sheet sets queen, comforter sheet set queen, comforter sets queen with sheets, bedding sheets queen",688480,68848,high,63340
crystal weighted blankets,Optimise,https://sundaycitizen.co/collections/weighted-blankets,Crystal Weighted Blanket,"weighted blanket, weighted blanket for anxiety, how.to wash a weighted blanket, how.to clean a weighted blanket, how do you wash a weighted blanket, how do you clean a weighted blanket, how do i wash a weighted blanket, weighted blanket for an adult, weighted blanket for adults, weighted blanket benefits",547680,54768,high,55425
Robes + Kimonos,Optimise,https://sundaycitizen.co/collections/robes-kimonos,"— (category page, all fabrics)","robes, robe, terry cloth robe, kimono robe, ugg robe, bridal robe, skims robe, dude robe, weezie robe, hommey robe",589800,58980,high,54262
King Comforter,New,https://sundaycitizen.co/collections/king-comforter,"— (category page, all fabrics)","king comforter sets, king comforter set, king bedding comforters & sets, king bed comforter sets, comforter bedding sets king, bedroom comforter set king, bedding comforter set king, bed comforter set king, king size comforter, comforters for king size",588340,58834,high,52951
Premium Lumière Sheets,Optimise,https://sundaycitizen.co/collections/premium-bamboo-sheets,Premium Lumière (Bamboo),"bed sheets bamboo, bamboo sheets bedding, bamboo sheets, bamboo sheet bedding, bamboo sheet bed, bamboo fibre sheets, viscose from bamboo sheets, bamboo viscose sheets, bamboo viscose bed sheets, bamboo fibre bed sheets",473240,47324,high,48980
Cooling Edit Sheets,Optimise,https://sundaycitizen.co/collections/cooling-edit-bedding,Cloud Cool / Cooling Edit,"sheets for cooling, cooling fitted sheets, cooling bedding sheets, cooling bed sheets, cooling bed sheet, coolest sheets, coolest bed sheets, cooled bed sheets, cool sheets, cool bedding sheets",437960,43796,high,46336
Queen Bedding,New,https://sundaycitizen.co/collections/queen-bedding,"— (category page, all fabrics)","queen beds bedding, queen set bedding, queen bedroom bedding sets, queen bedroom bedding, queen bedding sets, queen bed bedding set, queen bed bedding, bedding ensembles queen, bedding sets for queen bed, queen bedding sets sale",456980,45698,high,43870
European Flax Linacel™,Optimise,https://sundaycitizen.co/collections/linacel-collection,European Flax Linacel,"linen sheets, linen for bed sheets, linen bedding sheets, linen bedding sets, linen bedding, bed linen sheet, frette linen sheets, linen sheets 100, bedsheets linen, 100 linen bed sheets",409110,40911,high,43284
Cotton Duvet,New,https://sundaycitizen.co/collections/cotton-duvet,Cotton (Luce Sateen / Organic / Woven),"duvet sets cotton, duvet set cotton, duvet cotton covers, cotton covered duvets, cotton duvets, cotton duvet, cotton duvets covers, cotton duvet insert",371500,37150,high,41868
King Bedding,New,https://sundaycitizen.co/collections/king-bedding,"— (category page, all fabrics)","size king bedding, king bedroom bedding sets, king bed bedding sets, king bed bedding set, bedding king sets, bedding king set, king bedding black, bedding king bed, queen king bedding, king size bedding sets on sale",363290,36329,high,35602
Silk Pillowcase,New,https://sundaycitizen.co/collections/silk-pillowcase,Ecosilk / Silky Lyocell,"pillowcase silk, hair silk pillowcase, silk pillowcases, silk pillowcase covers, blissy silk pillowcase, 100 mulberry silk pillowcase, silk mulberry pillowcases, mulberry silk pillowcase, silk pillowcase curly hair, best rated silk pillowcase",289260,28926,high,30936
Cotton Bedding,New,https://sundaycitizen.co/collections/cotton-bedding,Cotton (Luce Sateen / Organic / Woven),"egyptian cotton bedding sets, egyptian cotton bedding set, cotton bedding sets, cotton bedding set, 100 cotton bedding sets, 100 cotton bedding set, queen cotton bedding sets, queen bedding set cotton, egyptian cotton bedding, cotton bedding queen",279940,27994,high,30262
Full Bedding,New,https://sundaycitizen.co/collections/full-bedding,"— (category page, all fabrics)","full size bedding, full size bed bedding sets, complete bedding sets full, complete bedding set full, bedding set for full size bed, bedding set for full, bedding full size sets, bedding for full size beds, bedding for a full size bed, full size bedding collections",302040,30204,high,28392
Sheets Size Guide,New,https://sundaycitizen.co/pages/sheets-size-guide,"— (category page, all fabrics)","how to folding bed sheets, how to fold fitted bed sheets, how to fold fitted bed sheet, how to fold bed sheets, how to fold a bed sheet, how to get blood out of bed sheets, how to get blood out of a bed sheet, what is the best thread count in bed sheets, what is the best bed sheet thread count, what is good thread count for bed sheets",321780,32178,high,28317
Percale Sheets,New,https://sundaycitizen.co/collections/percale-sheets,— no current line (product gap),"percale sheets, percale sheet, percale bed sheets, percale bed sheet, fitted sheets percale, fitted sheet percale, cotton percale sheets, cotton percale sheet, cotton percale fitted sheets, cotton percale fitted sheet",465990,46599,high,26841
King Sheets,New,https://sundaycitizen.co/collections/king-sheets,"— (category page, all fabrics)","king bedding set with sheets, comforter sheet set king, king size bed sheets, king size bed sheet, king bed sheets deep pockets, deep pocket king sheets, bed sheets deep pocket king, king size bed sheet fitted, fitted king sheet, sheet for king",253200,25320,high,24307
Faux Fur,Optimise,https://sundaycitizen.co/collections/faux-fur,Snug / Faux Fur,"fur faux throw, faux mink fur throw, faux fur throws, faux fur pelt throw, fake fur throws, fur faux throw blanket, faux fur throw blankets, faux fur blankets and throws, fake fur blankets and throws, luxury faux fur throw blanket",219880,21988,high,24275
Twin Bedding,New,https://sundaycitizen.co/collections/twin-bedding,"— (category page, all fabrics)","twin beds bedding, twin bedding, twin bedding sets, twin bedding set, twin bed bedding sets, twin bed bedding set, twin hello kitty bedding set, twin zipper bedding, twin bedding sets for adults",477100,47710,,23855
Pillowcases,Optimise,https://sundaycitizen.co/collections/pillowcases,"— (category page, all fabrics)","sham pillowcases, sham pillowcase, standard size pillowcase, standard pillowcases sizes, pillowcase pillows, pillowcase, pillow cases, pillowcase protector, body pillow pillowcase, pillow case",199810,19981,high,18782
Silk Sheets,New,https://sundaycitizen.co/collections/silk-sheets,Ecosilk / Silky Lyocell,"silk sheets bed, silk sheet, silk bed sheets sets, silk bed sheet sets, bed sheet silk, silk bed sheets set, mulberry silk sheets, mulberry silk sheet set, silk queen sheets, silk sheets king",173550,17355,high,17763
Cotton Duvet Cover,New,https://sundaycitizen.co/collections/cotton-duvet-cover,Cotton (Luce Sateen / Organic / Woven),"cotton duvet cover, 100 cotton duvet covers, 100 cotton duvet cover, queen duvet cover cotton, egyptian cotton duvet covers, egyptian cotton duvet cover, duvet covers cotton queen, cotton duvet cover queen white, duvet covers king cotton, cotton duvet cover king",155500,15550,high,17525
Alaskan King Bedding,New,https://sundaycitizen.co/collections/alaskan-king-bedding,"— (category page, all fabrics)","alaskan king bedding, alaska king bedding",330000,33000,,16500
Luxury Comforter,New,https://sundaycitizen.co/collections/luxury-comforter,"— (category page, all fabrics)","luxury bedroom comforters, luxury bedroom comforter, luxury bed comforters, luxury bed comforter, luxury bed comforter sets, luxury comforters bedspreads, luxury comforters, luxury comforter sets, luxury comforter set, luxury comforter",324200,32420,,16210
Cooling Blanket,New,https://sundaycitizen.co/collections/cooling-blanket,Cloud Cool / Cooling Edit,"blanket for cooling, breathable cooling blanket, cooling blanket for bed, elegear revolutionary cooling blanket, cooling blanket for hot sleepers, le gear cooling blanket, how does a cooling blanket work, elegear cooling blanket, cooling electric blanket, does cooling blanket work",146470,14647,high,15833
Cooling Pillow,New,https://sundaycitizen.co/collections/cooling-pillow,Cloud Cool / Cooling Edit,"pillows with cooling, pillows that are cool, pillow cooler, cooling pillow, cooling memory foam pillow, pillows cooling gel, gel cool pillow, cooling gel pillow, cool gel pillows, cool gel memory foam pillow",147160,14716,high,15400
Cooling Edit Bedding,Optimise,https://sundaycitizen.co/collections/cooling-edit-bedding-1,Cloud Cool / Cooling Edit,"cooling bedding sets, cooling bedding set, coolest bedding sets, cool bedding sets, coolest bedding",142300,14230,high,15383
Blanket Size Guide,New,https://sundaycitizen.co/pages/blanket-size-guide,"— (category page, all fabrics)","queen blankets size, queen blanket size, twin blanket size, queen size blankets dimensions, measurements queen blanket, measurement queen size blanket, blanket queen size dimensions, what size is a queen blanket, what dimensions is a queen size blanket, what are the measurements of a queen blanket",144310,14431,high,13421
Cotton Towel,New,https://sundaycitizen.co/collections/cotton-towel,Cotton (Luce Sateen / Organic / Woven),"egyptian cotton towels, egyptian cotton towel towels, egyptian cotton bathroom towels, egyptian cotton bath towels, turkish cotton towels, cotton bathroom towels, beach cotton towels, bath towels cotton, bath cotton towel, cotton turkish bath towels",195320,19532,,11231
Throw Pillows,Optimise,https://sundaycitizen.co/collections/throw-pillows,"— (category page, all fabrics)","lumbar pillow, bolster pillow, pillow for lumbar support, memory foam lumbar pillow, decorative pillows for bed, square decorative pillows, lumbar pillow for chair, lumbar pillow for bed, memory foam lumbar support pillow, yoga bolster pillow",113180,11318,high,11092
Luxury Bedding,New,https://sundaycitizen.co/collections/luxury-bedding,"— (category page, all fabrics)","luxury bedding, luxury bedding sets, luxury bedding collections, luxury bedding collection, bedding set luxury, luxury cheap bedding, affordable luxury bedding, luxury bedroom bedding sets, luxury brand bedding, bedding luxury brands",118700,11870,high,10564
California King Sheets,New,https://sundaycitizen.co/collections/california-king-sheets,"— (category page, all fabrics)","sheets for cal king bed, sheets for a california king bed, fitted sheets for california king bed, california king bed sheets sets, california king bed sheet sets, california king bed sheet set, cal king sheet set, cal king bed sheets set, bed sheet set cal king, california king comforter and sheet set",208600,20860,,10430
California King Comforter,New,https://sundaycitizen.co/collections/california-king-comforter,"— (category page, all fabrics)","comforter sets for california king, california king comforters, california king comforter set, california king comforter, california king bedding comforter sets, california king bed comforters sets, california king bed comforter set, california king bed comforter, cal king comforters, cal king comforter set",195000,19500,,9750
Silky Lyocell Sheets,Optimise,https://sundaycitizen.co/collections/silky-lyocell-sheets,Silky Lyocell (TENCEL™),"tencel sheets, tencel sheet, tencel lyocell sheets, tencel lyocell sheet, tencel lyocell bed sheets, tencel bed sheet, lyocell sheets, lyocell sheet, bed sheets tencel, 100 tencel sheets",80770,8077,high,9010
Full Sheets,New,https://sundaycitizen.co/collections/full-sheets,"— (category page, all fabrics)","full comforter sheet set, full bed sheets comforter, bedding sheets full size, bed sheet full, full xl bed sheet, full set of sheets, full bedding sheet set, bedsheet set full, bedding sheet sets full, bed sheet full set",97700,9770,high,8891
Toddler Bedding,New,https://sundaycitizen.co/collections/toddler-bedding,"— (category page, all fabrics)","toddler bedding, toddler bedding set",177100,17710,,8855
Full Comforter,New,https://sundaycitizen.co/collections/full-comforter,"— (category page, all fabrics)","full size bedding comforter, full size bed comforter, full set comforter, full comforters bedding sets, full bedding comforters, full bedding comforter set, comforter sets full bed, comforter sets full, comforter set for full size bed, bedroom comforter set full",170060,17006,,8503
Faux Fur Blanket,New,https://sundaycitizen.co/collections/faux-fur-blanket,Snug / Faux Fur,"soft faux fur blanket, faux fur blanket, fur blanket, ugg faux fur blanket",65790,6579,high,7263
Twin Sheets,New,https://sundaycitizen.co/collections/twin-sheets,"— (category page, all fabrics)","twin bed sheets, sheet twin bed, bed sheets xl twin, bed sheets for twin beds, twin sheets, twin bedding sheet set, twin bed sheet set, twin fitted sheet, twin fitted bed sheet, twin flat sheet",142300,14230,,7115
Cotton Comforter,New,https://sundaycitizen.co/collections/cotton-comforter,Cotton (Luce Sateen / Organic / Woven),"comforter set cotton, cotton comforter sets, cotton comforter bed sets, cotton bedding comforter sets, cotton bedding comforter set, cotton queen comforters sets, cotton queen comforters, cotton queen comforter set, cotton queen comforter, cotton comforter sets queen",122600,12260,,7049
Shams,Optimise,https://sundaycitizen.co/collections/shams,"— (category page, all fabrics)","pillow shams, pillow sham, shams bedding, sham on bed, sham bedding sets, sham bedding, what is pillow shams, what are pillow sham, sham euro, bedding euro shams",139480,13948,,6974
Premium Bamboo Bedding,Optimise,https://sundaycitizen.co/collections/premium-bamboo-bedding,Premium Lumière (Bamboo),"bamboo bedding sets, bamboo bedding set, bamboo bedding, bamboo viscose bedding, 100 bamboo bedding, luxury bamboo bedding set, bamboo bedding reviews, bamboo bedding review, luxury bamboo bedding, bamboo queen bedding",120070,12007,,6904
Flannel Sheets,New,https://sundaycitizen.co/collections/flannel-sheets,— no current line (product gap),"flannel sheets bed, flannel sheets, flannel sheet, queen sheets flannel, queen sheet flannel, flannel sheet sets queen, flannel queen sheet set, flannel sheet twin, eddie bauer flannel sheets, lands end flannel sheets",114260,11426,high,6787
King Duvet,New,https://sundaycitizen.co/collections/king-duvet,"— (category page, all fabrics)","king duvet and cover, duvet set king, duvet king cover set, king duvets covers, king duvet insert, king duvet, duvets king, oversized king duvet insert, oversized duvets king",70100,7010,high,6730
Sateen Sheets,New,https://sundaycitizen.co/collections/sateen-sheets,Luce Cotton Sateen,"sateen sheets, sateen sheet, bed sheets sateen, sateen weave cotton sheets, cotton sateen sheets, cotton sateen bed sheets, sateen vs percale sheets, sateen or percale sheets, bed sheets percale vs sateen, what is sateen weave sheets",60820,6082,high,6645
Linen Duvet Cover,New,https://sundaycitizen.co/collections/linen-duvet-cover,European Flax Linacel,"linen duvet covers, linen duvet cover, king linen duvet covers, king linen duvet cover, linen duvet cover queen white, european linen duvet cover, duvet cover linen queen, european flax linen duvet covers, european flax linen duvet cover, cultiver linen duvet cover",59970,5997,high,6621
Muslin Blanket,New,https://sundaycitizen.co/collections/muslin-blanket,Muslin / Snug Muslin,"blanket muslin, swaddling muslin blanket, muslin swaddle blanket, muslin blanket for adults, cotton muslin blanket, adult muslin blanket, 100 cotton muslin blanket, cotton muslin swaddle blanket, aden anais muslin blanket, organic cotton muslin blanket",56780,5678,high,6203
Summer Edit Comforters,Optimise,https://sundaycitizen.co/collections/summer-edit-comforters,Cloud Cool / Cooling Edit,"comforter with cooling, rest evercool cooling comforter, rest cooling comforter, evercool cooling comforter, cooling comforter king, cooling comforter queen, below zero cooling comforter, sutton place cooling comforter, cooling comforter for hot sleepers, breescape cooling comforter",52750,5275,high,5824
Cotton Quilt,New,https://sundaycitizen.co/collections/cotton-quilt,Cotton (Luce Sateen / Organic / Woven),"cotton material for quilts, cotton fabric for quilts, cotton batting for quilts, cotton and quilts, quilt covers 100 cotton, cotton quilt queen, cotton quilt king, cotton twin quilts, cotton quilt set, cotton king size quilts",52600,5260,high,5686
Bath Robes,Optimise,https://sundaycitizen.co/collections/bath-robes,"— (category page, all fabrics)","bath robe, best bathrobes, plush bathrobes for women, bathrobe plush, bathrobe fluffy, towelling bathrobes for women, monogram bath robes, white bath robe, bathrobes couples, women's bath robes",61700,6170,high,5676
Silk Robe,New,https://sundaycitizen.co/collections/silk-robe,Ecosilk / Silky Lyocell,"silk robe, silk robes for women, silk kimono robe, victoria secret silk robe, long silk robe, womens silk robes, black silk robe, white silk robe, silk robe bride, satin silk robe",50720,5072,high,5250
Beach Towel,Optimise,https://sundaycitizen.co/collections/beach-towels,"— (category page, all fabrics)","beach towels, monogrammed beach towels, beach towels personalized, beach towels personalised, top rated beach towel, good beach towels, good beach towel, sand resistant beach towel, beach towel clips, sand free beach towel",103720,10372,,5186
Cotton Blanket,New,https://sundaycitizen.co/collections/cotton-blanket,Cotton (Luce Sateen / Organic / Woven),"cotton blanket, cotton infant blanket, cotton cooling blanket, 100 cotton blanket, cotton rope blanket basket, cotton blanket queen, woven cotton blanket, cotton receiving blankets, twin cotton blanket, swaddle blankets cotton",50100,5010,high,5128
Waffle Robe,New,https://sundaycitizen.co/collections/waffle-robe,Waffle,"waffle robe, robes waffle, womens robe waffle, women waffle robe, waffle robe women's, ladies waffle robes, ladies waffle robe, waffle knit robes, robe waffle knit, cotton robe waffle",45170,4517,high,4987
Organic Cotton Sheets,New,https://sundaycitizen.co/collections/organic-cotton-sheets,Organic Cotton,"organic cotton sheets bedding, organic cotton sheets, organic cotton bed sheet, gots certified organic cotton sheets, organic cotton grounding sheets, 100 organic cotton bed sheets, organic cotton queen sheets, organic cotton queen bed sheets, twin organic cotton sheets, organic cotton king sheets",85770,8577,,4932
Queen Blanket,New,https://sundaycitizen.co/collections/queen-blanket,"— (category page, all fabrics)","queen blanket sets, blanket set for queen, queen size heated blanket, queen electric blanket, queen size fleece blanket, ugg queen blanket",94880,9488,,4744
Quilt Size Guide,New,https://sundaycitizen.co/pages/quilt-size-guide,"— (category page, all fabrics)","how to put a quilt cover on, dimensions for quilts, king size quilts measurements, how to make quilts, how to make american quilt, how to make a quilt, how to bind a quilt, how to quilt, how to make binding for a quilt, how to hand quilt",52900,5290,high,4708
California King Bedding,New,https://sundaycitizen.co/collections/california-king-bedding,"— (category page, all fabrics)","california king bedding sets, california king bedding set, california king bed bedding sets, cal king bedding sets, cal king bedding set, bedding cal king, luxury california king bedding sets, luxury cal king bedding sets",89760,8976,,4488
Bamboo Collection,New,https://sundaycitizen.co/collections/bamboo-collection,Premium Lumière (Bamboo),"bamboo linens, bamboo bed linens, bathroom mat bamboo, bamboo mats bathroom, bamboo bathtub mat",74800,7480,,4301
Twin Comforter,New,https://sundaycitizen.co/collections/twin-comforter,"— (category page, all fabrics)","twin comforter, twin comforters bedding sets, twin comforter sets, twin bedding set with comforter, twin bedding comforter sets, twin goose down comforter, twin down comforters, twin down comforter, twin comforter set, twin bed down comforters",85400,8540,,4270
Lyocell Collection,New,https://sundaycitizen.co/collections/lyocell-collection,Silky Lyocell (TENCEL™),"lyocell, tencel",45200,4520,high,4262
Pillowcase Size Guide,New,https://sundaycitizen.co/pages/pillowcase-size-guide,"— (category page, all fabrics)","standard size pillowcase measurements, standard pillowcase dimensions, king size pillowcase measurements, king size pillowcase measurement, what size are standard pillowcases, what are the measurements of a standard pillowcase, what are the dimensions of a standard pillowcase, what size is king pillow case, what are the dimensions of a king size pillowcase, what are the dimensions of a king size pillow case",82520,8252,,4126
Queen Duvet Cover,New,https://sundaycitizen.co/collections/queen-duvet-cover,"— (category page, all fabrics)","duvet covers queen, duvet cover queen, white queen duvet cover, duvet covers queen white, duvet covers queen set, duvet cover sets queen, oversized queen duvet cover, full queen duvet cover, duvet cover queen black and white",41670,4167,high,4000
Cotton Bedspread,New,https://sundaycitizen.co/collections/cotton-bedspread,Cotton (Luce Sateen / Organic / Woven),"cotton bedspread sets, cotton bedspread set, king cotton bedspread, cotton queen bedspread, cotton matelasse bedspread",69200,6920,,3979
Organic Cotton,Optimise,https://sundaycitizen.co/collections/organic-cotton,Organic Cotton,"organic cotton bedding sets, organic cotton bedding set, organic cotton bedding, 100 organic cotton bedding sets, 100 organic cotton bedding, gots certified organic cotton bedding, luxury organic cotton bedding, organic cotton childrens bedding, organic cotton 4 piece bedding set",68310,6831,,3928
Pillow Size Guide,New,https://sundaycitizen.co/pages/pillow-size-guide,"— (category page, all fabrics)","how to clean a pillow, queen pillow size, measurements of euro pillow, dimensions of euro pillow, twin pillow size, couch pillow sizes",39500,3950,high,3910
Duvet Cover Size Guide,New,https://sundaycitizen.co/pages/duvet-cover-size-guide,"— (category page, all fabrics)","how to.put on a duvet cover, how to put.on a duvet cover, how to put a duvet cover, how to insert duvet cover, duvet cover king dimensions, duvet cover queen dimensions, how to wash linen duvet cover",72910,7291,,3646
Cotton Collection,New,https://sundaycitizen.co/collections/cotton-collection,Cotton (Luce Sateen / Organic / Woven),"cotton table linens, egyptian cotton bed linens, bed linens cotton, bed skirt cotton",32600,3260,high,3524
Cooling Weighted Blanket,New,https://sundaycitizen.co/collections/cooling-weighted-blanket,Cloud Cool / Cooling Edit,"weighted blanket cooling, coolest weighted blanket, cooled weighted blanket, cool weighted blanket, gravity cooling weighted blanket, luxome cooling weighted blanket, cooling weighted blanket for adults, ynm cooling weighted blanket, y n m cooling weighted blanket, bearaby cooling weighted blanket",31120,3112,high,3507
Cooling Towel,New,https://sundaycitizen.co/collections/cooling-towel,Cloud Cool / Cooling Edit,"cooling towels, cool towels, cooling towels for neck",59600,5960,,3427
Cotton Rug,New,https://sundaycitizen.co/collections/cotton-rug,Cotton (Luce Sateen / Organic / Woven),"bath rugs cotton, bathroom cotton rug, bath cotton rug, cotton rugs, cotton bath rug sets",29780,2978,high,3390
King Duvet Cover,New,https://sundaycitizen.co/collections/king-duvet-cover,"— (category page, all fabrics)","king duvet covers, king bedding duvet covers, king bed duvet covers, king-size duvet covers, oversized king duvet covers, oversized king duvet cover, oversize king duvet covers, white duvet cover king, white and black duvet cover king",65070,6507,,3254
King Quilt,New,https://sundaycitizen.co/collections/king-quilt,"— (category page, all fabrics)","quilts for king size, king-size quilts, king size quilt, king size quilts sets, king quilt sets, king bedding quilt sets, bedding quilt set king, oversized king quilt, bed quilts king size, quilt for king bed",64190,6419,,3210
Cotton Throw,New,https://sundaycitizen.co/collections/cotton-throw,Cotton (Luce Sateen / Organic / Woven),"cotton throw pillows, cotton throws and blankets, cotton throw blankets, cotton throw blanket, throw blanket 100 cotton, cotton throw pillow covers, cotton throw, cotton knit throw blanket",55210,5521,,3175
Weighted Blanket Size Guide,New,https://sundaycitizen.co/pages/weighted-blanket-size-guide,Crystal Weighted Blanket,"how to.clean weighted blanket, how to wash a weighted blanket, how to clean weighted blanket",54300,5430,,3122
Sateen Collection,New,https://sundaycitizen.co/collections/sateen-collection,Luce Cotton Sateen,"sateen, cotton sateen bed set, sateen cotton, what is sateen, what is cotton sateen, sateen vs satin, cotton sateen fabric, sateen bed set, sateen bed linens",27180,2718,high,3094
Oversized Throw,New,https://sundaycitizen.co/collections/oversized-throw,"— (category page, all fabrics)","throw blankets oversized, oversized throw blanket, oversized blankets and throws, oversize throw blankets",32400,3240,high,2981
Modal Loungewear,New,https://sundaycitizen.co/collections/modal-loungewear,Naked Modal,"modal pajamas, modal material pajamas, modal fabric pajamas, modal pajamas sets, modal pajamas set, gap modal pajamas, women's modal pajamas, modal pajamas womens, modal pajamas women, victoria's secret modal pajamas",39810,3981,medium,2884
Waffle Towel,New,https://sundaycitizen.co/collections/waffle-towel,Waffle,"waffle towels, towel waffle, waffle towels bath, waffle bath towel, waffle weave towel, cotton waffle towel, waffle weave microfiber towel, hand towel waffle, waffle knit towel, onsen waffle towel",27100,2710,high,2743
Silk Bedding,New,https://sundaycitizen.co/collections/silk-bedding,Ecosilk / Silky Lyocell,"bedding set silk, silk bedding sets, mulberry silk bedding, mulberry silk bedding sets, luxury silk bedding sets, luxury silk bedding set, luxury silk bedding collections",45010,4501,,2588
Cotton Robe,New,https://sundaycitizen.co/collections/cotton-robe,Cotton (Luce Sateen / Organic / Woven),"cotton robes for women, cotton robes, cotton robe, turkish cotton robes, robes 100 cotton, cotton terry cloth robe, 100 cotton terry robe, 100 cotton robe, lightweight cotton robe ladies, 100 cotton robe women",43060,4306,,2476
California King Quilt,New,https://sundaycitizen.co/collections/california-king-quilt,"— (category page, all fabrics)","quilt sets california king, quilt set california king, california king quilts sets, quilts california king, california king quilt",49200,4920,,2460
Waffle Blanket,New,https://sundaycitizen.co/collections/waffle-blanket,Waffle,"waffle blanket, waffle stitch crochet blanket, cotton waffle weave blanket, cotton waffle blanket, waffle weave blankets, waffle weave blanket, waffle knit blanket, bollandbranch waffle blanket, waffle stitch crochet blanket pattern, waffle stitch blanket",22500,2250,high,2458
Deep Pocket Sheets,New,https://sundaycitizen.co/collections/deep-pocket-sheets,"— (category page, all fabrics)","deep pocket sheets, deep pocket bed sheets, bed sheet deep pocket, extra deep pocket sheets",48800,4880,,2440
Microfiber Towel,New,https://sundaycitizen.co/collections/microfiber-towel,— no current line (product gap),"microfiber towels, hair microfiber towels, microfiber towels for drying hair, kitchen microfiber towels",81000,8100,,2430
Linen Loungewear,New,https://sundaycitizen.co/collections/linen-loungewear,European Flax Linacel,"linen pajamas, linen pajama, womens linen sleepwear, womens linen pajamas, women's linen sleepwear, women's linen pyjamas, women's linen pajamas, linen sleepwear for women, linen pajamas women, linen pajama women",37700,3770,,2168
King Bedspread,New,https://sundaycitizen.co/collections/king-bedspread,"— (category page, all fabrics)","king bedspread set, oversized king bedspread, luxury king bedspread",42680,4268,,2134
Queen Bedspread,New,https://sundaycitizen.co/collections/queen-bedspread,"— (category page, all fabrics)","bedspread sets queen, queen bedspread red",41380,4138,,2069
Cotton Bath Robe,New,https://sundaycitizen.co/collections/cotton-bath-robe,Cotton (Luce Sateen / Organic / Woven),"cotton bathrobes, cotton bathrobe, turkish cotton bath robe, cotton mens bathrobe, cotton bath robe men's, bathrobe turkish cotton, cotton terry bathrobe, 100 cotton bathrobe, cotton bath robes for women",35820,3582,,2060
Twin Xl Comforter,New,https://sundaycitizen.co/collections/twin-xl-comforter,"— (category page, all fabrics)","twin xl comforter, twin xl comforter set, twin xl bedding comforter set, dorm twin xl comforter, dorm comforters twin xl, white twin xl comforter, pink comforter twin xl",37300,3730,,1865
Luxury Sheets,New,https://sundaycitizen.co/collections/luxury-sheets,"— (category page, all fabrics)","luxury bedding sheets, luxury bedding sheet, luxury bed sheets, bed sheet luxury, luxury sheets, luxury sheet",35200,3520,,1760
King Pillow,New,https://sundaycitizen.co/collections/king-pillow,"— (category page, all fabrics)","king size pillows, down pillows king size, king bed pillow arrangement, down pillow king, king size memory foam pillow, king bed pillows, king size pillows on sale",34300,3430,,1715
Twin Xl Bedding,New,https://sundaycitizen.co/collections/twin-xl-bedding,"— (category page, all fabrics)","bedding sets twin xl, bedding set twin xl, twin xl bedding, twin xl bedding set for dorms, dorm room bedding twin xl",34100,3410,,1705
Striped Robe,New,https://sundaycitizen.co/collections/striped-robe,"— (category page, all fabrics)","striped robe, robes striped, robe stripe, striped terry robe, striped terry cloth robe, pink striped robe, victoria secret robe pink stripe, striped robe women's, victoria's secret striped robe",17020,1702,high,1600
Luxury Blanket,New,https://sundaycitizen.co/collections/luxury-blanket,"— (category page, all fabrics)","luxury blankets, luxury blanket, luxury minky blankets",31500,3150,,1575
Organic Cotton Comforter,New,https://sundaycitizen.co/collections/organic-cotton-comforter,Organic Cotton,"organic cotton bed comforter, organic cotton comforter, organic cotton comforter cover",26100,2610,,1501
Waffle Bath Robe,New,https://sundaycitizen.co/collections/waffle-bath-robe,Waffle,"bathrobes waffle, bathrobe waffle, bath robe waffle, waffle cotton bath robe, cotton waffle bathrobes, bathrobe waffle cotton, waffle bath robes, waffle weave bath robe, waffle knit bath robe, waffle bath robe womens",26010,2601,,1496
Split King Sheets,New,https://sundaycitizen.co/collections/split-king-sheets,"— (category page, all fabrics)","split king sheets, split king fitted sheet, fitted sheets for split king, sheet sets for split king, sheet set split king, split king sheet sets for adjustable beds, split king bed sheets",29000,2900,,1450
Twin Duvet Cover,New,https://sundaycitizen.co/collections/twin-duvet-cover,"— (category page, all fabrics)","twin duvet covers, twin duvet cover, xl/twin duvet cover, duvet cover xl twin",28600,2860,,1430
Twin Xl Sheets,New,https://sundaycitizen.co/collections/twin-xl-sheets,"— (category page, all fabrics)","bed sheet twin xl, twin xl fitted sheet, dorm twin xl sheets, twin xl sheet sets, twin xl sheets deep pockets, hospital bed sheets twin xl",28100,2810,,1405
Twin Blanket,New,https://sundaycitizen.co/collections/twin-blanket,"— (category page, all fabrics)","twin blankets, blanket twin size measure, what is the size of a twin bed blanket, what is size of twin blanket, twin size electric blanket, twin bed blanket",27600,2760,,1380
Cotton Pillows,Optimise,https://sundaycitizen.co/collections/cotton-pillows,Cotton (Luce Sateen / Organic / Woven),"pillow cotton cover, cotton pillows, eli & elm cotton side-sleeper pillow, eli & elm cotton side sleeper pillow, pillow slips cotton, cotton body pillow cover",22700,2270,,1305
King Blanket,New,https://sundaycitizen.co/collections/king-blanket,"— (category page, all fabrics)","king size blanket, king size electric blanket, oversized king blanket, king size electric blanket dual control, blanket for king bed, king size fleece blanket, wool blanket king size, down blanket king, king size chunky knit blanket",25940,2594,,1297
Cooling Duvet Cover,New,https://sundaycitizen.co/collections/cooling-duvet-cover,Cloud Cool / Cooling Edit,"duvet covers cooling, duvet covers cool, cooling duvet cover, coolest duvet covers",11600,1160,high,1281
Oversized Blanket,New,https://sundaycitizen.co/collections/oversized-blanket,"— (category page, all fabrics)","oversized blanket hoodie, oversized blanket, oversized wearable blanket, oversized chunky knit blanket",12520,1252,high,1239
Queen Quilt,New,https://sundaycitizen.co/collections/queen-quilt,"— (category page, all fabrics)","queen size quilts, queen size quilt, queen quilt sets, queen bed quilts, queen quilt bedding sets, summer quilt queen",24290,2429,,1214
Bamboo Pillow,New,https://sundaycitizen.co/collections/bamboo-pillow,Premium Lumière (Bamboo),"bamboo pillow, miracle bamboo pillow, cool bamboo pillow",18700,1870,,1075
Duvet Size Guide,New,https://sundaycitizen.co/pages/duvet-size-guide,"— (category page, all fabrics)","how to put duvet inside cover, queen duvet size, how to wash duvets, how to put on duvets, how to wash feather duvets",21220,2122,,1061
Queen Duvet,New,https://sundaycitizen.co/collections/queen-duvet,"— (category page, all fabrics)","duvet insert queen, queen duvets, down duvet insert queen, duvet set queen",10720,1072,high,1051
Lyocell Bedding,New,https://sundaycitizen.co/collections/lyocell-bedding,Silky Lyocell (TENCEL™),"tencel bedding sets, tencel bedding set, tencel"" bedding, tencel bedding, lyocell bedding, lyocell bedding set",18170,1817,,1045
Organic Cotton Collection,New,https://sundaycitizen.co/collections/organic-cotton-collection,Organic Cotton,organic cotton bed linens,18100,1810,,1041
Breathable Bedding,New,https://sundaycitizen.co/collections/breathable-bedding,"— (category page, all fabrics)","breathable bedding set, breathable bedding for hot sleepers",10500,1050,high,1029
Striped Duvet Cover,New,https://sundaycitizen.co/collections/striped-duvet-cover,"— (category page, all fabrics)","striped duvet cover, stripe duvet cover, blue striped duvet cover, blue stripe duvet covers, blue and white/striped duvet cover, blue and white striped duvet cover, blue and white stripe duvet cover",16970,1697,,848
Striped Sheets,New,https://sundaycitizen.co/collections/striped-sheets,"— (category page, all fabrics)","striped sheets, stripe sheets, striped bed sheets, striped bed sheet, pink striped sheets, blue striped sheets, green striped sheets",16500,1650,,825
Microfiber Sheets,New,https://sundaycitizen.co/collections/microfiber-sheets,— no current line (product gap),"microfiber bed sheets, microfiber bed sheet, microfiber vs cotton sheets, are microfiber sheets cooling",27360,2736,,821
Sateen Bedding,New,https://sundaycitizen.co/collections/sateen-bedding,Luce Cotton Sateen,"cotton sateen bedding sets, cotton sateen bedding set, sateen cotton bedding, sateen bedding set",13400,1340,,770
Throw Size Guide,New,https://sundaycitizen.co/pages/throw-size-guide,"— (category page, all fabrics)","throw blankets dimensions, what size are throw blankets, how big are throw blankets",15300,1530,,765
Bamboo Bath,New,https://sundaycitizen.co/collections/bamboo-bath,Premium Lumière (Bamboo),"bamboo bath mats, bamboo bath mat, bamboo bath floor mat",13200,1320,,759
Luxury Throw,New,https://sundaycitizen.co/collections/luxury-throw,"— (category page, all fabrics)","luxury throw blankets, luxury blankets and throws, luxury throw pillows",7700,770,high,747
Deep Pocket Bedding,New,https://sundaycitizen.co/collections/deep-pocket-bedding,"— (category page, all fabrics)",deep pocket bedding set,14800,1480,,740
Full Bedspread,New,https://sundaycitizen.co/collections/full-bedspread,"— (category page, all fabrics)",bedspread sets full,14800,1480,,740
King Pillowcase,New,https://sundaycitizen.co/collections/king-pillowcase,"— (category page, all fabrics)","king size pillowcases, king pillowcase size, king size pillow cases, king pillow case",14700,1470,,735
Cooling Duvet,New,https://sundaycitizen.co/collections/cooling-duvet,Cloud Cool / Cooling Edit,"cooling duvet inserts, cooling duvet insert, cooling duvet, cool duvets, cooling duvet insert king",6570,657,high,733
Twin Quilt,New,https://sundaycitizen.co/collections/twin-quilt,"— (category page, all fabrics)","twin quilts, twin quilt, twin quilt sets",14500,1450,,725
Full Duvet Cover,New,https://sundaycitizen.co/collections/full-duvet-cover,"— (category page, all fabrics)","full duvet covers, full duvet cover, full bed duvet covers, full bed duvet cover",14400,1440,,720
Percale Collection,New,https://sundaycitizen.co/collections/percale-collection,— no current line (product gap),"percale, percale bed linens, cotton percale, cotton percale bed linens, percale vs cotton",23800,2380,,714
Flannel Collection,New,https://sundaycitizen.co/collections/flannel-collection,— no current line (product gap),"flannel bed set queen, flannel nightgowns for women, flannel nightgowns, cotton flannel fabric, pink flannel, flannel skirt, cotton flannel, 100 cotton flannel",23800,2380,,714
Modal Sheets,New,https://sundaycitizen.co/collections/modal-sheets,Naked Modal,"modal sheets, modal fiber sheets, modal fabric sheets, modal fabric bed sheets, modal bed sheets, pure beech jersey modal sheets, sheets 100 modal, modal sheets pure beech, jersey modal sheets, jersey knit modal sheets",6710,671,high,694
Queen Pillow,New,https://sundaycitizen.co/collections/queen-pillow,"— (category page, all fabrics)","queen rose u-shaped pregnancy pillow, queen pillows, standard vs queen pillow, queen rose pregnancy pillow, queen bed pillow arrangement",13800,1380,,690
Luxury Bedspread,New,https://sundaycitizen.co/collections/luxury-bedspread,"— (category page, all fabrics)","luxury bedspread sets, luxury bedspread set",13200,1320,,660
Queen Rug,New,https://sundaycitizen.co/collections/queen-rug,"— (category page, all fabrics)","rug size for queen bed, rug under queen bed, 6x9 rug under queen bed",13100,1310,,655
Full Pillow,New,https://sundaycitizen.co/collections/full-pillow,"— (category page, all fabrics)","full body pregnancy pillow, full body pillow",7300,730,high,642
Cotton Pillowcase,New,https://sundaycitizen.co/collections/cotton-pillowcase,Cotton (Luce Sateen / Organic / Woven),"cotton pillowcases, cotton pillowcase",11000,1100,,632
Sham Size Guide,New,https://sundaycitizen.co/pages/sham-size-guide,"— (category page, all fabrics)","euro shams size, euro sham measurements, euro sham dimensions, what size is a euro sham",12400,1240,,620
Linen Towel,New,https://sundaycitizen.co/collections/linen-towel,European Flax Linacel,"linen tea towels, linen waffle towel, american soft linen turkish towels",10280,1028,,591
Hotel Bedding,New,https://sundaycitizen.co/collections/hotel-bedding,"— (category page, all fabrics)","hotel bedding set, luxury hotel bedding sets, luxury hotel bedding set, luxury hotel bedding, hotel suite luxury bedding",7010,701,high,589
Twin Pillow,New,https://sundaycitizen.co/collections/twin-pillow,"— (category page, all fabrics)","twin z pillow, twin nursing pillow, twin pillows, twin bed pillows",11600,1160,,580
Oversized Towel,New,https://sundaycitizen.co/collections/oversized-towel,"— (category page, all fabrics)","oversized bathroom towels, oversized bath towels",10800,1080,,540
Striped Towel,New,https://sundaycitizen.co/collections/striped-towel,"— (category page, all fabrics)","towel stripe, striped towels, stripe towels, striped bath towels",10600,1060,,530
Premium Lumière Comforters + Duvets,Optimise,https://sundaycitizen.co/collections/premium-bamboo-comforters-duvets,Premium Lumière (Bamboo),"bamboo comforter, duvet bamboo cover, bamboo cooling comforter, duvet bamboo, bamboo duvets, bamboo duvet insert",9180,918,,528
Organic Cotton Duvet Cover,New,https://sundaycitizen.co/collections/organic-cotton-duvet-cover,Organic Cotton,"organic cotton duvet covers, organic cotton duvet cover, 100 organic cotton duvet covers, 100 organic cotton duvet cover, organic cotton duvet cover king, organic cotton twin duvet cover, organic cotton queen duvet cover",9060,906,,521
Bamboo Towel,New,https://sundaycitizen.co/collections/bamboo-towel,Premium Lumière (Bamboo),"bamboo towels paper, bamboo towels, bamboo bathroom towels, bamboo bath towels, bamboo facial towels, bamboo face towels, alfred sung bamboo towels, ecoexistence bamboo towels, bamboo kitchen towels",8860,886,,509
Linen Blanket,New,https://sundaycitizen.co/collections/linen-blanket,European Flax Linacel,"blankets and linen, blanket and linen",8800,880,,506
Linen Comforter,New,https://sundaycitizen.co/collections/linen-comforter,European Flax Linacel,"comforters linen, comforter linen",8800,880,,506
Percale Duvet Cover,New,https://sundaycitizen.co/collections/percale-duvet-cover,— no current line (product gap),"percale duvet cover, duvet covers percale, percale cotton duvet covers, percale cotton duvet cover, classic percale duvet cover, percale duvet cover queen, organic cotton percale duvet cover",16770,1677,,503
Cotton Weighted Blanket,New,https://sundaycitizen.co/collections/cotton-weighted-blanket,Cotton (Luce Sateen / Organic / Woven),"cotton weighted blanket, bearaby cotton napper weighted blanket",4900,490,high,502
Quilted Blanket,New,https://sundaycitizen.co/collections/quilted-blanket,"— (category page, all fabrics)","quilted blankets, blanket quilted",8820,882,,441
Striped Bedding,New,https://sundaycitizen.co/collections/striped-bedding,"— (category page, all fabrics)","striped bedding sets, striped bedding",8800,880,,440
California King Duvet Cover,New,https://sundaycitizen.co/collections/california-king-duvet-cover,"— (category page, all fabrics)","duvet covers for california king, duvet covers cal king, california king duvet cover",8700,870,,435
Organic Cotton Towel,New,https://sundaycitizen.co/collections/organic-cotton-towel,Organic Cotton,"organic cotton towel, bath towels organic cotton, organic cotton face towels, 100 organic cotton towels, gots certified organic cotton towels, organic cotton kitchen towels, organic cotton hand towels, organic cotton dish towels, organic cotton hooded towels",7460,746,,429
Velvet Quilt,New,https://sundaycitizen.co/collections/velvet-quilt,Velvet,"quilt velvet, velvet king quilt, velvet quilt green, red velvet quilt, cotton velvet quilt, velvet queen quilt, velvet patchwork quilt, velvet quilt sets, velvet quilt set, velvet blue quilt",7110,711,,409
Organic Sheets,New,https://sundaycitizen.co/collections/organic-sheets,"— (category page, all fabrics)",organic bed sheet,8100,810,,405
Linen Quilt,New,https://sundaycitizen.co/collections/linen-quilt,European Flax Linacel,"linen quilts, linen quilt, linen king quilt, king linen quilts",6980,698,,401
Twin Duvet,New,https://sundaycitizen.co/collections/twin-duvet,"— (category page, all fabrics)","twin duvets, twin duvet, twin duvet insert",7700,770,,385
Bamboo Blanket,New,https://sundaycitizen.co/collections/bamboo-blanket,Premium Lumière (Bamboo),bamboo cooling blanket,6600,660,,379
Premium Lumière Shams + Pillowcases,Optimise,https://sundaycitizen.co/collections/premium-bamboo-shams-pillowcases,Premium Lumière (Bamboo),"pillowcase for bamboo pillow, bamboo pillowcase, bamboo pillow cases, bamboo cooling pillowcase",6090,609,,350
Queen Pillowcase,New,https://sundaycitizen.co/collections/queen-pillowcase,"— (category page, all fabrics)","standard vs queen pillow case, queen pillowcase, pillow cases queen size",6900,690,,345
Cotton Sham,New,https://sundaycitizen.co/collections/cotton-sham,Cotton (Luce Sateen / Organic / Woven),"cotton pillow shams, cotton pillow sham",5800,580,,334
Robes + Loungewear,Optimise,https://sundaycitizen.co/collections/loungewear,"— (category page, all fabrics)","pajamas with shorts for women, gingham pajamas",6400,640,,320
Cotton Coverlet,New,https://sundaycitizen.co/collections/cotton-coverlet,Cotton (Luce Sateen / Organic / Woven),"cotton coverlet, cotton matelasse coverlet",5400,540,,310
Full Quilt,New,https://sundaycitizen.co/collections/full-quilt,"— (category page, all fabrics)","double wedding ring quilt, double wedding ring quilt pattern, quilts for full size bed, quilt bedding sets full size",6100,610,,305
Waffle Duvet Cover,New,https://sundaycitizen.co/collections/waffle-duvet-cover,Waffle,"waffle duvet covers, waffle duvet cover, waffle weave duvet covers, waffle weave duvet cover, waffle duvet cover king, waffle knit duvet cover, white waffle duvet covers, waffle duvet cover white, waffle duvet cover queen",5250,525,,302
Queen Throw,New,https://sundaycitizen.co/collections/queen-throw,"— (category page, all fabrics)","throw blankets queen size, queen size throw blanket, queen size blankets and throws",5700,570,,285
Linen Duvet,New,https://sundaycitizen.co/collections/linen-duvet,European Flax Linacel,"linen duvet, duvets linen",4800,480,,276
Luxury Pillow,New,https://sundaycitizen.co/collections/luxury-pillow,"— (category page, all fabrics)",luxury pillows,5400,540,,270
Velvet Duvet Cover,New,https://sundaycitizen.co/collections/velvet-duvet-cover,Velvet,"velvet duvet cover, duvet covers velvet, velvet duvet covers king, king duvet cover velvet, velvet green duvet cover, velvet duvet covers queen, duvet cover queen velvet",4530,453,,260
Ruffled Duvet Cover,New,https://sundaycitizen.co/collections/ruffled-duvet-cover,"— (category page, all fabrics)","ruffled duvet covers, ruffle duvet cover",4800,480,,240
King Throw,New,https://sundaycitizen.co/collections/king-throw,"— (category page, all fabrics)","throw blankets king size, king size throw blanket, king size blankets and throws",4800,480,,240
Lightweight Quilt,New,https://sundaycitizen.co/collections/lightweight-quilt,"— (category page, all fabrics)","lightweight quilts, lightweight quilt, lightweight quilts for summer, lightweight bed quilts",4710,471,,236
Percale Bedding,New,https://sundaycitizen.co/collections/percale-bedding,— no current line (product gap),"bedding percale, percale cotton bedding, organic cotton percale bedding",7800,780,,234
Organic Bedding,New,https://sundaycitizen.co/collections/organic-bedding,"— (category page, all fabrics)",best organic bedding,4400,440,,220
Hotel Sheets,New,https://sundaycitizen.co/collections/hotel-sheets,"— (category page, all fabrics)",hotel sheets,4400,440,,220
Twin Xl Duvet Cover,New,https://sundaycitizen.co/collections/twin-xl-duvet-cover,"— (category page, all fabrics)",twin xl duvet covers,4400,440,,220
Faux Fur Comforter,New,https://sundaycitizen.co/collections/faux-fur-comforter,Snug / Faux Fur,"faux fur comforter, faux fur comforter set",3700,370,,213
Velvet Comforter,New,https://sundaycitizen.co/collections/velvet-comforter,Velvet,"velvet comforter, king velvet comforter, comforter set velvet",3660,366,,210
Velvet Pillows,Optimise,https://sundaycitizen.co/collections/velvet-pillows,Velvet,velvet pillow covers,3600,360,,207
Organic Cotton Pillow,New,https://sundaycitizen.co/collections/organic-cotton-pillow,Organic Cotton,organic cotton pillows,3600,360,,207
Organic Cotton Blanket,New,https://sundaycitizen.co/collections/organic-cotton-blanket,Organic Cotton,organic cotton blanket,3600,360,,207
Lightweight Comforter,New,https://sundaycitizen.co/collections/lightweight-comforter,"— (category page, all fabrics)","lightweight down comforter, lightweight alternative down comforter, best lightweight down comforters",4080,408,,204
Striped Duvet,New,https://sundaycitizen.co/collections/striped-duvet,"— (category page, all fabrics)","striped duvets, striped duvet, stripe duvet",3900,390,,195
Luxury Rug,New,https://sundaycitizen.co/collections/luxury-rug,"— (category page, all fabrics)","bath rugs luxury, bath rug luxury",3800,380,,190
Split King Bedding,New,https://sundaycitizen.co/collections/split-king-bedding,"— (category page, all fabrics)",what is split king bedding,3600,360,,180
Flannel Duvet Cover,New,https://sundaycitizen.co/collections/flannel-duvet-cover,— no current line (product gap),"flannel duvet covers, flannel duvet cover, flannel cotton duvet cover",6010,601,,180
Twin Xl Duvet,New,https://sundaycitizen.co/collections/twin-xl-duvet,"— (category page, all fabrics)","twin xl duvets, twin xl duvet, duvet insert twin xl",3600,360,,180
Bamboo Duvet Cover,New,https://sundaycitizen.co/collections/bamboo-duvet-cover,Premium Lumière (Bamboo),"duvet covers bamboo, king bamboo duvet cover, bamboo viscose duvet cover, queen bamboo duvet cover",3040,304,,175
Flannel Blanket,New,https://sundaycitizen.co/collections/flannel-blanket,— no current line (product gap),"flannel blanket, flannel heated blanket, flannel fleece blanket",5380,538,,161
Alaskan King Sheets,New,https://sundaycitizen.co/collections/alaskan-king-sheets,"— (category page, all fabrics)","alaskan king bed sheets, alaskan king sheets",3200,320,,160
Flannel Robe,New,https://sundaycitizen.co/collections/flannel-robe,— no current line (product gap),"women flannel robe, mens flannel robe, flannel robe",5300,530,,159
Microfiber Blanket,New,https://sundaycitizen.co/collections/microfiber-blanket,— no current line (product gap),"microfiber blanket, microfiber polyester blanket",5200,520,,156
Flannel Bedding,New,https://sundaycitizen.co/collections/flannel-bedding,— no current line (product gap),"flannel bedding set, organic cotton flannel bedding",4080,408,,122
