referring_domain,domain_rank,backlinks,dofollow,nofollow,first_seen,lost_date,referring_pages,country,is_broken
bestsleepersofatips.com,68,54,54,,2022-12-26 19:51:15 +00:00,,51,,0
biospeleologia.blogspot.com,60,23,23,,2023-10-04 17:35:08 +00:00,,23,,0
esches-strandbistro.de,51,1,1,,2024-11-26 22:43:46 +00:00,,1,,0
beforeitsnews.com,37,4,4,,2023-02-10 08:46:43 +00:00,,4,,0
bit.ly,36,1,1,,2025-12-24 06:34:35 +00:00,,1,,0
choicediningtable.blogspot.com,35,36,36,,2023-10-03 12:55:00 +00:00,,36,,0
mydiningtablehome.blogspot.com,32,34,34,,2023-10-11 04:57:54 +00:00,,33,,0
aptdeco.com,23,5,5,,2026-07-02 10:50:22 +00:00,,5,,0
dentesthic.hu,23,3,3,,2025-08-26 20:52:20 +00:00,,3,,0
diningtabletoday.blogspot.com,17,31,31,,2023-10-04 23:25:51 +00:00,,29,,0
comfortingwords.web.app,14,8,8,,2025-08-05 17:25:45 +00:00,,8,,0
losguayanes.blogspot.com,12,7,7,,2023-10-06 11:16:58 +00:00,,7,,0
prwe.com,7,2,2,,2025-08-20 04:23:49 +00:00,,2,,0
ardronesolutions.com,7,2,2,,2025-08-14 12:19:23 +00:00,,2,,0
bronsspce.blogspot.com,6,4,4,,2023-10-05 20:04:28 +00:00,,4,,0
belocalhb.com,3,1,1,,2026-06-23 18:01:08 +00:00,,1,,0
anchorurl.cloud,0,1,1,,2026-07-22 03:08:10 +00:00,,1,,0
way2check.cv,0,1,1,,2026-06-10 03:53:35 +00:00,,1,,0
zoominfo.com,0,1,1,,2026-06-06 23:37:59 +00:00,,1,,0
quero.party,0,1,1,,2026-06-01 07:40:19 +00:00,,1,,0
buzzshrink.website,0,1,1,,2026-05-22 19:43:46 +00:00,,1,,0
decoupage-paper.com,0,4,4,,2026-05-05 17:41:54 +00:00,,3,,0
read.org.in,0,2,2,,2026-05-02 22:26:05 +00:00,,2,,0
mtbs3d.com,0,1,1,,2026-05-02 19:51:57 +00:00,,1,,0
ruckerholdem.com,0,2,2,,2026-04-30 19:06:57 +00:00,,2,,0
marketingexperts.click,0,1,1,,2026-04-28 23:39:44 +00:00,,1,,0
daolink.mom,0,1,1,,2026-04-23 00:55:06 +00:00,,1,,0
dltech.forum,0,1,1,,2026-04-23 00:54:58 +00:00,,1,,0
websiterace.com,0,1,1,,2026-04-16 08:49:20 +00:00,,1,,0
worldbusinesspromote.com,0,1,1,,2026-04-11 03:18:14 +00:00,,1,,0
pagesearch.net,0,1,1,,2026-03-16 00:38:45 +00:00,,1,,0
shortenurls.eu,0,1,1,,2026-03-15 03:09:06 +00:00,,1,,0
localitybiz.com,0,16,16,,2026-03-02 04:53:13 +00:00,,15,,0
urls-shortener.eu,0,1,1,,2026-02-25 02:05:30 +00:00,,1,,0
accordiluminacao.com,0,1,1,,2026-02-25 01:58:42 +00:00,,1,,0
wallpapers.pro,0,1,1,,2026-02-23 19:26:44 +00:00,,1,,0
housemadrid.com.es,0,1,1,,2026-02-19 19:53:47 +00:00,,1,,0
jake.eu,0,1,1,,2026-02-12 17:12:35 +00:00,,1,,0
musweb.org,0,1,1,,2026-02-12 16:34:15 +00:00,,1,,0
jedgar.co,0,1,1,,2026-02-12 12:00:49 +00:00,,1,,0
adwordtechnology.com,0,1,1,,2026-02-09 09:13:45 +00:00,,1,,0
ready.pro,0,2,2,,2026-02-03 09:22:52 +00:00,,2,,0
booksreadr.org,0,1,1,,2026-02-02 13:20:04 +00:00,,1,,0
assurances.gov.gh,0,1,1,,2026-02-01 20:26:44 +00:00,,1,,0
tindercash.com,0,214,214,,2026-02-01 10:07:37 +00:00,,214,,2
screenshots.wiki,0,2,2,,2026-01-29 13:16:36 +00:00,,2,,0
alljobs.info,0,2,2,,2026-01-26 10:31:53 +00:00,,2,,0
globalecommerce.org,0,1,1,,2026-01-25 13:43:48 +00:00,,1,,0
pick4d.live,0,1,1,,2026-01-09 23:21:22 +00:00,,1,,0
electricity-engeer37.blogspot.com,0,1,1,,2026-01-08 12:31:10 +00:00,,1,,0
getwebsiteworth.com,0,2,2,,2026-01-02 12:24:22 +00:00,,2,,0
wheretobuybest.link,0,1,1,,2025-12-28 22:27:43 +00:00,,1,,0
thecloudherald.com,0,1,1,,2025-12-25 20:32:03 +00:00,,1,,0
danaoliving.com,0,1,1,,2025-12-10 07:44:38 +00:00,,1,,0
furniture-companies.com,0,4,4,,2025-12-05 16:50:57 +00:00,,1,,0
topcustomfurnituredesigners.com,0,4,4,,2025-12-01 15:53:51 +00:00,,1,,0
bobbytonboulevard.blogspot.com,0,3,3,,2025-11-28 04:17:51 +00:00,,3,,0
ruangguru-614.blogspot.com,0,1,1,,2025-11-26 18:25:58 +00:00,,1,,0
prologisfreight.com,0,1,1,,2025-11-24 07:14:27 +00:00,,1,,0
apathtosavingmoney.blogspot.com,0,1,1,,2025-11-23 03:11:30 +00:00,,1,,0
greatinteriordesig.blogspot.com,0,1,1,,2025-11-20 08:37:12 +00:00,,1,,0
picturescards.blogspot.com,0,1,1,,2025-11-20 04:37:43 +00:00,,1,,0
rumahbelajarpintar75.blogspot.com,0,1,1,,2025-11-15 07:35:10 +00:00,,1,,0
rumahbelajarpintar62.blogspot.com,0,2,2,,2025-11-15 07:32:24 +00:00,,1,,0
rumahbelajarpintar684.blogspot.com,0,1,1,,2025-11-15 07:16:57 +00:00,,1,,0
obesbye.blogspot.com,0,3,3,,2025-11-14 06:31:16 +00:00,,3,,0
diningromideaa.blogspot.com,0,1,1,,2025-11-13 05:59:24 +00:00,,1,,0
everythingfurniture-co.blogspot.com,0,1,1,,2025-11-12 23:01:57 +00:00,,1,,0
brasilnapratica.com.br,0,1,1,,2025-11-10 05:14:27 +00:00,,1,,0
bestimagesarchives.blogspot.com,0,1,1,,2025-11-09 01:26:59 +00:00,,1,,0
blockchainproper.blogspot.com,0,1,1,,2025-11-07 21:57:17 +00:00,,1,,0
theswingersdiaries.blogspot.com,0,1,1,,2025-11-07 21:26:38 +00:00,,1,,0
thecitadelphotos.blogspot.com,0,1,1,,2025-11-06 15:56:46 +00:00,,1,,0
allloyalphotos.blogspot.com,0,2,2,,2025-11-06 14:20:57 +00:00,,2,,0
theimagesspark.blogspot.com,0,1,1,,2025-11-06 05:17:59 +00:00,,1,,0
birthstonbonatura.blogspot.com,0,1,1,,2025-11-06 03:35:57 +00:00,,1,,0
harmonicimages.blogspot.com,0,1,1,,2025-11-05 18:21:15 +00:00,,1,,0
bestphotosmaniac.blogspot.com,0,1,1,,2025-11-05 17:07:40 +00:00,,1,,0
hairstylesnet.blogspot.com,0,1,1,,2025-11-05 13:34:47 +00:00,,1,,0
homeconceptwarehouse.blogspot.com,0,2,2,,2025-11-05 12:49:13 +00:00,,2,,0
skylinkseo.site,0,1,1,,2025-11-05 12:41:08 +00:00,,1,,0
ruangbelajar-667.blogspot.com,0,2,2,,2025-10-28 01:37:33 +00:00,,1,,0
philca.ch,0,1,1,,2025-10-20 17:52:45 +00:00,,1,,0
noblesseobligevignola.com,0,1,1,,2025-10-10 08:01:32 +00:00,,1,,0
iheart.com,0,3,3,,2025-10-03 14:11:21 +00:00,,3,,0
imageinfohub.blogspot.com,0,1,1,,2025-09-28 03:22:08 +00:00,,1,,0
twinbunkbedsforboys.blogspot.com,0,2,2,,2025-09-28 02:40:46 +00:00,,2,,0
innovativechemicals.pk,0,2,2,,2025-09-28 00:24:28 +00:00,,2,,0
electricity-engeer06.blogspot.com,0,1,1,,2025-09-22 20:26:55 +00:00,,1,,0
localfurniturestores.net,0,2,2,,2025-09-19 05:55:28 +00:00,,2,,0
baitytax.com,0,1,1,,2025-09-19 03:31:09 +00:00,,1,,0
cukasihsejahtera.org,0,1,1,,2025-09-15 12:41:32 +00:00,,1,,0
furnitureswall.blogspot.com,0,2,2,,2025-09-13 01:49:00 +00:00,,2,,0
laurawilliamsmusings.blogspot.com,0,2,2,,2025-09-07 10:31:20 +00:00,,2,,0
1stcallglasscare.com,0,1,1,,2025-09-06 00:20:57 +00:00,,1,,0
bentosi.vn,0,1,1,,2025-08-25 11:58:18 +00:00,,1,,0
deluxurydectujuh.web.app,0,3,3,,2025-08-25 06:12:37 +00:00,,3,,0
localfurniturestore.net,0,2,2,,2025-08-24 09:21:50 +00:00,,2,,0
fillerzone.co,0,2,2,,2025-08-20 09:26:20 +00:00,,2,,0
daniellevasquezk2ja.web.app,0,1,1,,2025-08-18 12:26:47 +00:00,,1,,0
