anchor,backlinks,referring_domains,dofollow_backlinks,first_seen
,762,297,762,2022-12-26 19:51:15 +00:00
wassersfurniture.com,56,35,56,2023-10-14 15:25:30 +00:00
Wasser's Furniture,20,2,20,2025-05-06 19:21:59 +00:00
Website,12,6,12,2024-03-23 23:32:53 +00:00
wassersfurniture,11,8,11,2024-03-05 04:15:44 +00:00
http://www.wassersfurniture.com/,7,6,7,2022-11-18 06:12:58 +00:00
wassersfurniture.com/shop-by-brand/a-c/costantini-pietro-fur...,6,1,6,2024-08-25 00:57:54 +00:00
http://www.wassersfurniture.com,6,3,6,2022-11-23 03:55:59 +00:00
family tradition,6,3,6,2022-11-23 03:55:59 +00:00
http://wassersfurniture.com,6,3,6,2021-09-27 21:15:10 +00:00
wassersfurniture.com/shop-by-b...,5,1,5,2024-08-25 00:57:54 +00:00
http://www.wassersfurniture.com/…,5,1,5,2022-07-28 06:29:28 +00:00
Source,4,1,4,2026-05-05 17:41:54 +00:00
Wasser Exclusive Furniture,4,1,4,2025-12-05 16:50:57 +00:00
Visit Website,4,2,4,2025-06-17 17:47:06 +00:00
wassersfurniture.com/shop-by-brand/a-c/american-leather/amer...,4,1,4,2024-08-25 00:57:54 +00:00
www.wassersfurniture.com,3,2,3,2024-12-06 13:54:56 +00:00
wassersfurniture.com/shop-by-brand/a-c/american-leather/comf...,3,1,3,2024-08-25 00:57:54 +00:00
View website,3,1,3,2023-10-09 14:14:03 +00:00
https://wassersfurniture.com,3,2,3,2023-03-14 19:50:56 +00:00
American Leather,3,3,3,2022-04-06 14:46:49 +00:00
Contact Us,3,2,3,2021-09-27 21:15:10 +00:00
Wassers Furniture,3,2,3,2019-09-19 11:19:35 +00:00
http://wassersfurniture.com/american-leather-brynlee-comf...,2,1,2,2026-07-02 10:50:22 +00:00
Dining Room,2,1,2,2026-02-01 10:07:37 +00:00
Mirrors,2,1,2,2026-02-01 10:07:37 +00:00
Romina Furniture,2,1,2,2026-02-01 10:07:37 +00:00
Accessories,2,1,2,2026-02-01 10:07:37 +00:00
Armoire,2,1,2,2026-02-01 10:07:37 +00:00
Bedroom,2,1,2,2026-02-01 10:07:37 +00:00
Wassersfurniture.com,2,2,2,2026-02-01 10:07:37 +00:00
Desk Chairs,2,1,2,2026-02-01 10:07:37 +00:00
Ottomans,2,1,2,2026-02-01 10:07:37 +00:00
Chest,2,1,2,2026-02-01 10:07:37 +00:00
Speakers & Surround Sound,2,1,2,2026-02-01 10:07:37 +00:00
Living Room,2,1,2,2026-02-01 10:07:37 +00:00
Shop Now,2,1,2,2026-02-01 10:07:37 +00:00
Chairs,2,1,2,2026-02-01 10:07:37 +00:00
Century Furniture Gathering Extension Dining Table,2,1,2,2025-08-06 10:04:36 +00:00
wassersfurniture.com/american-...,2,1,2,2024-08-25 00:57:54 +00:00
wassersfurniture.com/furniture/livingroom/recliners-chaises/...,2,1,2,2024-08-25 00:57:54 +00:00
wassersfurniture.com/shop-by-brand/r-z/rossetto-usa/rossetto...,2,1,2,2024-08-25 00:57:54 +00:00
wassersfurniture.com/furniture/accessories-pedestals/accent-...,2,1,2,2024-08-25 00:57:54 +00:00
finest in leather furniture,2,1,2,2023-10-14 17:48:22 +00:00
Bontempi Casa,2,2,2,2023-10-12 15:04:32 +00:00
Download Image,2,1,2,2023-10-10 23:13:53 +00:00
Eames style chair,2,1,2,2023-10-04 02:24:45 +00:00
Wasser’s Exclusive Furniture & Interiors,2,2,2,2019-02-15 23:02:52 +00:00
http://wassersfurniture.com/american-leather-grisham.html,1,1,1,2026-07-12 05:13:49 +00:00
http://wassersfurniture.com/american-leather-uno-ottoman....,1,1,1,2026-07-03 02:30:42 +00:00
http://wassersfurniture.com/media/catal ... re.com.jpg,1,1,1,2026-05-02 19:51:57 +00:00
Rossetto Diamond,1,1,1,2026-05-01 07:17:51 +00:00
Rossetto Bed,1,1,1,2026-04-30 19:06:57 +00:00
1 Of A Kind Executive Gifts,1,1,1,2026-02-01 10:07:37 +00:00
Fanimation,1,1,1,2026-02-01 10:07:37 +00:00
QUICKSHIP,1,1,1,2026-02-01 10:07:37 +00:00
Area Rugs,1,1,1,2026-02-01 10:07:37 +00:00
Linie Design,1,1,1,2026-02-01 10:07:37 +00:00
Home & Office,1,1,1,2026-02-01 10:07:37 +00:00
Shabbos Tables,1,1,1,2026-02-01 10:07:37 +00:00
Sectionals,1,1,1,2026-02-01 10:07:37 +00:00
Nightstands,1,1,1,2026-02-01 10:07:37 +00:00
Customer Service,1,1,1,2026-02-01 10:07:37 +00:00
Pillows & Throws,1,1,1,2026-02-01 10:07:37 +00:00
Newport Cottages,1,1,1,2026-02-01 10:07:37 +00:00
Bars & Bar Stools,1,1,1,2026-02-01 10:07:37 +00:00
China Cabinet,1,1,1,2026-02-01 10:07:37 +00:00
https://wassersfurniture.com/antique-american-hand-carved-signed-mirror-sold.html,1,1,1,2026-02-01 10:07:37 +00:00
Seasonal Living,1,1,1,2026-02-01 10:07:37 +00:00
SUMMER LOVIN',1,1,1,2026-02-01 10:07:37 +00:00
Shop Furniture,1,1,1,2026-02-01 10:07:37 +00:00
Curry & Co,1,1,1,2026-02-01 10:07:37 +00:00
Cart          0,1,1,1,2026-02-01 10:07:37 +00:00
Nursery Works,1,1,1,2026-02-01 10:07:37 +00:00
Source Outdoor,1,1,1,2026-02-01 10:07:37 +00:00
INSPIRATION,1,1,1,2026-02-01 10:07:37 +00:00
Thayer Coggin,1,1,1,2026-02-01 10:07:37 +00:00
Tomasella,1,1,1,2026-02-01 10:07:37 +00:00
Hospitality - Public Spaces - Restaurant,1,1,1,2026-02-01 10:07:37 +00:00
Shop Lighting,1,1,1,2026-02-01 10:07:37 +00:00
Brown Jordan,1,1,1,2026-02-01 10:07:37 +00:00
Occassional,1,1,1,2026-02-01 10:07:37 +00:00
Neutral Nursery,1,1,1,2026-02-01 10:07:37 +00:00
Carrol Boyes,1,1,1,2026-02-01 10:07:37 +00:00
Lafer Recliners,1,1,1,2026-02-01 10:07:37 +00:00
MISSONI HOME,1,1,1,2026-02-01 10:07:37 +00:00
Bassinets,1,1,1,2026-02-01 10:07:37 +00:00
Armen Living,1,1,1,2026-02-01 10:07:37 +00:00
TO THE TRADE,1,1,1,2026-02-01 10:07:37 +00:00
Monte Design,1,1,1,2026-02-01 10:07:37 +00:00
Privacy Policy,1,1,1,2026-02-01 10:07:37 +00:00
Cattelan Italia,1,1,1,2026-02-01 10:07:37 +00:00
File Systems,1,1,1,2026-02-01 10:07:37 +00:00
https://wassersfurniture.com/naos-cocktail-table-papillon-extension-quickship.html,1,1,1,2026-02-01 10:07:37 +00:00
Interlude Home,1,1,1,2026-02-01 10:07:37 +00:00
Tucci Outdoor,1,1,1,2026-02-01 10:07:37 +00:00
Shipping Info,1,1,1,2026-02-01 10:07:37 +00:00
Telescope Casual / Contract,1,1,1,2026-02-01 10:07:37 +00:00
Phillips Collection,1,1,1,2026-02-01 10:07:37 +00:00
Couture Jardin,1,1,1,2026-02-01 10:07:37 +00:00
