source_url,source_domain,target_url,page_rank,domain_rank,anchor,dofollow,link_type,first_seen,last_seen,is_lost,source_country
https://esches-strandbistro.de/wassers-exclusive-furniture-interiors/,esches-strandbistro.de,http://www.wassersfurniture.com/,0,41,wassersfurniture.com,True,anchor,2024-11-26 22:43:46 +00:00,2026-05-16 18:10:03 +00:00,False,DE
http://bit.ly/wassersfurniture,bit.ly,http://wassersfurniture.com/,105,829,,True,redirect,2025-12-24 06:34:35 +00:00,2025-12-24 06:34:35 +00:00,False,LY
https://belocalhb.com/shop-local/,belocalhb.com,https://wassersfurniture.com/,237,104,Website,True,anchor,2026-06-23 18:01:08 +00:00,2026-06-23 18:01:08 +00:00,False,US
https://beforeitsnews.com/press-releases/2012/10/wassers-furniture-in-hallandale-florida-passes-its-32nd-anniversary-2561276.html,beforeitsnews.com,http://www.wassersfurniture.com/,3,463,http://www.wassersfurniture.com,True,anchor,2024-05-16 03:16:29 +00:00,2026-01-05 16:19:15 +00:00,False,US
https://mysite.itvarsity.org/2821283058.htm,mysite.itvarsity.org,https://wassersfurniture.com/pub/media/catalog/product/cache/47122e30e721e29521fd25bd006be0ca/3/2/3266_sq-cw-steel-setting.jpg,0,202,,True,image,2025-06-01 07:51:42 +00:00,2025-08-08 20:53:32 +00:00,False,
https://globalglam.shop/shopdetail/64601272722,globalglam.shop,https://wassersfurniture.com/pub/media/catalog/product/cache/47122e30e721e29521fd25bd006be0ca/s/u/sub-front-wassers_furniture.jpg_1.jpg,0,361,,True,image,2025-08-03 01:19:57 +00:00,2025-08-03 01:19:57 +00:00,False,
https://furnituremaven.blogspot.com/,furnituremaven.blogspot.com,http://blog.wassersfurniture.com/,38,0,,True,redirect,2024-12-06 19:45:13 +00:00,2026-01-17 05:20:46 +00:00,False,
https://www.articlefield.com/836711/american-leather-furniture/,www.articlefield.com,http://www.wassersfurniture.com/shop-by-brand/a-c/american-leather.html,0,202,American Leather,True,anchor,2023-12-22 01:09:07 +00:00,2026-05-26 06:31:48 +00:00,False,
https://www.iheart.com/podcast/269-you-winning-life-47829355/episode/ep-188-lessons-from-a-modern-255099102/,www.iheart.com,http://wassersfurniture.com/,0,619,Wasser's Furniture,True,anchor,2025-10-03 14:25:36 +00:00,2025-12-21 18:18:07 +00:00,False,US
https://www.prologisfreight.com/?p=177483526,www.prologisfreight.com,https://wassersfurniture.com/pub/media/catalog/product/cache/fd0400460a254b5173b59208b479c413/b/e/beverly_lavender_grande.jpg,0,169,,True,image,2025-11-24 07:14:27 +00:00,2025-11-24 07:14:27 +00:00,False,WW
https://philca.ch/?p=170846613,philca.ch,https://wassersfurniture.com/pub/media/catalog/product/cache/e4cb6aa8fcda768e2c57d632b6751fbc/t/e/tempur_countor_rhapsody_luxe_05_www.wassersfurniture.com.jpg,0,0,,True,image,2025-10-20 17:52:45 +00:00,2025-10-20 17:52:45 +00:00,False,CH
https://www.dentesthic.hu/?d=381625015,www.dentesthic.hu,https://wassersfurniture.com/pub/media/catalog/product/cache/424087206bf0ef57c16721a024a0cf56/s/t/stanton_floor_sample-_wassers.jpg,0,184,,True,image,2025-09-14 12:48:39 +00:00,2025-09-14 12:48:39 +00:00,False,HU
https://prwe.com/?p=194286216,prwe.com,https://wassersfurniture.com/pub/media/catalog/product/cache/98682109f2283c07011afec01d68061f/n/w/nw16734rgld_crib2_5wassersfurniture.com.jpg,0,141,,True,image,2025-08-23 09:55:36 +00:00,2025-08-23 09:55:36 +00:00,False,US
https://ardronesolutions.com/?a=461790412,ardronesolutions.com,https://wassersfurniture.com/pub/media/catalog/product/cache/ca149ce10bf2ce26f8b93431691b60c5/w/o/wood_james_3_600x900.jpg,0,3,,True,image,2025-08-18 23:05:50 +00:00,2025-08-18 23:05:50 +00:00,False,US
https://retrorenovation.com/2012/04/25/11-round-sofas-in-midcentury-or-postmodern-style/,retrorenovation.com,http://wassersfurniture.com/furniture/livingroom/sectionals.html,0,380,American Leather Menlo Park curvy sofa sectional.,True,anchor,2021-10-08 21:06:50 +00:00,2026-06-12 23:03:12 +00:00,False,US
https://wp.boisdesoeuvres-equitation.fr/mcfsmzy/monte-design-glider.html,wp.boisdesoeuvres-equitation.fr,https://wassersfurniture.com/shop-by-brand/l-p/monte-design.html,0,166,Monte Design - Wasser's Exclusive Furniture,True,anchor,2024-01-18 19:18:23 +00:00,2026-06-24 19:16:23 +00:00,False,FR
https://www.interiola.com/US/Hallandale-Beach/113062198697/Wasser%27s-Exclusive-Furniture-%26-Interiors,www.interiola.com,http://www.wassersfurniture.com/,0,202,www.wassersfurniture.com,True,anchor,2024-12-06 13:54:56 +00:00,2026-01-30 07:19:48 +00:00,False,WW
http://mugellodeipiccoli.blogspot.com/2016/04/sofa-chair.html,mugellodeipiccoli.blogspot.com,http://wassersfurniture.com/media/catalog/product/cache/1/image/88969f45fef47f1976421a9810ed57f6/a/l/alessandro_2.jpg,0,0,,True,image,2024-05-24 17:07:06 +00:00,2026-03-21 04:27:10 +00:00,False,
http://marsboyfriend.blogspot.com/2016/04/sofa-chair.html,marsboyfriend.blogspot.com,http://wassersfurniture.com/media/catalog/product/cache/1/image/88969f45fef47f1976421a9810ed57f6/a/l/alessandro_2.jpg,0,77,,True,image,2023-11-01 14:53:54 +00:00,2026-01-23 11:10:48 +00:00,False,
http://andreajohnsonbeck.blogspot.com/2016/04/sofa-chair.html,andreajohnsonbeck.blogspot.com,http://wassersfurniture.com/media/catalog/product/cache/1/image/88969f45fef47f1976421a9810ed57f6/a/l/alessandro_2.jpg,0,282,,True,image,2023-04-10 15:17:08 +00:00,2025-12-29 17:50:44 +00:00,False,
http://brujasytormentas.blogspot.com/2016/04/sofa-chair.html,brujasytormentas.blogspot.com,http://wassersfurniture.com/media/catalog/product/cache/1/image/88969f45fef47f1976421a9810ed57f6/a/l/alessandro_2.jpg,0,139,,True,image,2023-11-15 12:09:20 +00:00,2025-11-28 15:51:01 +00:00,False,
https://thefamilyroomsfl.com/my-story/,thefamilyroomsfl.com,http://wassersfurniture.com/,0,152,3rd generation furniture business,True,anchor,2019-02-21 02:15:36 +00:00,2026-06-27 04:36:31 +00:00,False,
http://kattebloggmin.blogspot.com/2016/04/sofa-chair.html,kattebloggmin.blogspot.com,http://wassersfurniture.com/media/catalog/product/cache/1/image/88969f45fef47f1976421a9810ed57f6/a/l/alessandro_2.jpg,0,129,,True,image,2023-10-11 11:20:41 +00:00,2026-01-05 21:07:06 +00:00,False,
http://mamaecrista.blogspot.com/2016/04/sofa-chair.html,mamaecrista.blogspot.com,http://wassersfurniture.com/media/catalog/product/cache/1/image/88969f45fef47f1976421a9810ed57f6/a/l/alessandro_2.jpg,0,178,,True,image,2023-11-22 23:09:12 +00:00,2025-12-05 19:19:36 +00:00,False,
http://sims4sims3.blogspot.com/2016/04/sofa-chair.html,sims4sims3.blogspot.com,http://wassersfurniture.com/media/catalog/product/cache/1/image/88969f45fef47f1976421a9810ed57f6/a/l/alessandro_2.jpg,0,59,,True,image,2023-10-05 03:13:26 +00:00,2025-11-07 05:16:06 +00:00,False,
https://baitytax.com/?b=352301728,baitytax.com,https://wassersfurniture.com/pub/media/catalog/product/cache/324bd2915b8b4e340b076aabfbc33235/p/i/pink_beaded_chandelier_1_.jpg,0,249,,True,image,2025-09-19 03:31:09 +00:00,2025-09-19 03:31:09 +00:00,False,
https://fillerzone.co/?f=461130112,fillerzone.co,https://wassersfurniture.com/pub/media/catalog/product/cache/63139fc3c2aadfdd9251350dc2d73fb2/s/c/screen_shot_2014-01-24_at_11.55.51_am.jpg,0,294,,True,image,2025-08-23 23:18:48 +00:00,2025-08-23 23:18:48 +00:00,False,CO
https://www.bestsleepersofatips.com/tag/international-film-festival/,www.bestsleepersofatips.com,http://www.wassersfurniture.com/media/catalog/product/cache/1/image/9df78eab33525d08d6e5fb8d27136e95/k/a/kayla3.jpg,0,235,,True,image,2026-08-01 20:32:47 +00:00,2026-08-01 20:32:47 +00:00,False,
https://www.dexknows.com/hollywood-fl/furniture-stores,www.dexknows.com,http://wassersfurniture.com/,0,491,Visit Website,False,image,2026-07-29 02:05:28 +00:00,2026-07-29 02:05:28 +00:00,False,US
https://www.accordiluminacao.com/en/showrooms,www.accordiluminacao.com,http://www.wassersfurniture.com/,0,302,http://www.wassersfurniture.com/,True,anchor,2026-02-25 01:58:42 +00:00,2026-07-27 17:37:52 +00:00,False,WW
https://buzzshrink.website/share/56529,buzzshrink.website,https://wassersfurniture.com/,0,276,wassersfurniture.com,False,anchor,2026-05-22 19:43:46 +00:00,2026-07-26 14:59:52 +00:00,False,
https://ready.pro/stats/56529,ready.pro,https://wassersfurniture.com/,0,209,wassersfurniture.com,False,anchor,2026-05-30 08:59:44 +00:00,2026-07-25 18:42:42 +00:00,False,
https://allconstructionguide.com/listing/wassers/,allconstructionguide.com,http://www.wassersfurniture.com/driving-directions-to-wassers-furniture,0,172,Driving Directions,True,anchor,2021-09-27 21:15:10 +00:00,2026-07-24 10:24:07 +00:00,False,
https://localitybiz.com/florida/clothing-store-in-hallandale-beach,localitybiz.com,http://www.wassersfurniture.com/,0,626,wassersfurniture.com,False,anchor,2026-03-02 07:27:47 +00:00,2026-07-22 08:20:33 +00:00,False,UA
https://anchorurl.cloud/share/56529,anchorurl.cloud,https://wassersfurniture.com/,0,294,wassersfurniture.com,False,anchor,2026-07-22 03:08:10 +00:00,2026-07-22 03:08:10 +00:00,False,
https://www.zoominfo.com/c/wassers-exclusive-furniture-and-interiors/398548959,www.zoominfo.com,https://www.wassersfurniture.com/,0,585,www.wassersfurniture.com,False,anchor,2026-06-06 23:37:59 +00:00,2026-07-18 05:06:10 +00:00,False,US
https://skylinkseo.site/614-area-code-the-heart-of-columbus-ohio/,skylinkseo.site,https://wassersfurniture.com/,0,224,wassersfurniture,False,anchor,2025-11-05 12:41:08 +00:00,2026-07-17 23:34:50 +00:00,False,
https://pick4d.live/2025/10/29/614-area-code-the-heart-of-columbus-ohio/,pick4d.live,https://wassersfurniture.com/,0,108,wassersfurniture,False,anchor,2026-01-09 23:21:22 +00:00,2026-07-17 22:56:43 +00:00,False,
https://prlog.ru/analysis/furnishdesign.com,prlog.ru,http://wassersfurniture.com/,0,419,,False,image,2025-01-29 21:50:09 +00:00,2026-07-15 15:19:01 +00:00,False,RU
https://drjack.world/report/56528,drjack.world,https://wassersfurniture.com/,0,348,wassersfurniture.com,False,anchor,2026-02-03 01:15:25 +00:00,2026-07-15 11:27:48 +00:00,False,
https://screenshots.wiki/report/56528,screenshots.wiki,https://wassersfurniture.com/,0,267,wassersfurniture.com,False,anchor,2026-01-29 13:16:36 +00:00,2026-07-15 07:53:18 +00:00,False,
https://www.aptdeco.com/product/american-leather-grisham-espresso-sofa,www.aptdeco.com,http://wassersfurniture.com/american-leather-grisham.html,0,377,http://wassersfurniture.com/american-leather-grisham.html,True,anchor,2026-07-12 05:13:49 +00:00,2026-07-12 05:13:49 +00:00,False,US
https://blocs.mesvilaweb.cat/marcel/louisa-raluy-nomenada-nova-directora-del-festival-de-circ-trapezi-fins-lany-2013-amb-loposicio-de-la-generalitat/,blocs.mesvilaweb.cat,http://www.wassersfurniture.com/shop-by-brand/a-c/american-leather.html,0,470,American Leather,False,anchor,2022-04-06 14:46:49 +00:00,2026-07-11 14:41:45 +00:00,False,WW
https://www.watson.ch/populaerkultur/bilderwelten/910833482-25-wandelbare-moebel-die-platz-aber-kein-geld-sparen,www.watson.ch,http://wassersfurniture.com/idealsedia-transformable-ottoman.html,0,460,wassersfurniture,True,anchor,2026-05-28 22:37:30 +00:00,2026-07-10 19:05:32 +00:00,False,CH
https://clementinekingkitblackcurrant.web.app/gallery/american-leather-sofa-bed-disassembly.html,clementinekingkitblackcurrant.web.app,http://wassersfurniture.com/media/catalog/product/cache/1/image/9df78eab33525d08d6e5fb8d27136e95/j/a/jaime_cs_v8_front.jpg,0,84,,True,image,2024-09-28 21:32:11 +00:00,2026-07-09 06:29:08 +00:00,False,
https://cohbcra.org/belocal/,cohbcra.org,http://www.wassersfurniture.com/,85,385,Wassers Furniture,True,anchor,2023-05-06 04:47:33 +00:00,2026-07-07 18:40:19 +00:00,False,WW
https://deluxurydectujuh.web.app/american-bed-sizes.html,deluxurydectujuh.web.app,http://wassersfurniture.com/media/catalog/product/cache/1/image/9df78eab33525d08d6e5fb8d27136e95/b/e/bedsizes_4_2_1.jpg,0,75,,True,image,2025-08-25 06:39:48 +00:00,2026-07-02 22:21:36 +00:00,False,
https://www.danaoliving.com/showrooms/,www.danaoliving.com,https://wassersfurniture.com/,0,176,https://wassersfurniture.com,True,anchor,2025-12-10 07:44:38 +00:00,2026-07-02 08:07:27 +00:00,False,
https://www.qbn.com/filter/Creativa/public_voice/recent/ever/,www.qbn.com,http://www.wassersfurniture.com/,0,290,http://www.wassersfurniture.com/…,False,anchor,2022-07-28 06:29:28 +00:00,2026-06-29 16:10:03 +00:00,False,US
https://pirdu.com/ai-driven-personalized-medicine-the-tailoring-treatments-for-individual-patients/,pirdu.com,https://wassersfurniture.com/,0,259,wassersfurniture,True,anchor,2024-04-16 14:29:43 +00:00,2026-06-28 16:16:22 +00:00,False,
https://homelivinghandbook.com/interior-design-trends-for-homes,homelivinghandbook.com,https://wassersfurniture.com/american-leather-menlo-park-sectional.html,83,225,Menlo Park collection,True,anchor,2025-03-27 00:56:52 +00:00,2026-06-28 11:49:03 +00:00,False,US
http://badbeatblog.ruckerholdem.com/2012/03/14/quality-furniture-how-to-determine-the-quality-of-furniture/,badbeatblog.ruckerholdem.com,http://www.wassersfurniture.com/shop-by-brand/r-z/rossetto-usa.html,0,233,Rossetto Bed,True,anchor,2026-04-30 19:06:57 +00:00,2026-06-28 06:04:24 +00:00,False,
https://dltech.forum/614-area-code-the-heart-of-columbus-ohio/,dltech.forum,https://wassersfurniture.com/,0,196,wassersfurniture,False,anchor,2026-04-23 00:54:58 +00:00,2026-06-26 22:03:24 +00:00,False,
https://localfurniturestores.net/Florida/Wassers-Exclusive-Furniture--Interiors-67478562766/,localfurniturestores.net,http://www.wassersfurniture.com/,0,76,http://www.wassersfurniture.com/,False,anchor,2025-09-19 05:55:28 +00:00,2026-06-25 04:09:05 +00:00,False,
https://good-painting.web.app/thomas-pell-painting-value.html,good-painting.web.app,http://wassersfurniture.com/media/catalog/product/cache/1/image/400x/9df78eab33525d08d6e5fb8d27136e95/t/h/thomas_pell_original_-1.jpg,0,123,,True,image,2024-09-18 23:55:17 +00:00,2026-06-21 22:49:27 +00:00,False,
https://urls-shortener.eu/share/56528,urls-shortener.eu,https://wassersfurniture.com/,0,299,wassersfurniture.com,False,anchor,2026-02-25 02:05:30 +00:00,2026-06-21 06:45:47 +00:00,False,DE
https://doctorilene.com/2016/03/oh-crap-im-30what-am-i-doing-with-my-life/,doctorilene.com,http://blog.wassersfurniture.com/,0,152,Jaime,False,anchor,2020-10-25 16:54:20 +00:00,2026-06-20 07:20:19 +00:00,False,US
https://www.openingtimes.co/wassers-exclusive-furniture-interiors-hallandale-beach-fl,www.openingtimes.co,http://www.wassersfurniture.com/,0,515,Wasser's Exclusive Furniture & Interiors home improvement,False,anchor,2025-07-14 11:22:20 +00:00,2026-06-19 07:21:51 +00:00,False,CO
https://marketingexperts.click/614-area-code-the-heart-of-columbus-ohio/,marketingexperts.click,https://wassersfurniture.com/,0,40,wassersfurniture,False,anchor,2026-04-28 23:39:44 +00:00,2026-06-18 04:11:00 +00:00,False,
https://sites.jake.eu/share/56529,sites.jake.eu,https://wassersfurniture.com/,0,263,wassersfurniture.com,False,anchor,2026-02-12 17:12:35 +00:00,2026-06-15 22:25:46 +00:00,False,
https://www.read.org.in/page-b56fc9f0db1aabe412793dcf356c9709.html,www.read.org.in,https://wassersfurniture.com/,0,77,wassersfurniture.com,True,anchor,2026-06-15 05:34:38 +00:00,2026-06-15 05:34:38 +00:00,False,IN
https://pepayakurmarambai.web.app/gallery/bracci-furniture-reviews.html,pepayakurmarambai.web.app,http://wassersfurniture.com/media/catalog/product/cache/1/image/400x/9df78eab33525d08d6e5fb8d27136e95/c/l/clarissa_2_-_wassers_furniture.png,0,0,,True,image,2024-07-07 19:15:58 +00:00,2026-06-12 08:14:46 +00:00,False,
https://www.way2check.cv/page-b56fc9f0db1aabe412793dcf356c9709.html,www.way2check.cv,https://wassersfurniture.com/,0,174,wassersfurniture.com,True,anchor,2026-06-10 03:53:35 +00:00,2026-06-10 03:53:35 +00:00,False,CV
https://danielwilliamsps5t.web.app/asp/american-leather-factory-clearance-center-dallas.html,danielwilliamsps5t.web.app,http://wassersfurniture.com/media/wysiwyg/AmericanLeather-Logo-Black-Padding_1.jpg,0,0,,True,image,2025-08-01 08:49:56 +00:00,2026-06-10 02:35:16 +00:00,False,
https://web.thecloudherald.com/16/hnZTMpTQxK,web.thecloudherald.com,https://wassersfurniture.com/,0,206,visit wassersfurniture.com for latest info,False,anchor,2025-12-25 20:32:03 +00:00,2026-06-08 08:09:27 +00:00,False,
https://global-websites.pages.dev/40/QrScolwWMG,global-websites.pages.dev,https://wassersfurniture.com/,0,89,wassersfurniture.com,False,anchor,2023-11-30 21:35:00 +00:00,2026-06-07 04:02:57 +00:00,False,
https://shortenurls.eu/share/56528,shortenurls.eu,https://wassersfurniture.com/,0,277,wassersfurniture.com,False,anchor,2026-03-15 03:09:06 +00:00,2026-06-06 20:25:30 +00:00,False,
http://www.sbwire.com/press-releases/print/174119,www.sbwire.com,http://wassersfurniture.com/,0,569,family tradition,False,anchor,2022-11-23 03:55:59 +00:00,2026-06-04 09:13:37 +00:00,False,US
https://decoupage-paper.com/monte-design-faux-sheepskin-trundle-bed-fawn-forest-reviews-on-judge-me,decoupage-paper.com,https://wassersfurniture.com/monte-design-dorma-twin-bed-with-trundle.html,0,62,Source,False,anchor,2026-06-01 14:13:15 +00:00,2026-06-01 14:13:15 +00:00,False,
https://quero.party/report/56528,quero.party,https://wassersfurniture.com/,0,299,wassersfurniture.com,False,anchor,2026-06-01 07:40:19 +00:00,2026-06-01 07:40:19 +00:00,False,
https://www.siteprice.org/competitors/cressina.com,www.siteprice.org,https://wassersfurniture.com/,0,371,,False,anchor,2026-05-30 17:49:03 +00:00,2026-05-30 17:49:03 +00:00,False,US
https://daolink.mom/614-area-code-the-heart-of-columbus-ohio/,daolink.mom,https://wassersfurniture.com/,0,85,wassersfurniture,False,anchor,2026-04-23 00:55:06 +00:00,2026-05-25 19:42:52 +00:00,False,
https://www.websiterace.com/6b72c4ce3d3703802f14a18cebd3dae5-l/,www.websiterace.com,https://wassersfurniture.com/,0,89,wassersfurniture.com,True,anchor,2026-04-16 08:49:20 +00:00,2026-05-24 10:56:49 +00:00,False,
https://daisye.pages.dev/03/PzQQQAhrkV,daisye.pages.dev,https://wassersfurniture.com/,0,168,wassersfurniture.com,False,anchor,2023-10-14 15:25:30 +00:00,2026-05-16 08:51:37 +00:00,False,
https://thebuildermarket.com/us/fl/hallandale-beach/furniture/,thebuildermarket.com,http://www.wassersfurniture.com/,0,507,Website,False,anchor,2026-05-15 14:47:23 +00:00,2026-05-15 14:47:23 +00:00,False,WW
https://bye.fyi/report/56529,bye.fyi,https://wassersfurniture.com/,0,322,wassersfurniture.com,False,anchor,2025-12-23 10:15:03 +00:00,2026-05-06 10:46:53 +00:00,False,
https://pagesearch.net/6b72c4ce3d3703802f14a18cebd3dae5-l/,pagesearch.net,https://wassersfurniture.com/,0,157,wassersfurniture.com,True,anchor,2026-03-16 00:38:45 +00:00,2026-05-05 08:20:13 +00:00,False,
https://www.mtbs3d.com/forum/viewtopic.php?t=17687,www.mtbs3d.com,http://wassersfurniture.com/media/catalog/product/cache/1/image/88969f45fef47f1976421a9810ed57f6/v/a/varier-gravity-balans_2_www.wassersfurniture.com.jpg,0,276,http://wassersfurniture.com/media/catal ... re.com.jpg,True,anchor,2026-05-02 19:51:57 +00:00,2026-05-02 19:51:57 +00:00,False,US
https://www.loc8nearme.com/florida/hallandale-beach/wassers-exclusive-furniture-and-interiors/2915559/,www.loc8nearme.com,http://www.wassersfurniture.com/,0,537,Website,False,anchor,2024-03-23 23:32:53 +00:00,2026-05-01 20:02:16 +00:00,False,US
https://www.localfurniturestore.net/Florida/Wassers-Exclusive-Furniture--Interiors-67478562766/,www.localfurniturestore.net,http://www.wassersfurniture.com/,0,73,http://www.wassersfurniture.com/,False,anchor,2025-08-24 09:21:50 +00:00,2026-04-30 02:34:15 +00:00,False,
https://www.wallpapers.pro/6b72c4ce3d3703802f14a18cebd3dae5-l/,www.wallpapers.pro,https://wassersfurniture.com/,0,0,wassersfurniture.com,True,anchor,2026-02-23 19:26:44 +00:00,2026-04-29 19:42:53 +00:00,False,
https://www.alljobs.info/6b72c4ce3d3703802f14a18cebd3dae5-l/,www.alljobs.info,https://wassersfurniture.com/,0,178,wassersfurniture.com,True,anchor,2026-01-26 10:31:53 +00:00,2026-04-27 11:54:16 +00:00,False,
https://housemadrid.com.es/wassers-exclusive-furniture-interiors/,housemadrid.com.es,http://www.wassersfurniture.com/,0,0,wassersfurniture.com,False,anchor,2026-02-19 19:53:47 +00:00,2026-04-24 07:38:17 +00:00,False,ES
https://www.decoist.com/2015-08-31/stone-coffee-tables/,www.decoist.com,http://wassersfurniture.com/stone-international-cocktail-table-with-wenge-base-8043-p.html,0,501,Wasser’s Exclusive Furniture & Interiors,True,anchor,2019-02-15 23:02:52 +00:00,2026-04-22 17:23:55 +00:00,False,WW
https://globalecommerce.org/page-b56fc9f0db1aabe412793dcf356c9709.html,globalecommerce.org,https://wassersfurniture.com/,0,192,wassersfurniture.com,True,anchor,2026-01-25 13:43:48 +00:00,2026-04-20 12:25:49 +00:00,False,
https://diybabycribdesign.web.app/gallery/american-leather-sleeper-sofa-disassembly-instructions.html,diybabycribdesign.web.app,http://wassersfurniture.com/media/catalog/product/cache/1/image/9df78eab33525d08d6e5fb8d27136e95/a/l/al_sulley_close.jpg,0,12,,True,image,2025-05-21 03:50:26 +00:00,2026-04-18 21:30:42 +00:00,False,
https://yanremboursement.web.app/queen-size-sofa-bed-dimensions.html,yanremboursement.web.app,http://wassersfurniture.com/media/catalog/product/cache/1/image/9df78eab33525d08d6e5fb8d27136e95/b/e/bedsizes_4_1.jpg,0,88,,True,image,2025-08-06 03:13:08 +00:00,2026-04-18 17:23:11 +00:00,False,
https://mail.getwebsiteworth.com/6b72c4ce3d3703802f14a18cebd3dae5-l/,mail.getwebsiteworth.com,https://wassersfurniture.com/,0,198,wassersfurniture.com,True,anchor,2026-04-17 16:59:52 +00:00,2026-04-17 16:59:52 +00:00,False,
https://sergechel.info/list-8d76d5ce448745226587ce236d7a8e4f,sergechel.info,https://wassersfurniture.com/,0,239,wassersfurniture.com,True,anchor,2025-02-06 20:02:17 +00:00,2026-04-17 05:10:24 +00:00,False,
http://adwordtechnology.com/index-87.html,adwordtechnology.com,http://wassersfurniture.com/stone-international-cocktail-table-with-wenge-base-8043-p.html,0,259,Wasser’s Exclusive Furniture & Interiors,True,anchor,2026-02-09 09:13:45 +00:00,2026-04-15 01:39:03 +00:00,False,
https://worldbusinesspromote.com/614-area-code-the-heart-of-columbus-ohio/,worldbusinesspromote.com,https://wassersfurniture.com/,0,216,wassersfurniture,False,anchor,2026-04-11 03:18:14 +00:00,2026-04-11 03:18:14 +00:00,False,
https://homeconceptwarehouse.blogspot.com/2021/05/american-leather-marshall-chair-90-off.html,homeconceptwarehouse.blogspot.com,http://wassersfurniture.com/media/catalog/product/cache/1/image/9df78eab33525d08d6e5fb8d27136e95/m/a/marshall45-fab2-lg_388x286.jpg,0,98,,True,image,2025-11-05 12:49:13 +00:00,2026-03-23 05:18:11 +00:00,False,
https://qualityhomedecoration.blogspot.com/2019/03/best-furniture-store-in-atlanta.html,qualityhomedecoration.blogspot.com,http://wassersfurniture.com/media/catalog/product/cache/1/image/9df78eab33525d08d6e5fb8d27136e95/a/t/atlantla-leather-sectional-01_1.jpg,0,0,,True,image,2023-10-06 01:13:13 +00:00,2026-03-20 17:37:46 +00:00,False,
https://mypictureseyes.blogspot.com/2021/07/modern-granite-dining-table-dining.html,mypictureseyes.blogspot.com,http://wassersfurniture.com/media/catalog/product/cache/1/image/9df78eab33525d08d6e5fb8d27136e95/s/c/screen_shot_2014-01-08_at_11.02.04_am.png,0,82,,True,image,2023-10-05 02:56:05 +00:00,2026-03-20 00:17:32 +00:00,False,
http://mydiningtablehome.blogspot.com/2014/10/new-x-wenge-dining-table.html,mydiningtablehome.blogspot.com,http://wassersfurniture.com/media/catalog/product/cache/1/image/88969f45fef47f1976421a9810ed57f6/k/i/kinwai_benz_square_dining_table_www.wassersfurniture.com.jpg,0,220,,True,image,2023-10-11 10:13:44 +00:00,2026-03-19 22:22:45 +00:00,False,
https://topcustomfurnituredesigners.com/,topcustomfurnituredesigners.com,https://wassersfurniture.com/,0,0,Website,True,anchor,2025-12-01 15:53:51 +00:00,2026-03-18 11:59:14 +00:00,False,
https://g-dragon-dara.blogspot.com/2021/08/wasser-coffee-table-50-faux-white.html,g-dragon-dara.blogspot.com,http://wassersfurniture.com/media/catalog/product/cache/1/image/400x/9df78eab33525d08d6e5fb8d27136e95/i/m/image_11.jpg,0,108,,True,image,2023-10-05 15:21:08 +00:00,2026-03-18 07:03:54 +00:00,False,
https://excitephotos.blogspot.com/2021/07/simmons-aluminum-miami-yellow-pages-fl.html,excitephotos.blogspot.com,http://wassersfurniture.com/media/catalog/product/cache/1/image/400x250/9df78eab33525d08d6e5fb8d27136e95/t/o/tonin_casa-buffet-miami-3-www.wassersfurniture.com.jpg,0,105,,True,image,2023-10-04 21:46:28 +00:00,2026-03-18 05:08:29 +00:00,False,
https://toppicturesjackpot.blogspot.com/2021/07/modern-granite-dining-table-shop.html,toppicturesjackpot.blogspot.com,http://wassersfurniture.com/media/catalog/product/cache/1/image/9df78eab33525d08d6e5fb8d27136e95/s/c/screen_shot_2014-01-08_at_11.02.04_am.png,0,66,,True,image,2023-10-13 08:18:52 +00:00,2026-03-17 14:22:55 +00:00,False,
https://kelawimawarrambai.web.app/gallery/american-leather-sofa-bed-disassembly.html,kelawimawarrambai.web.app,http://wassersfurniture.com/media/catalog/product/cache/1/image/9df78eab33525d08d6e5fb8d27136e95/j/a/jaime_cs_v8_front.jpg,0,0,,True,image,2024-09-28 04:21:08 +00:00,2026-03-17 13:03:49 +00:00,False,
https://makeuppiamocidm.blogspot.com/2021/07/capri-convertible-sofa-maybe-you-would.html,makeuppiamocidm.blogspot.com,http://wassersfurniture.com/media/catalog/product/cache/1/image/9df78eab33525d08d6e5fb8d27136e95/s/c/screen_shot_2014-02-12_at_3.04.14_pm.png,0,122,,True,image,2023-10-18 07:44:54 +00:00,2026-03-15 20:54:54 +00:00,False,
http://monsoonrain24x7.blogspot.com/2012/01/class-up-your-home-interiors-with.html,monsoonrain24x7.blogspot.com,http://www.wassersfurniture.com/shop-by-brand/a-c/bontempi-casa.html,0,91,Bontempi Casa,True,anchor,2023-10-12 15:04:32 +00:00,2026-03-14 16:20:26 +00:00,False,
https://ruangbelajar-667.blogspot.com/2021/07/stone-dining-room-table-high-quality.html,ruangbelajar-667.blogspot.com,http://wassersfurniture.com/media/catalog/product/cache/1/image/9df78eab33525d08d6e5fb8d27136e95/8/1/8196-l-tss-st-hp_show-1.jpg,0,87,,True,image,2025-10-28 01:37:33 +00:00,2026-03-14 11:01:58 +00:00,False,
http://ruffleandcurl.blogspot.com/2013/06/eames-chair-afternoon.html,ruffleandcurl.blogspot.com,http://wassersfurniture.com/eames-style-chair-otto.html?gclid=CJrTsbqk_bcCFcaj4AoduBAArg,0,23,Eames style chair,True,anchor,2023-10-04 02:24:45 +00:00,2026-03-14 09:06:23 +00:00,False,
https://www.livelaughdecorate.com/2014/05/the-hollywood-reveal-living-roomfoyer.html,www.livelaughdecorate.com,http://wassersfurniture.com/american-leather-cole.html,0,233,Wassers Furniture,True,anchor,2019-09-19 11:19:35 +00:00,2026-03-14 01:57:23 +00:00,False,US
http://1sthomedesignideas.blogspot.com/2011/03/round-leather-sofa.html,1sthomedesignideas.blogspot.com,http://www.wassersfurniture.com/media/catalog/product/cache/1/image/9df78eab33525d08d6e5fb8d27136e95/g/l/global-f282-sofa.jpg,0,361,,True,image,2023-10-26 18:13:55 +00:00,2026-03-12 20:23:54 +00:00,False,
https://bestphotosrates.blogspot.com/2021/07/target-swivel-tulip-chair-maybe-you.html,bestphotosrates.blogspot.com,http://wassersfurniture.com/media/catalog/product/cache/1/image/400x/9df78eab33525d08d6e5fb8d27136e95/g/a/gamma-tulip-2-wassersfurniture.com.png,0,89,,True,image,2023-10-06 01:40:05 +00:00,2026-03-09 12:03:18 +00:00,False,
https://thecitadelphotos.blogspot.com/2021/07/nursery-works-tree-bookshelf-bored.html,thecitadelphotos.blogspot.com,http://wassersfurniture.com/media/catalog/product/cache/1/image/400x/9df78eab33525d08d6e5fb8d27136e95/t/r/treebook.png,0,102,,True,image,2025-11-06 15:56:46 +00:00,2026-03-09 01:53:52 +00:00,False,
https://kiss-me-kill-me-i-will-still-love-you.blogspot.com/2021/08/italian-tv-cabinet-furniture-alf-italia.html,kiss-me-kill-me-i-will-still-love-you.blogspot.com,http://wassersfurniture.com/media/catalog/product/cache/1/image/9df78eab33525d08d6e5fb8d27136e95/c/a/cattelan_italia_link_wassers_4_2_2.jpg,0,69,,True,image,2023-11-13 10:37:13 +00:00,2026-03-05 01:28:12 +00:00,False,
https://allpicturespartner.blogspot.com/2021/07/simmons-aluminum-miami-yellow-pages-fl.html,allpicturespartner.blogspot.com,http://wassersfurniture.com/media/catalog/product/cache/1/image/9df78eab33525d08d6e5fb8d27136e95/s/c/screen_shot_2014-01-14_at_12.08.36_pm.png,0,75,,True,image,2023-10-28 06:38:52 +00:00,2026-03-04 02:09:20 +00:00,False,
https://tessaayuv1design.web.app/gallery/dreamweaver-pebble-rug-sale.html,tessaayuv1design.web.app,http://wassersfurniture.com/media/catalog/product/cache/1/image/400x/9df78eab33525d08d6e5fb8d27136e95/d/r/dreamweavers_shimmer_pebble_rug-www.wassersfurniture.com.jpg,0,3,,True,image,2024-11-18 17:46:19 +00:00,2026-03-02 20:40:09 +00:00,False,
https://australianwebdirectory.shop/page-b56fc9f0db1aabe412793dcf356c9709.html,australianwebdirectory.shop,https://wassersfurniture.com/,0,154,wassersfurniture.com,True,anchor,2025-05-31 21:59:27 +00:00,2026-03-02 05:19:53 +00:00,False,
https://allloyalphotos.blogspot.com/2021/07/lafer-ella-recliner-current-generation.html,allloyalphotos.blogspot.com,http://wassersfurniture.com/media/catalog/product/cache/1/small_image/220x/9df78eab33525d08d6e5fb8d27136e95/l/a/lafer_carrie-closed.jpg,0,86,,True,image,2025-11-06 14:20:57 +00:00,2026-02-28 21:28:05 +00:00,False,
http://decorationaccess.blogspot.com/2014/05/yuman-mod-furniture.html,decorationaccess.blogspot.com,http://wassersfurniture.com/media/catalog/product/cache/1/image/88969f45fef47f1976421a9810ed57f6/z/f/zfurniture_2129_68208804.jpg,0,10,,True,image,2023-10-18 15:57:58 +00:00,2026-02-28 14:00:11 +00:00,False,
https://homemodernwarehouse.blogspot.com/2021/05/custom-accent-chairs-custom-elaine.html,homemodernwarehouse.blogspot.com,http://wassersfurniture.com/media/catalog/product/cache/1/image/9df78eab33525d08d6e5fb8d27136e95/l/i/liam_chair_otto_45-wassers_furniture_6.jpg,0,82,,True,image,2023-10-04 16:34:30 +00:00,2026-02-27 03:46:58 +00:00,False,
https://homemodishtech.blogspot.com/2021/05/american-leather-chair-american-leather.html,homemodishtech.blogspot.com,http://wassersfurniture.com/media/catalog/product/cache/1/image/9df78eab33525d08d6e5fb8d27136e95/l/i/liam_chair_otto_fab-wassers_furniture_2.jpg,0,77,,True,image,2023-10-04 17:19:25 +00:00,2026-02-26 10:19:40 +00:00,False,
https://brasilnapratica.com.br/en/queen-plus-sheets.html,brasilnapratica.com.br,https://wassersfurniture.com/pub/media/catalog/product/cache/9910d16c8bf7991311b97fd96f9cb695/j/a/jaime_cs_v8_front.jpg,0,31,,True,image,2025-11-10 05:14:27 +00:00,2026-02-25 06:19:54 +00:00,False,BR
https://www.willettonuniforms.com.au/w-headquarters/wassers-exclusive-furniture-and-interiors-headquarters.html,www.willettonuniforms.com.au,https://wassersfurniture.com/shop-by-brand/l-p/linie-design.html,0,75,Linie Design - Wasser’s Exclusive Furniture,False,anchor,2023-10-14 12:44:17 +00:00,2026-02-15 12:05:36 +00:00,False,AU
https://www.musweb.org/page-b56fc9f0db1aabe412793dcf356c9709.html,www.musweb.org,https://wassersfurniture.com/,0,109,wassersfurniture.com,True,anchor,2026-02-12 16:34:15 +00:00,2026-02-12 16:34:15 +00:00,False,
https://jedgar.co/en/queen-plus-sheets.html,jedgar.co,https://wassersfurniture.com/pub/media/catalog/product/cache/9910d16c8bf7991311b97fd96f9cb695/j/a/jaime_cs_v8_front.jpg,0,6,,True,image,2026-02-12 12:00:49 +00:00,2026-02-12 12:00:49 +00:00,False,CO
https://bobbytonboulevard.blogspot.com/2019/01/armoire-bar-cabinet.html,bobbytonboulevard.blogspot.com,http://wassersfurniture.com/media/catalog/product/cache/1/image/9df78eab33525d08d6e5fb8d27136e95/k/a/kac_9450_1.jpg,0,37,,True,image,2025-11-28 04:17:51 +00:00,2026-02-12 07:11:57 +00:00,False,
https://sweetmelodyc.blogspot.com/2021/08/wasser-coffee-table-wasser-coffee-table.html,sweetmelodyc.blogspot.com,http://wassersfurniture.com/media/catalog/product/cache/1/image/9df78eab33525d08d6e5fb8d27136e95/t/o/tonin-casa-rachel.jpg,0,113,,True,image,2023-11-19 22:06:13 +00:00,2026-02-09 20:37:32 +00:00,False,
https://www.yellowpages.com/hallandale-fl/furniture-stores,www.yellowpages.com,http://wassersfurniture.com/,0,687,Website,False,anchor,2026-02-08 22:02:04 +00:00,2026-02-08 22:02:04 +00:00,False,US
http://connect.releasewire.com/company/details/family-tradition-47310.htm,connect.releasewire.com,http://www.wassersfurniture.com/,0,663,http://www.wassersfurniture.com/,False,anchor,2022-11-18 06:12:58 +00:00,2026-02-06 10:00:09 +00:00,False,WW
https://allpicturestreats.blogspot.com/2021/07/phillips-seatbelt-chair-online-shopping.html,allpicturestreats.blogspot.com,http://wassersfurniture.com/media/catalog/product/cache/1/image/9df78eab33525d08d6e5fb8d27136e95/p/c/pc_b2061wz_lg.jpg,0,86,,True,image,2023-10-11 18:31:14 +00:00,2026-02-04 12:27:51 +00:00,False,
http://myleadfox.com/blog/platform/magento/us/florida/hallandale%20beach,myleadfox.com,https://wassersfurniture.com/,0,212,https://wassersfurniture.com,True,anchor,2024-10-28 12:58:37 +00:00,2026-02-03 05:56:03 +00:00,False,WW
https://secretplace-ask-her-if-u-want.blogspot.com/2021/06/restaurant-chair-miami-john-lewis.html,secretplace-ask-her-if-u-want.blogspot.com,http://wassersfurniture.com/media/catalog/product/cache/1/image/400x/9df78eab33525d08d6e5fb8d27136e95/m/i/miami-1-wassers_furniture_2.jpg,0,91,,True,image,2023-10-13 03:38:02 +00:00,2026-02-02 21:26:23 +00:00,False,
https://booksreadr.org/page-b56fc9f0db1aabe412793dcf356c9709.html,booksreadr.org,https://wassersfurniture.com/,0,116,wassersfurniture.com,True,anchor,2026-02-02 13:20:04 +00:00,2026-02-02 13:20:04 +00:00,False,
https://dottodot.assurances.gov.gh/en/american-leather-queen-plus-sheets.html,dottodot.assurances.gov.gh,https://wassersfurniture.com/pub/media/catalog/product/cache/9910d16c8bf7991311b97fd96f9cb695/j/a/jaime_cs_v8_front.jpg,0,346,,True,image,2026-02-01 20:26:44 +00:00,2026-02-01 20:26:44 +00:00,False,GH
https://www.tindercash.com/domain/wassersfurniture.com,www.tindercash.com,https://wassersfurniture.com/eforma-cindy-bar-stool-4-in-stock-quickship.html,0,0,https://wassersfurniture.com/eforma-cindy-bar-stool-4-in-stock-quickship.html,False,anchor,2026-02-01 10:07:37 +00:00,2026-02-01 10:07:37 +00:00,False,WW
https://global-ranks.pages.dev/49/PzQQQAhrkV,global-ranks.pages.dev,https://wassersfurniture.com/,0,169,wassersfurniture.com,False,anchor,2023-11-13 05:22:16 +00:00,2026-02-01 04:39:13 +00:00,False,
https://tnhneorlbjtastcomuphvnen.blogspot.com/2021/06/restaurant-chair-miami-kesterport-miami.html,tnhneorlbjtastcomuphvnen.blogspot.com,http://wassersfurniture.com/media/catalog/product/cache/1/image/400x/9df78eab33525d08d6e5fb8d27136e95/m/i/miami-1-wassers_furniture_2.jpg,0,92,,True,image,2025-11-06 21:18:13 +00:00,2026-01-31 20:49:51 +00:00,False,
https://esha-kaur.blogspot.com/2021/08/wasser-coffee-table-rikiki-grafik.html,esha-kaur.blogspot.com,http://wassersfurniture.com/media/catalog/product/cache/1/image/9df78eab33525d08d6e5fb8d27136e95/t/o/tonin-casa-rachel.jpg,0,45,,True,image,2023-10-23 05:27:01 +00:00,2026-01-31 17:16:22 +00:00,False,
https://bedroomsfurnituredesign.blogspot.com/2021/06/wasser-coffee-table-clever-coffee.html,bedroomsfurnituredesign.blogspot.com,http://wassersfurniture.com/media/catalog/product/cache/1/image/9df78eab33525d08d6e5fb8d27136e95/5/5/555tenth_4.jpg,0,71,,True,image,2023-10-23 06:14:03 +00:00,2026-01-31 10:45:41 +00:00,False,
https://leonardobn.blogspot.com/2021/08/wasser-coffee-table-wasser-coffee-table.html,leonardobn.blogspot.com,http://wassersfurniture.com/media/catalog/product/cache/1/image/400x/9df78eab33525d08d6e5fb8d27136e95/r/i/river_stone_coffee_table_gel_coat_white_51.jpg,0,90,,True,image,2023-10-11 11:27:03 +00:00,2026-01-31 08:41:01 +00:00,False,
http://teeteeiswithme.blogspot.com/2016/04/sofa-chair.html,teeteeiswithme.blogspot.com,http://wassersfurniture.com/media/catalog/product/cache/1/image/88969f45fef47f1976421a9810ed57f6/a/l/alessandro_2.jpg,0,227,,True,image,2023-10-28 23:01:55 +00:00,2026-01-31 08:11:08 +00:00,False,
https://environnementmarketing.blogspot.com/2021/07/wasser-coffee-table-stone-international.html,environnementmarketing.blogspot.com,http://wassersfurniture.com/media/catalog/product/cache/1/image/9df78eab33525d08d6e5fb8d27136e95/t/e/terrace_c.jpg,0,89,,True,image,2023-11-04 15:23:23 +00:00,2026-01-31 06:25:48 +00:00,False,
https://myrevisionpictures.blogspot.com/2021/07/target-swivel-tulip-chair-underside-of.html,myrevisionpictures.blogspot.com,http://wassersfurniture.com/media/catalog/product/cache/1/image/400x/9df78eab33525d08d6e5fb8d27136e95/g/a/gamma-tulip-2-wassersfurniture.com.png,0,93,,True,image,2023-10-05 01:25:56 +00:00,2026-01-28 02:44:10 +00:00,False,
https://thenucleusphotos.blogspot.com/2021/07/modern-granite-top-dining-table-78-long.html,thenucleusphotos.blogspot.com,http://wassersfurniture.com/media/catalog/product/cache/1/image/9df78eab33525d08d6e5fb8d27136e95/s/c/screen_shot_2014-01-08_at_11.02.04_am.png,0,90,,True,image,2023-10-11 23:52:11 +00:00,2026-01-28 02:17:23 +00:00,False,
https://thetraderphotos.blogspot.com/2021/07/lafer-ella-recliner-backrest.html,thetraderphotos.blogspot.com,http://wassersfurniture.com/media/catalog/product/cache/1/small_image/220x/9df78eab33525d08d6e5fb8d27136e95/s/c/screenshot_1_7_3.jpg,0,99,,True,image,2023-10-28 07:34:20 +00:00,2026-01-27 23:56:49 +00:00,False,
https://theimagesmerchant.blogspot.com/2021/07/marble-top-wood-base-dining-table-wood.html,theimagesmerchant.blogspot.com,http://wassersfurniture.com/media/catalog/product/cache/1/image/9df78eab33525d08d6e5fb8d27136e95/9/7/9796_s-asm-st-hp_show-1_wassers_furniture.jpg,0,91,,True,image,2023-10-18 15:17:12 +00:00,2026-01-27 22:58:33 +00:00,False,
https://allphotosbits.blogspot.com/2021/07/leather-accent-chairs-with-ottoman.html,allphotosbits.blogspot.com,http://wassersfurniture.com/media/catalog/product/cache/1/image/9df78eab33525d08d6e5fb8d27136e95/l/i/liam_chair_otto_45-wassers_furniture_4.jpg,0,64,,True,image,2023-11-04 09:05:08 +00:00,2026-01-27 22:38:30 +00:00,False,
https://bestpicturessuccess.blogspot.com/2021/07/phillips-seatbelt-chair-lot-of-people.html,bestpicturessuccess.blogspot.com,http://wassersfurniture.com/media/catalog/product/cache/1/image/9df78eab33525d08d6e5fb8d27136e95/p/c/pc_seat_belt_dining_white_lg.jpg,0,77,,True,image,2023-10-05 20:27:26 +00:00,2026-01-27 21:47:05 +00:00,False,
https://picturespocket.blogspot.com/2021/07/lafer-ella-recliner-lafer-ella-recliner.html,picturespocket.blogspot.com,http://wassersfurniture.com/media/catalog/product/cache/1/small_image/220x/9df78eab33525d08d6e5fb8d27136e95/l/a/lafer_carrie-closed.jpg,0,65,,True,image,2023-11-03 21:37:59 +00:00,2026-01-27 21:35:55 +00:00,False,
https://bestphotosmaniac.blogspot.com/2021/07/monte-trundle-bed-sleepovers-are.html,bestphotosmaniac.blogspot.com,http://wassersfurniture.com/media/catalog/product/cache/1/image/9df78eab33525d08d6e5fb8d27136e95/d/o/dorma-daybed-w-trundle_.jpg,0,114,,True,image,2025-11-05 17:07:40 +00:00,2026-01-27 21:25:03 +00:00,False,
https://imagesnames.blogspot.com/2021/07/ludlow-square-dining-table-check.html,imagesnames.blogspot.com,http://wassersfurniture.com/media/catalog/product/cache/1/image/400x243/9df78eab33525d08d6e5fb8d27136e95/s/c/screen_shot_2014-01-03_at_3.12.46_pm.png,0,110,,True,image,2023-10-04 22:35:14 +00:00,2026-01-24 07:41:10 +00:00,False,
https://lithebod.blogspot.com/2021/07/marble-base-dining-table-featuring-mdf.html,lithebod.blogspot.com,http://wassersfurniture.com/media/catalog/product/cache/1/image/9df78eab33525d08d6e5fb8d27136e95/9/7/9796-asm-diag_3_wassers_furniture.jpg,0,133,,True,image,2023-10-18 07:40:51 +00:00,2026-01-24 00:15:37 +00:00,False,
http://templatesandletters.blogspot.com/2015/05/chaise-sofa.html,templatesandletters.blogspot.com,http://wassersfurniture.com/media/catalog/product/cache/1/image/88969f45fef47f1976421a9810ed57f6/l/a/lazar-odyssey.jpg,0,0,,True,image,2023-10-23 04:46:08 +00:00,2026-01-23 23:05:02 +00:00,False,
https://allpicturesbomb.blogspot.com/2021/07/fused-glass-table-fused-glass-table.html,allpicturesbomb.blogspot.com,http://wassersfurniture.com/media/catalog/product/cache/1/image/9df78eab33525d08d6e5fb8d27136e95/m/o/modern_fused_glass_cocktail_table_00_www.wassersfurniture.com.jpg,0,117,,True,image,2023-10-06 01:00:31 +00:00,2026-01-23 20:18:16 +00:00,False,
https://woodchair-antique.blogspot.com/2018/07/american-leather-bryson-sleeper-sofa.html,woodchair-antique.blogspot.com,http://wassersfurniture.com/media/catalog/product/cache/1/image/9df78eab33525d08d6e5fb8d27136e95/b/r/brynlee_1.jpg,0,0,,True,image,2023-10-12 09:34:40 +00:00,2026-01-21 20:55:56 +00:00,False,
http://choicediningtable.blogspot.com/2014/03/roca-glass-dining-table.html,choicediningtable.blogspot.com,http://wassersfurniture.com/media/catalog/product/cache/1/image/88969f45fef47f1976421a9810ed57f6/1/0/102000-102141-2.jpg,0,172,,True,image,2023-10-26 19:11:32 +00:00,2026-01-21 20:19:42 +00:00,False,
https://thivaalarm.blogspot.com/2021/06/vintage-marble-coffee-table-antique.html,thivaalarm.blogspot.com,http://wassersfurniture.com/media/catalog/product/cache/1/image/9df78eab33525d08d6e5fb8d27136e95/v/i/vintage_maurice_villency_travertine_coffee_table-www.wassersfurniture.com.jpg,0,91,,True,image,2023-11-13 22:26:45 +00:00,2026-01-21 12:19:22 +00:00,False,
http://templatescv.blogspot.com/2015/05/chaise-sofa.html,templatescv.blogspot.com,http://wassersfurniture.com/media/catalog/product/cache/1/image/88969f45fef47f1976421a9810ed57f6/l/a/lazar-odyssey.jpg,0,44,,True,image,2023-12-07 16:27:05 +00:00,2026-01-21 03:48:48 +00:00,False,
https://helainekasparissa.blogspot.com/2021/07/coffee-table-dubai-dubizzle-dubai.html,helainekasparissa.blogspot.com,http://wassersfurniture.com/media/catalog/product/cache/1/image/9df78eab33525d08d6e5fb8d27136e95/b/-/b-tonin-casa-dubai-coffee-t.jpg,0,58,,True,image,2023-10-05 19:12:30 +00:00,2026-01-21 00:05:28 +00:00,False,
https://picturescards.blogspot.com/2021/07/knickerbocker-bed-frame-knickerbocker.html,picturescards.blogspot.com,http://wassersfurniture.com/media/catalog/product/cache/1/image/9df78eab33525d08d6e5fb8d27136e95/s/c/screen_shot_2017-11-21_at_10.41.44_am.png,0,77,,True,image,2025-11-20 04:37:43 +00:00,2026-01-20 23:01:48 +00:00,False,
https://rumahbelajarpintar684.blogspot.com/2021/08/dining-room-tables-with-marble-top-faux.html,rumahbelajarpintar684.blogspot.com,http://wassersfurniture.com/media/catalog/product/cache/1/image/9df78eab33525d08d6e5fb8d27136e95/s/c/screen_shot_2014-01-08_at_11.02.04_am.png,0,33,,True,image,2025-11-15 07:16:57 +00:00,2026-01-20 21:32:05 +00:00,False,
https://rumahbelajarpintar675.blogspot.com/2021/08/stone-top-dining-room-table-gerardo.html,rumahbelajarpintar675.blogspot.com,http://wassersfurniture.com/media/catalog/product/cache/1/image/9df78eab33525d08d6e5fb8d27136e95/3/2/3266_sq-cw-steel-setting.jpg,0,73,,True,image,2023-10-20 13:46:28 +00:00,2026-01-20 21:01:17 +00:00,False,
http://penetrandonaalma.blogspot.com/2016/04/sofa-chair.html,penetrandonaalma.blogspot.com,http://wassersfurniture.com/media/catalog/product/cache/1/image/88969f45fef47f1976421a9810ed57f6/a/l/alessandro_2.jpg,0,144,,True,image,2023-11-23 22:31:13 +00:00,2026-01-17 03:34:06 +00:00,False,
https://deadgirlsareskinnierhatequeen.blogspot.com/2021/07/rosita-recliner-its-so-much-more-than.html,deadgirlsareskinnierhatequeen.blogspot.com,http://wassersfurniture.com/media/catalog/product/cache/1/image/9df78eab33525d08d6e5fb8d27136e95/m/i/missoni-home-pouf-stoccarda-160-40x30-wassersfurniture_1.jpg,0,120,,True,image,2023-10-05 09:52:51 +00:00,2026-01-17 01:22:49 +00:00,False,
https://theimagesspark.blogspot.com/2021/07/custom-made-bed-skirts-linen-bed-skirt.html,theimagesspark.blogspot.com,http://wassersfurniture.com/media/catalog/product/cache/1/image/9df78eab33525d08d6e5fb8d27136e95/s/t/stockholm_0252.jpg,0,78,,True,image,2025-11-06 05:17:59 +00:00,2026-01-17 00:07:58 +00:00,False,
https://bestcompoundimages.blogspot.com/2021/07/knickerbocker-bed-frame-mattress.html,bestcompoundimages.blogspot.com,http://wassersfurniture.com/media/catalog/product/cache/1/image/400x/9df78eab33525d08d6e5fb8d27136e95/s/c/screen_shot_2017-11-21_at_10.41.39_am.png,0,103,,True,image,2023-10-19 12:39:42 +00:00,2026-01-16 16:47:50 +00:00,False,
https://bestdeadlinephotos.blogspot.com/2021/07/capri-convertible-sofa-accommodates-2.html,bestdeadlinephotos.blogspot.com,http://wassersfurniture.com/media/catalog/product/cache/1/image/9df78eab33525d08d6e5fb8d27136e95/s/c/screen_shot_2014-02-12_at_3.04.00_pm.png,0,93,,True,image,2023-11-04 07:45:51 +00:00,2026-01-16 16:19:52 +00:00,False,
https://bestpicturescon.blogspot.com/2021/07/monte-trundle-bed-we-did-not-find.html,bestpicturescon.blogspot.com,http://wassersfurniture.com/media/catalog/product/cache/1/image/400x263/9df78eab33525d08d6e5fb8d27136e95/d/o/dorma-daybed-w-trundle-mattress_.jpg,0,104,,True,image,2023-10-04 17:22:40 +00:00,2026-01-16 14:06:09 +00:00,False,
https://razikaarminadecoration.web.app/gallery/american-leather-gel-mattress-reviews.html,razikaarminadecoration.web.app,http://wassersfurniture.com/media/catalog/product/cache/1/image/9df78eab33525d08d6e5fb8d27136e95/j/a/jaime_cs_v8_front.jpg,0,0,,True,image,2025-06-24 01:47:17 +00:00,2026-01-15 02:14:53 +00:00,False,
https://everythingfurniture-co.blogspot.com/2019/10/groovy-swivel-chair.html,everythingfurniture-co.blogspot.com,http://wassersfurniture.com/media/catalog/product/cache/1/image/9df78eab33525d08d6e5fb8d27136e95/1/2/1232-113feelingroovy-wassers_furniture_1.jpg,0,80,View Full,False,anchor,2025-11-12 23:01:57 +00:00,2026-01-09 21:51:11 +00:00,False,
https://levitracommercialactressupm.blogspot.com/2021/07/wasser-coffee-table-pin-on-daddona.html,levitracommercialactressupm.blogspot.com,http://wassersfurniture.com/media/catalog/product/cache/1/image/9df78eab33525d08d6e5fb8d27136e95/8/0/8043_8044_8045_1_wassers_furniture.jpg,0,87,,True,image,2023-10-06 06:08:58 +00:00,2026-01-09 17:35:30 +00:00,False,
https://ashlycagrapts.blogspot.com/2021/08/wasser-coffee-table-table-basse-wasser.html,ashlycagrapts.blogspot.com,http://wassersfurniture.com/media/catalog/product/cache/1/image/9df78eab33525d08d6e5fb8d27136e95/8/1/8192-tss-steel-showroom-1_1.jpg,0,110,,True,image,2023-10-11 03:49:43 +00:00,2026-01-09 17:32:52 +00:00,False,
http://diningtabletoday.blogspot.com/2013/06/dining-table-extension-glass.html,diningtabletoday.blogspot.com,http://wassersfurniture.com/media/catalog/product/cache/1/image/88969f45fef47f1976421a9810ed57f6/a/c/actona-palermo.jpg,0,19,,True,image,2023-10-04 23:25:51 +00:00,2026-01-09 15:55:13 +00:00,False,
https://bestimagesarchives.blogspot.com/2021/07/leather-accent-chairs-with-ottoman-seat.html,bestimagesarchives.blogspot.com,http://wassersfurniture.com/media/catalog/product/cache/1/image/9df78eab33525d08d6e5fb8d27136e95/l/i/liam_chair_otto_fab-wassers_furniture_2.jpg,0,99,,True,image,2025-11-09 01:26:59 +00:00,2026-01-08 17:03:25 +00:00,False,
https://electricity-engeer37.blogspot.com/2021/07/granite-dining-table-set-39-elegant.html,electricity-engeer37.blogspot.com,http://wassersfurniture.com/media/catalog/product/cache/1/image/9df78eab33525d08d6e5fb8d27136e95/s/c/screen_shot_2014-01-08_at_11.02.04_am.png,0,0,,True,image,2026-01-08 12:31:10 +00:00,2026-01-08 12:31:10 +00:00,False,
https://xiiiaoboiii.blogspot.com/2021/06/wasser-coffee-table-submerged-blue.html,xiiiaoboiii.blogspot.com,http://wassersfurniture.com/media/catalog/product/cache/1/image/9df78eab33525d08d6e5fb8d27136e95/7/2/7292-tsg-we-setting.jpg,0,118,,True,image,2023-10-04 13:28:26 +00:00,2026-01-08 08:36:22 +00:00,False,
https://homeideashine.blogspot.com/2021/05/american-leather-sleeper-chair-american.html,homeideashine.blogspot.com,http://wassersfurniture.com/media/catalog/product/cache/1/image/9df78eab33525d08d6e5fb8d27136e95/p/a/payton_sleeper_1_1.jpg,0,97,,True,image,2023-10-05 13:49:27 +00:00,2026-01-08 07:56:58 +00:00,False,
https://randomm-ahgerr.blogspot.com/2021/07/modern-granite-dining-table-avenza.html,randomm-ahgerr.blogspot.com,http://wassersfurniture.com/media/catalog/product/cache/1/image/9df78eab33525d08d6e5fb8d27136e95/3/2/3266-sq-cw-steel-hp-side-1.jpg,0,93,,True,image,2023-10-05 10:16:39 +00:00,2026-01-08 07:54:43 +00:00,False,
https://blitzhomedesign.blogspot.com/2021/05/lateral-cabinet-file-belair-3-drawer.html,blitzhomedesign.blogspot.com,http://wassersfurniture.com/media/catalog/product/cache/1/image/9df78eab33525d08d6e5fb8d27136e95/s/i/sigma-mobile-file-6916-lateral-file.jpg,6,86,,True,image,2023-10-11 08:59:15 +00:00,2026-01-08 07:41:05 +00:00,False,
https://metahomedesign.blogspot.com/2021/06/restaurant-child-high-chair-winco-chh.html,metahomedesign.blogspot.com,http://wassersfurniture.com/media/catalog/product/cache/1/image/9df78eab33525d08d6e5fb8d27136e95/t/a/tavo-high-chair-whil-cle-1.jpg,0,83,,True,image,2023-10-05 17:15:13 +00:00,2026-01-08 07:29:56 +00:00,False,
https://blockchainproper.blogspot.com/2021/01/living-room-chair-and-ottoman-this-club.html,blockchainproper.blogspot.com,http://wassersfurniture.com/media/catalog/product/cache/1/image/9df78eab33525d08d6e5fb8d27136e95/l/i/liam_chair_otto_wood-wassers_furniture_6.jpg,0,59,,True,image,2025-11-07 21:57:17 +00:00,2026-01-08 07:17:20 +00:00,False,
https://biospeleologia.blogspot.com/2023/03/tempurpedic-sofa-bed-american-leather.html,biospeleologia.blogspot.com,http://wassersfurniture.com/media/catalog/product/cache/1/image/9df78eab33525d08d6e5fb8d27136e95/m/k/mkt_brynlee_sleeper45open_hr.jpg,0,23,,True,image,2023-10-14 12:02:20 +00:00,2026-01-08 06:35:23 +00:00,False,
https://lohisetyqyryruzyge.blogspot.com/2021/08/italian-tv-cabinet-furniture-alf-italia.html,lohisetyqyryruzyge.blogspot.com,http://wassersfurniture.com/media/catalog/product/cache/1/image/9df78eab33525d08d6e5fb8d27136e95/c/a/cattelan_italia_link_wassers_3_2_2.jpg,0,72,,True,image,2023-11-16 19:35:44 +00:00,2026-01-08 06:30:05 +00:00,False,
https://ulahbloggoblog.blogspot.com/2021/08/italian-tv-cabinet-furniture-urban-chic.html,ulahbloggoblog.blogspot.com,http://wassersfurniture.com/media/catalog/product/cache/1/image/9df78eab33525d08d6e5fb8d27136e95/c/a/cattelan_italia_link_wassers_3_2_2.jpg,0,96,,True,image,2023-11-15 15:05:43 +00:00,2026-01-08 06:02:05 +00:00,False,
https://myphotosbell.blogspot.com/2021/07/nursery-works-tree-bookshelf-discover.html,myphotosbell.blogspot.com,http://wassersfurniture.com/media/catalog/product/cache/1/image/400x/9df78eab33525d08d6e5fb8d27136e95/t/r/treebook.png,0,79,,True,image,2023-10-13 01:18:23 +00:00,2026-01-05 20:24:55 +00:00,False,
https://myphotoseternal.blogspot.com/2021/07/monte-trundle-bed-it-hangs-vertically.html,myphotoseternal.blogspot.com,http://wassersfurniture.com/media/catalog/product/cache/1/image/9df78eab33525d08d6e5fb8d27136e95/d/o/dorma_daybed-charcoal.jpg,0,100,,True,image,2023-10-18 13:21:35 +00:00,2026-01-05 13:56:31 +00:00,False,
https://topnotionphotos.blogspot.com/2021/07/stone-dining-table-price-we-did-not.html,topnotionphotos.blogspot.com,http://wassersfurniture.com/media/catalog/product/cache/1/image/9df78eab33525d08d6e5fb8d27136e95/s/c/screen_shot_2014-01-08_at_11.02.04_am.png,0,101,,True,image,2023-10-11 14:07:55 +00:00,2026-01-05 13:55:40 +00:00,False,
http://samplesinworlds.blogspot.com/2015/05/chaise-sofa.html,samplesinworlds.blogspot.com,http://wassersfurniture.com/media/catalog/product/cache/1/image/88969f45fef47f1976421a9810ed57f6/l/a/lazar-odyssey.jpg,0,32,,True,image,2024-01-18 21:11:51 +00:00,2026-01-02 04:30:32 +00:00,False,
http://anodizedaluminumdzutsugetsu.blogspot.com/2016/10/anodized-aluminum-miami.html,anodizedaluminumdzutsugetsu.blogspot.com,http://wassersfurniture.com/media/catalog/product/cache/1/image/88969f45fef47f1976421a9810ed57f6/t/o/tonin_casa-buffet-miami-3-www.wassersfurniture.com.jpg,0,0,,True,image,2024-12-02 11:14:49 +00:00,2026-01-01 14:56:11 +00:00,False,
https://akunjam-48.blogspot.com/2021/08/white-stone-coffee-table-britney-white.html,akunjam-48.blogspot.com,http://wassersfurniture.com/media/catalog/product/cache/1/image/9df78eab33525d08d6e5fb8d27136e95/r/i/river_stone_coffee_table_gel_coat_white-10.jpg,0,0,,True,image,2023-11-23 09:48:56 +00:00,2025-12-31 11:19:14 +00:00,False,
http://allthetemplates.blogspot.com/2015/05/chaise-sofa.html,allthetemplates.blogspot.com,http://wassersfurniture.com/media/catalog/product/cache/1/image/88969f45fef47f1976421a9810ed57f6/l/a/lazar-odyssey.jpg,0,16,,True,image,2023-10-07 06:37:10 +00:00,2025-12-31 01:45:09 +00:00,False,
https://nazlullaby.blogspot.com/2021/07/river-stone-abstract-coffee-table-river.html,nazlullaby.blogspot.com,http://wassersfurniture.com/media/catalog/product/cache/1/image/9df78eab33525d08d6e5fb8d27136e95/r/i/river_stone_coffee_table_gel_coat_white-10.jpg,0,26,,True,image,2023-12-04 15:20:58 +00:00,2025-12-30 15:53:57 +00:00,False,
https://picturesofsportcars.blogspot.com/2019/11/stone-top-dining-table-set.html,picturesofsportcars.blogspot.com,http://wassersfurniture.com/media/catalog/product/cache/1/image/9df78eab33525d08d6e5fb8d27136e95/s/c/screen_shot_2014-01-08_at_10.45.17_am.png,0,0,,True,image,2023-10-05 13:43:35 +00:00,2025-12-30 07:34:19 +00:00,False,
https://obesbye.blogspot.com/2021/08/19-images-best-pablo-contour.html,obesbye.blogspot.com,http://wassersfurniture.com/media/catalog/product/cache/1/image/9df78eab33525d08d6e5fb8d27136e95/c/o/contourenviro2_300_download.jpg,0,39,,True,image,2025-11-14 06:31:16 +00:00,2025-12-29 19:28:17 +00:00,False,
http://my50skitchen.blogspot.com/2016/04/sofa-chair.html,my50skitchen.blogspot.com,http://wassersfurniture.com/media/catalog/product/cache/1/image/88969f45fef47f1976421a9810ed57f6/a/l/alessandro_2.jpg,0,225,,True,image,2023-10-13 12:19:13 +00:00,2025-12-29 18:04:28 +00:00,False,
https://primitivehomedecoration.blogspot.com/2019/03/best-used-furniture-stores-atlanta.html,primitivehomedecoration.blogspot.com,http://wassersfurniture.com/media/catalog/product/cache/1/image/9df78eab33525d08d6e5fb8d27136e95/a/t/atlantla-leather-sectional-01_1.jpg,0,0,,True,image,2023-10-11 05:33:48 +00:00,2025-12-29 16:14:22 +00:00,False,
https://amyjanise.blogspot.com/2019/09/best-furniture-stores-in-atlanta.html,amyjanise.blogspot.com,http://wassersfurniture.com/media/catalog/product/cache/1/image/9df78eab33525d08d6e5fb8d27136e95/a/t/atlantla-leather-sectional-01_1.jpg,0,77,,True,image,2023-10-13 02:03:26 +00:00,2025-12-29 14:17:58 +00:00,False,
http://wheretobuybest.link/HeLoisAeciagreato/,wheretobuybest.link,https://wassersfurniture.com/,0,291,wassersfurniture.com,False,anchor,2025-12-28 22:27:43 +00:00,2025-12-28 22:27:43 +00:00,False,
https://rumahbelajarpintar75.blogspot.com/2021/08/stone-top-dining-room-tables-agatha.html,rumahbelajarpintar75.blogspot.com,http://wassersfurniture.com/media/catalog/product/cache/1/image/9df78eab33525d08d6e5fb8d27136e95/s/c/screen_shot_2014-01-08_at_11.02.04_am.png,0,48,,True,image,2025-11-15 07:35:10 +00:00,2025-12-28 15:39:24 +00:00,False,
https://thy-stargirl.blogspot.com/2021/06/modern-granite-dining-table-stone-table.html,thy-stargirl.blogspot.com,http://wassersfurniture.com/media/catalog/product/cache/1/image/9df78eab33525d08d6e5fb8d27136e95/3/2/3266-sq-cw-steel-hp-side-1.jpg,0,89,,True,image,2023-11-02 23:03:19 +00:00,2025-12-28 09:40:13 +00:00,False,
https://toppicturesexplosion.blogspot.com/2021/07/base-for-granite-top-they-are-least.html,toppicturesexplosion.blogspot.com,http://wassersfurniture.com/media/catalog/product/cache/1/image/9df78eab33525d08d6e5fb8d27136e95/3/2/3266-sq-cw-steel-hp-side-1.jpg,0,102,,True,image,2023-10-11 23:49:09 +00:00,2025-12-28 06:39:17 +00:00,False,
http://brushedaluminumpakushin.blogspot.com/2016/06/brushed-aluminum-headboard.html,brushedaluminumpakushin.blogspot.com,http://wassersfurniture.com/media/catalog/product/cache/1/image/88969f45fef47f1976421a9810ed57f6/e/d/edge1_1_1_1.jpg,0,0,,True,image,2023-10-12 17:46:44 +00:00,2025-12-27 01:48:07 +00:00,False,
https://ruangbelajar-134.blogspot.com/2021/08/stone-top-dining-room-table-franco.html,ruangbelajar-134.blogspot.com,http://wassersfurniture.com/media/catalog/product/cache/1/image/9df78eab33525d08d6e5fb8d27136e95/s/c/screen_shot_2014-01-08_at_11.02.04_am.png,0,0,,True,image,2023-10-10 19:54:37 +00:00,2025-12-26 19:51:01 +00:00,False,
https://onlineblog201409.blogspot.com/2021/06/dining-square-table-astor-42-in-square.html,onlineblog201409.blogspot.com,http://wassersfurniture.com/media/catalog/product/cache/1/image/9df78eab33525d08d6e5fb8d27136e95/s/c/screen_shot_2014-01-03_at_3.12.46_pm.png,0,52,,True,image,2024-01-13 04:34:27 +00:00,2025-12-26 19:13:18 +00:00,False,
https://jackbueggensss.blogspot.com/2021/06/stone-and-wood-coffee-table-resin-live.html,jackbueggensss.blogspot.com,http://wassersfurniture.com/media/catalog/product/cache/1/image/9df78eab33525d08d6e5fb8d27136e95/r/i/river_stone_coffee_table_gel_coat_white_51.jpg,0,0,,True,image,2023-10-15 13:11:54 +00:00,2025-12-26 19:11:20 +00:00,False,
