keyword,search_volume,etv,position,ranking_url,keyword_difficulty,cpc,search_intent
cotton cover duvet,90500,27512,1,https://us.pigletinbed.com/collections/cotton-duvet-covers,0,1.8600000143051147,transactional
cotton duvet cover,90500,27512,2,https://us.pigletinbed.com/collections/cotton-duvet-covers,3,1.8600000143051147,transactional
duvet set cotton,90500,27512,2,https://us.pigletinbed.com/collections/cotton-duvet-covers,0,1.8600000143051147,transactional
linen sheets,60500,18392,2,https://us.pigletinbed.com/collections/linen-bedding,0,4.25,transactional
duvet cover,165000,16054.5,5,https://us.pigletinbed.com/collections/duvet-covers,2,2.4800000190734863,transactional
duvet covers,165000,16054.5,5,https://us.pigletinbed.com/collections/duvet-covers,3,2.4800000190734863,transactional
fitted bed sheets,40500,12312,2,https://us.pigletinbed.com/collections/cotton-fitted-sheets,0,2.180000066757202,transactional
fitted sheet,40500,12312,2,https://us.pigletinbed.com/collections/fitted-sheets,0,2.180000066757202,transactional
fitted sheets,40500,12312,2,https://us.pigletinbed.com/collections/fitted-sheets,0,2.180000066757202,informational
bed linen sets cotton,33100,10062.400390625,1,https://us.pigletinbed.com/collections/cotton-bedding,1,1.5199999809265137,transactional
bed sets cotton,33100,10062.400390625,2,https://us.pigletinbed.com/collections/cotton-bedding,1,1.5199999809265137,transactional
cotton bed linen set,33100,10062.400390625,2,https://us.pigletinbed.com/collections/cotton-bedding,0,1.5199999809265137,transactional
duvet sets cotton,90500,8805.650390625,4,https://us.pigletinbed.com/collections/cotton-duvet-covers,0,1.8600000143051147,transactional
bed skirt,27100,8238.400390625,2,https://us.pigletinbed.com/collections/bed-skirts,0,0.9700000286102295,transactional
dust ruffle for bed,27100,8238.400390625,4,https://us.pigletinbed.com/collections/bed-skirts,0,0.9700000286102295,transactional
100 cotton bed set,22200,6748.7998046875,1,https://us.pigletinbed.com/collections/cotton-bedding,0,1.7100000381469727,transactional
100 cotton bedding set,22200,6748.7998046875,1,https://us.pigletinbed.com/collections/cotton-bedding,0,1.7100000381469727,transactional
100 cotton sheets,22200,6748.7998046875,3,https://us.pigletinbed.com/collections/cotton-bedding,0,1.7100000381469727,transactional
bed sheets 100 cotton,22200,6748.7998046875,2,https://us.pigletinbed.com/collections/cotton-bedding,0,1.7100000381469727,transactional
bedsheet 100 cotton,22200,6748.7998046875,2,https://us.pigletinbed.com/collections/cotton-bedding,0,1.7100000381469727,transactional
fitted bottom sheets,40500,6561,3,https://us.pigletinbed.com/collections/cotton-fitted-sheets,0,2.180000066757202,transactional
fitting bed sheet,40500,6561,5,https://us.pigletinbed.com/collections/cotton-fitted-sheets,0,2.180000066757202,informational
kids bedding,40500,6561,2,https://us.pigletinbed.com/collections/kids,0,1.6800000667572021,transactional
mattress sheets fitted,40500,6561,3,https://us.pigletinbed.com/collections/fitted-sheets,0,2.180000066757202,transactional
linen for bed sheets,60500,5886.64990234375,4,https://us.pigletinbed.com/collections/linen-bedding,0,4.25,transactional
sheets and linens,60500,5886.64990234375,11,https://us.pigletinbed.com/collections/linen-bedding,0,4.25,transactional
duvet and cover,165000,5577,11,https://us.pigletinbed.com/collections/duvet-covers,0,2.4800000190734863,transactional
standard pillowcase dimensions,18100,5502.39990234375,4,https://us.pigletinbed.com/blogs/the-piglet-journal/a-complete-pillowcase-size-guide,0,1.2899999618530273,informational
standard size pillowcase,18100,5502.39990234375,5,https://us.pigletinbed.com/blogs/the-piglet-journal/a-complete-pillowcase-size-guide,0,1.2899999618530273,transactional
standard size pillowcase measurements,18100,5502.39990234375,4,https://us.pigletinbed.com/blogs/the-piglet-journal/a-complete-pillowcase-size-guide,0,1.2899999618530273,informational
comforter set cotton,33100,5362.2001953125,3,https://us.pigletinbed.com/collections/cotton-bedding,0,1.4500000476837158,transactional
cotton bed sheets,33100,5362.2001953125,3,https://us.pigletinbed.com/collections/cotton-bedding,8,1.5199999809265137,transactional
cotton bedding set,33100,5362.2001953125,5,https://us.pigletinbed.com/collections/cotton-bedding,3,1.5199999809265137,transactional
cotton bedspread sets,33100,5362.2001953125,5,https://us.pigletinbed.com/collections/cotton-bedding,0,1.5199999809265137,transactional
bed linen sheet,14800,4499.2001953125,2,https://us.pigletinbed.com/collections/linen-bedding,0,3.9000000953674316,transactional
linen bed,14800,4499.2001953125,3,https://us.pigletinbed.com/collections/linen-bedding,0,4.150000095367432,transactional
linen bed set,14800,4499.2001953125,1,https://us.pigletinbed.com/collections/linen-bedding,0,3.9000000953674316,transactional
linen bedding sets,14800,4499.2001953125,1,https://us.pigletinbed.com/collections/linen-bedding,0,3.9000000953674316,transactional
linen bedding sheets,14800,4499.2001953125,3,https://us.pigletinbed.com/collections/linen-bedding,0,3.9000000953674316,transactional
linen sheets bed,14800,4499.2001953125,3,https://us.pigletinbed.com/collections/linen-bedding,0,3.9000000953674316,transactional
linen sheets for bed,14800,4499.2001953125,4,https://us.pigletinbed.com/collections/linen-bedding,0,3.9000000953674316,transactional
cotton sheets,27100,4390.2001953125,3,https://us.pigletinbed.com/collections/cotton-bedding,1,2.1700000762939453,transactional
sheets cotton,27100,4390.2001953125,5,https://us.pigletinbed.com/collections/cotton-bedding,19,2.1700000762939453,transactional
bed dust ruffle queen,12100,3678.39990234375,5,https://us.pigletinbed.com/collections/bed-skirts,0,0.8399999737739563,transactional
bed skirt queen,12100,3678.39990234375,4,https://us.pigletinbed.com/collections/bed-skirts,0,0.8399999737739563,transactional
bedskirt for queen bed,12100,3678.39990234375,4,https://us.pigletinbed.com/collections/bed-skirts,0,0.8399999737739563,transactional
bedskirt queen bed,12100,3678.39990234375,4,https://us.pigletinbed.com/collections/bed-skirts,0,0.8399999737739563,transactional
100 cotton bed sheets,22200,3596.39990234375,4,https://us.pigletinbed.com/collections/cotton-bedding,5,1.7100000381469727,transactional
cotton bedspread set,33100,3220.6298828125,7,https://us.pigletinbed.com/collections/cotton-bedding,0,1.5199999809265137,transactional
bed and blankets,9900,3009.60009765625,2,https://us.pigletinbed.com/collections/blankets-and-throws,0,2.490000009536743,transactional
bed sheet flat sheet,9900,3009.60009765625,4,https://us.pigletinbed.com/collections/flat-sheets,0,0.949999988079071,transactional
bedroom blanket,9900,3009.60009765625,2,https://us.pigletinbed.com/collections/blankets-and-throws,0,2.490000009536743,transactional
queen size linen,9900,3009.60009765625,4,https://us.pigletinbed.com/collections/all-bedding,0,1.6800000667572021,transactional
set of bedsheets,9900,3009.60009765625,4,https://us.pigletinbed.com/collections/all-bedding,0,3.2100000381469727,transactional
pillowcase,18100,2932.199951171875,4,https://us.pigletinbed.com/collections/pillowcases,0,1.5699999332427979,transactional
standard pillowcases sizes,18100,2932.199951171875,5,https://us.pigletinbed.com/blogs/the-piglet-journal/a-complete-pillowcase-size-guide,0,1.2899999618530273,informational
bed and linen,8100,2462.39990234375,5,https://us.pigletinbed.com/collections/linen-bedding,0,5.46999979019165,transactional
bed and linens,8100,2462.39990234375,4,https://us.pigletinbed.com/,0,5.46999979019165,transactional
bed bedding,8100,2462.39990234375,1,https://us.pigletinbed.com/collections/all-bedding,11,5.46999979019165,transactional
bed beddings,8100,2462.39990234375,3,https://us.pigletinbed.com/collections/all-bedding,0,5.46999979019165,transactional
bed with bedding,8100,2462.39990234375,4,https://us.pigletinbed.com/collections/bundles,0,5.46999979019165,transactional
bedding and linen,8100,2462.39990234375,6,https://us.pigletinbed.com/collections/all-bedding,0,5.46999979019165,transactional
bedding linen,8100,2462.39990234375,2,https://us.pigletinbed.com/collections/linen-bedding,0,5.46999979019165,transactional
bedroom linen,8100,2462.39990234375,3,https://us.pigletinbed.com/collections/linen-bedding,0,5.46999979019165,transactional
bedsheets linen,8100,2462.39990234375,1,https://us.pigletinbed.com/collections/linen-bedding,0,5.46999979019165,transactional
cotton fitted bed sheet,8100,2462.39990234375,2,https://us.pigletinbed.com/collections/cotton-fitted-sheets,0,1.2699999809265137,transactional
cotton fitted sheet,8100,2462.39990234375,3,https://us.pigletinbed.com/collections/cotton-fitted-sheets,0,1.2699999809265137,transactional
cotton pillowcases,8100,2462.39990234375,2,https://us.pigletinbed.com/collections/cotton-pillowcases,0,1.5499999523162842,transactional
gown dressing,8100,2462.39990234375,4,https://us.pigletinbed.com/collections/robes,0,0.7799999713897705,informational
linen bed linens,8100,2462.39990234375,2,https://us.pigletinbed.com/collections/linen-bedding,0,5.46999979019165,transactional
pillowcase size,8100,2462.39990234375,2,https://us.pigletinbed.com/blogs/the-piglet-journal/a-complete-pillowcase-size-guide,0,0.44999998807907104,transactional
pillowcase sizes,8100,2462.39990234375,2,https://us.pigletinbed.com/blogs/the-piglet-journal/a-complete-pillowcase-size-guide,0,0.44999998807907104,informational
linen bed sheets,14800,2397.60009765625,3,https://us.pigletinbed.com/collections/linen-bedding,0,3.9000000953674316,transactional
linen bedroom set,14800,2397.60009765625,3,https://us.pigletinbed.com/collections/linen-bedding,0,3.9000000953674316,transactional
linen duvet cover,14800,2397.60009765625,3,https://us.pigletinbed.com/collections/duvet-covers,0,4.480000019073486,transactional
linens duvet covers,14800,2397.60009765625,3,https://us.pigletinbed.com/collections/duvet-covers,0,4.480000019073486,transactional
sheet sets 100 cotton,22200,2160.06005859375,7,https://us.pigletinbed.com/collections/cotton-bedding,0,1.7100000381469727,transactional
bed linen cotton,6600,2006.4000244140625,2,https://us.pigletinbed.com/collections/cotton-bedding,1,2.059999942779541,transactional
bedding cotton,6600,2006.4000244140625,2,https://us.pigletinbed.com/collections/cotton-bedding,4,2.059999942779541,transactional
cotton bed sets queen,6600,2006.4000244140625,1,https://us.pigletinbed.com/collections/cotton-bedding,0,1.0800000429153442,transactional
cotton bedding,6600,2006.4000244140625,1,https://us.pigletinbed.com/collections/cotton-bedding,0,2.059999942779541,transactional
cotton bedding queen,6600,2006.4000244140625,2,https://us.pigletinbed.com/collections/cotton-bedding,0,1.0800000429153442,transactional
cotton duvet cover 100 cotton,6600,2006.4000244140625,1,https://us.pigletinbed.com/collections/cotton-duvet-covers,0,1.9300000667572021,transactional
gingham bed set,6600,2006.4000244140625,2,https://us.pigletinbed.com/collections/gingham-bedding,0,1.4199999570846558,transactional
gingham bed sheets,6600,2006.4000244140625,2,https://us.pigletinbed.com/collections/gingham-sheets,0,1.4199999570846558,transactional
gingham fitted sheet,6600,2006.4000244140625,2,https://us.pigletinbed.com/collections/gingham-sheets,0,1.4199999570846558,transactional
gingham sheets,6600,2006.4000244140625,3,https://us.pigletinbed.com/collections/gingham-sheets,0,1.4199999570846558,transactional
king size pillowcase measurement,6600,2006.4000244140625,4,https://us.pigletinbed.com/blogs/the-piglet-journal/a-complete-pillowcase-size-guide,0,1.5299999713897705,informational
king size pillowcase measurements,6600,2006.4000244140625,4,https://us.pigletinbed.com/blogs/the-piglet-journal/a-complete-pillowcase-size-guide,0,1.1800000667572021,informational
queen cotton bed sheets,6600,2006.4000244140625,2,https://us.pigletinbed.com/collections/cotton-bedding,0,1.0800000429153442,transactional
queen cotton bedding,6600,2006.4000244140625,2,https://us.pigletinbed.com/collections/cotton-bedding,0,1.0800000429153442,transactional
queen cotton bedding sets,6600,2006.4000244140625,1,https://us.pigletinbed.com/collections/cotton-bedding,0,1.0800000429153442,transactional
quilt covers 100 cotton,6600,2006.4000244140625,2,https://us.pigletinbed.com/collections/cotton-duvet-covers,2,1.9300000667572021,transactional
striped duvet cover,6600,2006.4000244140625,3,https://us.pigletinbed.com/collections/striped-bedding,0,1.899999976158142,transactional
top sheets,6600,2006.4000244140625,3,https://us.pigletinbed.com/collections/flat-sheets,0,2.3899998664855957,transactional
bed skirts for queen,12100,1960.199951171875,5,https://us.pigletinbed.com/collections/bed-skirts,0,0.8399999737739563,transactional
queen bed skirt,12100,1960.199951171875,3,https://us.pigletinbed.com/collections/bed-skirts,0,0.8399999737739563,transactional
bedding measurements,165000,1864.5,14,https://us.pigletinbed.com/blogs/the-piglet-journal/us-bedding-sizes-guide,0,0.6700000166893005,informational
bed fitted sheet,5400,1641.5999755859375,3,https://us.pigletinbed.com/collections/fitted-sheets,0,1.7200000286102295,transactional
bed throw and pillows,5400,1641.5999755859375,1,https://us.pigletinbed.com/collections/pillow-covers-throws,0,1.2300000190734863,transactional
bed throws and pillows,5400,1641.5999755859375,1,https://us.pigletinbed.com/collections/pillow-covers-throws,1,1.2300000190734863,transactional
bedskirt king bed,5400,1641.5999755859375,3,https://us.pigletinbed.com/collections/bed-skirts,0,1.2599999904632568,transactional
blanket throws for bed,5400,1641.5999755859375,2,https://us.pigletinbed.com/collections/blankets-and-throws,3,1.7300000190734863,transactional
cotton bedsheet set,5400,1641.5999755859375,2,https://us.pigletinbed.com/collections/cotton-bedding,7,1.4800000190734863,transactional
cotton flat bed sheets,5400,1641.5999755859375,2,https://us.pigletinbed.com/collections/cotton-flat-sheets,0,0.8100000023841858,transactional
cotton sheet sets,5400,1641.5999755859375,2,https://us.pigletinbed.com/collections/cotton-bedding,8,1.4800000190734863,transactional
cotton sheets set,5400,1641.5999755859375,2,https://us.pigletinbed.com/collections/cotton-bedding,0,1.4800000190734863,transactional
fitted sheet for bed,5400,1641.5999755859375,4,https://us.pigletinbed.com/collections/cotton-fitted-sheets,0,1.7200000286102295,transactional
flat bed sheets cotton,5400,1641.5999755859375,3,https://us.pigletinbed.com/collections/cotton-flat-sheets,0,0.8100000023841858,transactional
floral sheets,5400,1641.5999755859375,2,https://us.pigletinbed.com/collections/floral-cotton-bedding,0,1.2899999618530273,transactional
pink bed sheets,5400,1641.5999755859375,2,https://us.pigletinbed.com/collections/blush-pink-bedding,0,0.7300000190734863,transactional
queen duvet cover cotton,5400,1641.5999755859375,2,https://us.pigletinbed.com/collections/cotton-duvet-covers,0,1.309999942779541,transactional
cotton bedding comforter set,9900,1603.800048828125,3,https://us.pigletinbed.com/collections/cotton-bedding,0,0.949999988079071,transactional
cotton bedding comforter sets,9900,1603.800048828125,4,https://us.pigletinbed.com/collections/cotton-bedding,0,0.949999988079071,transactional
queen size linens,9900,1603.800048828125,6,https://us.pigletinbed.com/collections/linen-bedding,0,1.6800000667572021,transactional
cool bed sets,33100,1552.3900146484375,7,https://us.pigletinbed.com/collections/all-bedding,0,4.159999847412109,transactional
twin bedding measurements,74000,1457.800048828125,11,https://us.pigletinbed.com/blogs/the-piglet-journal/us-bedding-sizes-guide,0,1.159999966621399,informational
bed linens king size,4400,1337.5999755859375,4,https://us.pigletinbed.com/collections/all-bedding,0,2.069999933242798,transactional
bed sheets with stripes,4400,1337.5999755859375,2,https://us.pigletinbed.com/collections/striped-bedding,0,1.6700000762939453,transactional
bedding stripes,4400,1337.5999755859375,2,https://us.pigletinbed.com/collections/striped-bedding,0,1.340000033378601,transactional
bedding with stripes,4400,1337.5999755859375,2,https://us.pigletinbed.com/collections/striped-bedding,0,1.340000033378601,transactional
duvet covers gingham,4400,1337.5999755859375,3,https://us.pigletinbed.com/collections/gingham-bedding,0,1.8199999332427979,transactional
gingham bed,4400,1337.5999755859375,3,https://us.pigletinbed.com/collections/gingham-bedding,0,1.3600000143051147,transactional
gingham bedding,4400,1337.5999755859375,2,https://us.pigletinbed.com/collections/gingham-bedding,0,1.3600000143051147,navigational
gingham curtain,4400,1337.5999755859375,3,https://us.pigletinbed.com/collections/gingham-linen-blend-curtains,0,0.8600000143051147,transactional
gingham duvet cover,4400,1337.5999755859375,3,https://us.pigletinbed.com/collections/gingham-bedding,0,1.8199999332427979,transactional
gingham duvet covers,4400,1337.5999755859375,3,https://us.pigletinbed.com/collections/gingham-bedding,0,1.8199999332427979,transactional
king cotton bedding sets,4400,1337.5999755859375,2,https://us.pigletinbed.com/collections/cotton-bedding,0,1.7999999523162842,transactional
sheets striped,4400,1337.5999755859375,3,https://us.pigletinbed.com/collections/striped-bedding,0,1.6700000762939453,informational
sheets with stripes,4400,1337.5999755859375,2,https://us.pigletinbed.com/collections/striped-bedding,0,1.6700000762939453,transactional
stripe sheets,4400,1337.5999755859375,2,https://us.pigletinbed.com/collections/striped-bedding,0,1.6700000762939453,informational
striped bedding,4400,1337.5999755859375,2,https://us.pigletinbed.com/collections/striped-bedding,0,1.340000033378601,transactional
striped bedding sets,4400,1337.5999755859375,2,https://us.pigletinbed.com/collections/striped-bedding,0,1.340000033378601,transactional
striped sheets,4400,1337.5999755859375,2,https://us.pigletinbed.com/collections/striped-bedding,0,1.6700000762939453,transactional
us bedding sizes,4400,1337.5999755859375,2,https://us.pigletinbed.com/blogs/the-piglet-journal/us-bedding-sizes-guide,0,0.7599999904632568,informational
what are the dimensions of a standard pillowcase,4400,1337.5999755859375,2,https://us.pigletinbed.com/blogs/the-piglet-journal/a-complete-pillowcase-size-guide,0,1.4600000381469727,informational
what are the measurements of a standard pillowcase,4400,1337.5999755859375,4,https://us.pigletinbed.com/blogs/the-piglet-journal/a-complete-pillowcase-size-guide,0,1.4600000381469727,informational
what is a standard size pillowcase measurements,4400,1337.5999755859375,2,https://us.pigletinbed.com/blogs/the-piglet-journal/a-complete-pillowcase-size-guide,0,1.4600000381469727,informational
what is standard pillowcase size,4400,1337.5999755859375,2,https://us.pigletinbed.com/blogs/the-piglet-journal/a-complete-pillowcase-size-guide,0,1.2100000381469727,informational
what is standard size pillow case,4400,1337.5999755859375,4,https://us.pigletinbed.com/blogs/the-piglet-journal/a-complete-pillowcase-size-guide,0,1.4600000381469727,informational
what is standard size pillowcase,4400,1337.5999755859375,4,https://us.pigletinbed.com/blogs/the-piglet-journal/a-complete-pillowcase-size-guide,0,1.4600000381469727,informational
what is the standard size of a pillowcase,4400,1337.5999755859375,4,https://us.pigletinbed.com/blogs/the-piglet-journal/a-complete-pillowcase-size-guide,0,1.4600000381469727,informational
what size are standard pillowcases,4400,1337.5999755859375,4,https://us.pigletinbed.com/blogs/the-piglet-journal/a-complete-pillowcase-size-guide,0,1.4600000381469727,informational
100 linen bed sheet,8100,1312.199951171875,3,https://us.pigletinbed.com/collections/linen-bedding,0,3.130000114440918,transactional
cotton bed sheets queen,8100,1312.199951171875,2,https://us.pigletinbed.com/collections/cotton-bedding,0,1.3899999856948853,transactional
linens sheets,60500,1191.8499755859375,11,https://us.pigletinbed.com/collections/linen-bedding,0,4.25,transactional
bed skirts for queen beds,12100,1177.3299560546875,6,https://us.pigletinbed.com/collections/bed-skirts,0,0.8399999737739563,transactional
bed linen floral,3600,1094.4000244140625,2,https://us.pigletinbed.com/collections/floral-bedding,0,1.149999976158142,transactional
bed linen shops,3600,1094.4000244140625,4,https://us.pigletinbed.com/collections/all-bedding,0,2.490000009536743,commercial
bed linens store,3600,1094.4000244140625,4,https://us.pigletinbed.com/,0,2.490000009536743,navigational
bedding sets floral,3600,1094.4000244140625,2,https://us.pigletinbed.com/collections/floral-bedding,0,0.800000011920929,transactional
cotton bedding sets king,3600,1094.4000244140625,2,https://us.pigletinbed.com/collections/cotton-bedding,0,1.2100000381469727,transactional
euro sham size,3600,1094.4000244140625,4,https://us.pigletinbed.com/blogs/the-piglet-journal/the-ultimate-guide-to-pillow-shams,0,3.130000114440918,informational
fitted linen sheet king,3600,1094.4000244140625,1,https://us.pigletinbed.com/collections/linen-fitted-sheets,0,4.869999885559082,transactional
floral bed,3600,1094.4000244140625,3,https://us.pigletinbed.com/collections/floral-bedding,0,1.149999976158142,transactional
floral bed sets,3600,1094.4000244140625,1,https://us.pigletinbed.com/collections/floral-bedding,0,0.800000011920929,transactional
floral bedding,3600,1094.4000244140625,2,https://us.pigletinbed.com/collections/floral-bedding,0,1.149999976158142,transactional
king pillowcase dimensions,3600,1094.4000244140625,4,https://us.pigletinbed.com/blogs/the-piglet-journal/a-complete-pillowcase-size-guide,0,2.009999990463257,informational
king pillowcase size,3600,1094.4000244140625,3,https://us.pigletinbed.com/blogs/the-piglet-journal/a-complete-pillowcase-size-guide,0,2.009999990463257,transactional
king pillowcases size,3600,1094.4000244140625,4,https://us.pigletinbed.com/blogs/the-piglet-journal/a-complete-pillowcase-size-guide,0,2.009999990463257,transactional
king size pillowcase size,3600,1094.4000244140625,4,https://us.pigletinbed.com/blogs/the-piglet-journal/a-complete-pillowcase-size-guide,0,2.009999990463257,transactional
linen fitted king sheet,3600,1094.4000244140625,1,https://us.pigletinbed.com/collections/linen-fitted-sheets,0,4.869999885559082,transactional
linen fitted sheets king,3600,1094.4000244140625,2,https://us.pigletinbed.com/collections/linen-fitted-sheets,0,4.869999885559082,transactional
linen pajama,3600,1094.4000244140625,2,https://us.pigletinbed.com/collections/pajamas,0,1.7100000381469727,transactional
linen pajamas,3600,1094.4000244140625,1,https://us.pigletinbed.com/collections/pajamas,0,1.7100000381469727,transactional
linen sheets king,3600,1094.4000244140625,3,https://us.pigletinbed.com/collections/linen-bedding,0,4.869999885559082,transactional
size of euro sham,3600,1094.4000244140625,4,https://us.pigletinbed.com/blogs/the-piglet-journal/the-ultimate-guide-to-pillow-shams,0,3.130000114440918,informational
size of king pillowcase,3600,1094.4000244140625,4,https://us.pigletinbed.com/blogs/the-piglet-journal/a-complete-pillowcase-size-guide,0,2.009999990463257,informational
what are the dimensions of a king size pillow case,3600,1094.4000244140625,4,https://us.pigletinbed.com/blogs/the-piglet-journal/a-complete-pillowcase-size-guide,0,1.2000000476837158,informational
what are the dimensions of a king size pillowcase,3600,1094.4000244140625,2,https://us.pigletinbed.com/blogs/the-piglet-journal/a-complete-pillowcase-size-guide,0,1.2000000476837158,informational
what is the size of a king size pillowcase,3600,1094.4000244140625,2,https://us.pigletinbed.com/blogs/the-piglet-journal/a-complete-pillowcase-size-guide,0,1.2000000476837158,informational
what size is a king size pillowcase,3600,1094.4000244140625,4,https://us.pigletinbed.com/blogs/the-piglet-journal/a-complete-pillowcase-size-guide,0,1.2000000476837158,informational
what size is king pillow case,3600,1094.4000244140625,4,https://us.pigletinbed.com/blogs/the-piglet-journal/a-complete-pillowcase-size-guide,0,1.2000000476837158,informational
100 cotton duvet cover,6600,1069.199951171875,4,https://us.pigletinbed.com/collections/cotton-bedding,1,1.9300000667572021,transactional
bed linens cotton,6600,1069.199951171875,3,https://us.pigletinbed.com/collections/cotton-bedding,10,2.059999942779541,transactional
bedding sets queen cotton,6600,1069.199951171875,2,https://us.pigletinbed.com/collections/cotton-bedding,0,1.0800000429153442,transactional
comforter cover duvet,6600,1069.199951171875,3,https://us.pigletinbed.com/collections/duvet-covers,0,2.7200000286102295,transactional
cotton bedding set queen,6600,1069.199951171875,3,https://us.pigletinbed.com/collections/cotton-bedding,0,1.0800000429153442,transactional
cotton for bedding,6600,1069.199951171875,4,https://us.pigletinbed.com/collections/cotton-bedding,0,2.059999942779541,transactional
house coats,6600,1069.199951171875,4,https://us.pigletinbed.com/collections/quilted-housecoats,0,0.6299999952316284,transactional
100 cotton bedding sheets,22200,1041.1800537109375,8,https://us.pigletinbed.com/collections/cotton-bedding,8,1.7100000381469727,transactional
linen bedding,14800,975.3200073242188,6,https://us.pigletinbed.com/collections/linen-bedding,0,4.150000095367432,transactional
bed blankets,9900,963.27001953125,4,https://us.pigletinbed.com/collections/blankets-and-throws,6,2.490000009536743,transactional
cotton bath towels,9900,963.27001953125,7,https://us.pigletinbed.com/collections/bath-towels,0,1.6399999856948853,transactional
flat bed sheets,9900,963.27001953125,7,https://us.pigletinbed.com/collections/linen-flat-sheets,0,0.949999988079071,transactional
linen table runner,9900,963.27001953125,5,https://us.pigletinbed.com/collections/table-runner,0,1.5499999523162842,transactional
table runner linen,9900,963.27001953125,7,https://us.pigletinbed.com/collections/table-runner,0,1.5499999523162842,transactional
100 cotton bed linen,2900,881.5999755859375,1,https://us.pigletinbed.com/collections/cotton-bedding,0,1.8799999952316284,transactional
100 cotton bedding,2900,881.5999755859375,1,https://us.pigletinbed.com/collections/cotton-bedding,10,1.8799999952316284,transactional
100 cotton bedding sets queen,2900,881.5999755859375,1,https://us.pigletinbed.com/collections/cotton-bedding,0,1.190000057220459,transactional
100 percent cotton bed sets,2900,881.5999755859375,1,https://us.pigletinbed.com/collections/cotton-bedding,0,1.440000057220459,transactional
100 percent cotton bed sheets,2900,881.5999755859375,3,https://us.pigletinbed.com/collections/cotton-bedding,3,1.440000057220459,transactional
100 percent cotton bedding set,2900,881.5999755859375,1,https://us.pigletinbed.com/collections/cotton-bedding,0,1.440000057220459,transactional
bed and duvet,2900,881.5999755859375,2,https://us.pigletinbed.com/,0,2.4200000762939453,transactional
bed duvet,2900,881.5999755859375,2,https://us.pigletinbed.com/collections/duvet-covers,0,2.4200000762939453,transactional
bed linen 100 cotton,2900,881.5999755859375,2,https://us.pigletinbed.com/collections/cotton-bedding,0,1.8799999952316284,transactional
bed ruffle skirt,2900,881.5999755859375,2,https://us.pigletinbed.com/collections/bed-skirts,0,0.7099999785423279,transactional
bed skirt full bed,2900,881.5999755859375,2,https://us.pigletinbed.com/collections/bed-skirts,0,0.7099999785423279,transactional
bed with duvet,2900,881.5999755859375,3,https://us.pigletinbed.com/,0,2.4200000762939453,transactional
bedding 100 cotton,2900,881.5999755859375,1,https://us.pigletinbed.com/collections/cotton-bedding,0,1.8799999952316284,transactional
bedding duvet,2900,881.5999755859375,1,https://us.pigletinbed.com/collections/duvet-covers,0,2.4200000762939453,transactional
bedding with duvet,2900,881.5999755859375,4,https://us.pigletinbed.com/collections/duvet-covers,0,2.4200000762939453,informational
blue bed sheets,2900,881.5999755859375,2,https://us.pigletinbed.com/collections/blue-linen-bedding,0,1.0700000524520874,transactional
comforter gingham,2900,881.5999755859375,2,https://us.pigletinbed.com/collections/gingham-bedding,0,0.9700000286102295,transactional
comforter striped,2900,881.5999755859375,2,https://us.pigletinbed.com/collections/striped-bedding,0,0.8700000047683716,transactional
cotton pillowcase,2900,881.5999755859375,1,https://us.pigletinbed.com/collections/cotton-pillowcases,0,1.1299999952316284,transactional
duvet for bedding,2900,881.5999755859375,1,https://us.pigletinbed.com/collections/duvet-covers,0,2.4200000762939453,transactional
duvets bedding,2900,881.5999755859375,1,https://us.pigletinbed.com/collections/duvet-covers,0,2.4200000762939453,transactional
full bed skirt,2900,881.5999755859375,2,https://us.pigletinbed.com/collections/bed-skirts,0,0.7099999785423279,transactional
full bed skirts,2900,881.5999755859375,2,https://us.pigletinbed.com/collections/bed-skirts,0,0.7099999785423279,transactional
full size fitted sheet,2900,881.5999755859375,2,https://us.pigletinbed.com/collections/fitted-sheets,0,0.8899999856948853,transactional
king linen duvet cover,2900,881.5999755859375,3,https://us.pigletinbed.com/collections/100-linen-duvet-covers,0,4.440000057220459,transactional
linen sheet set,2900,881.5999755859375,2,https://us.pigletinbed.com/collections/linen-bedding,0,4.800000190734863,transactional
piglets bedding,2900,881.5999755859375,1,https://us.pigletinbed.com/,3,1.2200000286102295,transactional
pillow slips cotton,2900,881.5999755859375,3,https://us.pigletinbed.com/collections/cotton-pillowcases,0,1.1299999952316284,transactional
pillowcases,2900,881.5999755859375,2,https://us.pigletinbed.com/collections/pillowcases,0,2.0799999237060547,transactional
plaid bed sheet,2900,881.5999755859375,2,https://us.pigletinbed.com/collections/plaid-linen-bedding,0,1.1200000047683716,transactional
plaid bedding set,2900,881.5999755859375,2,https://us.pigletinbed.com/collections/plaid-linen-bedding,0,1.1200000047683716,transactional
plaid sheets,2900,881.5999755859375,3,https://us.pigletinbed.com/collections/plaid-linen-bedding,0,1.1200000047683716,transactional
standard vs queen pillow case,2900,881.5999755859375,2,https://us.pigletinbed.com/blogs/the-piglet-journal/a-complete-pillowcase-size-guide,0,2.1700000762939453,informational
striped comforter,2900,881.5999755859375,3,https://us.pigletinbed.com/collections/striped-bedding,0,0.8700000047683716,transactional
stripes towels,2900,881.5999755859375,2,https://us.pigletinbed.com/collections/stripe-towels,0,1.2899999618530273,transactional
bedsheet set cotton,5400,874.7999877929688,4,https://us.pigletinbed.com/collections/cotton-bedding,8,1.4800000190734863,transactional
cotton bed sheet set,5400,874.7999877929688,4,https://us.pigletinbed.com/collections/cotton-bedding,0,1.4800000190734863,transactional
cotton bed sheet sets,5400,874.7999877929688,3,https://us.pigletinbed.com/collections/cotton-bedding,0,1.4800000190734863,transactional
cotton bedsheet sets,5400,874.7999877929688,2,https://us.pigletinbed.com/collections/cotton-bedding,1,1.4800000190734863,transactional
cotton duvet cover queen,5400,874.7999877929688,2,https://us.pigletinbed.com/collections/cotton-duvet-covers,0,1.309999942779541,transactional
duvet cover percale,5400,874.7999877929688,3,https://us.pigletinbed.com/collections/cotton-duvet-covers,0,4.880000114440918,transactional
duvet covers percale,5400,874.7999877929688,3,https://us.pigletinbed.com/collections/cotton-duvet-covers,0,4.880000114440918,transactional
flat sheets cotton,5400,874.7999877929688,5,https://us.pigletinbed.com/collections/cotton-flat-sheets,0,0.8100000023841858,transactional
housecoat,5400,874.7999877929688,4,https://us.pigletinbed.com/collections/robes,0,0.5899999737739563,transactional
housecoats,5400,874.7999877929688,2,https://us.pigletinbed.com/collections/quilted-housecoats,0,0.6899999976158142,transactional
mattress fitted sheet,5400,874.7999877929688,3,https://us.pigletinbed.com/collections/fitted-sheets,0,1.7200000286102295,transactional
throw blanket bed,5400,874.7999877929688,5,https://us.pigletinbed.com/collections/blankets-and-throws,4,1.7300000190734863,transactional
what is a sham for a bed set,5400,874.7999877929688,4,https://us.pigletinbed.com/blogs/the-piglet-journal/the-ultimate-guide-to-pillow-shams,0,4.289999961853027,informational
what is a sham for the bed,5400,874.7999877929688,4,https://us.pigletinbed.com/blogs/the-piglet-journal/the-ultimate-guide-to-pillow-shams,0,4.289999961853027,informational
towel,90500,823.5499877929688,18,https://us.pigletinbed.com/collections/hand-towels,0,2.0399999618530273,transactional
bed skirts queen,12100,797.3900146484375,8,https://us.pigletinbed.com/collections/bed-skirts,0,0.8399999737739563,transactional
100 linen bed set,8100,788.1300048828125,4,https://us.pigletinbed.com/collections/linen-bedding,0,3.130000114440918,transactional
cotton fitted sheets,8100,788.1300048828125,5,https://us.pigletinbed.com/collections/cotton-fitted-sheets,0,1.2699999809265137,transactional
cotton sheet set queen,8100,788.1300048828125,6,https://us.pigletinbed.com/collections/cotton-bedding,0,1.3899999856948853,transactional
high quality bed linen,8100,788.1300048828125,5,https://us.pigletinbed.com/collections/all-bedding,0,5.269999980926514,transactional
linen sheets 100,8100,788.1300048828125,4,https://us.pigletinbed.com/collections/100-linen-bedding,0,3.130000114440918,transactional
bed covers cotton,2400,729.5999755859375,2,https://us.pigletinbed.com/collections/cotton-duvet-covers,5,1.399999976158142,transactional
bed ruffle,2400,729.5999755859375,2,https://us.pigletinbed.com/collections/bed-skirts,0,0.75,transactional
bed throw,2400,729.5999755859375,3,https://us.pigletinbed.com/collections/blankets-and-throws,11,1.5399999618530273,transactional
bedding throw,2400,729.5999755859375,3,https://us.pigletinbed.com/collections/blankets-and-throws,7,1.5399999618530273,transactional
bedding throws,2400,729.5999755859375,1,https://us.pigletinbed.com/collections/blankets-and-throws,11,1.5399999618530273,transactional
blue sheets,2400,729.5999755859375,3,https://us.pigletinbed.com/collections/blue-linen-bedding,0,2.109999895095825,transactional
cotton bed cover,2400,729.5999755859375,2,https://us.pigletinbed.com/collections/cotton-bedding,0,1.399999976158142,transactional
cotton bed covers,2400,729.5999755859375,2,https://us.pigletinbed.com/collections/cotton-bedding,2,1.399999976158142,transactional
cotton percale duvet cover,2400,729.5999755859375,2,https://us.pigletinbed.com/collections/cotton-duvet-covers,0,3.3499999046325684,transactional
cushion for bed,2400,729.5999755859375,4,https://us.pigletinbed.com/collections/cushions,0,0.8899999856948853,transactional
duvet cover linen queen,2400,729.5999755859375,3,https://us.pigletinbed.com/collections/duvet-covers,1,3.450000047683716,transactional
duvet cover queen linen,2400,729.5999755859375,2,https://us.pigletinbed.com/collections/duvet-covers,0,3.450000047683716,transactional
duvets linen,2400,729.5999755859375,2,https://us.pigletinbed.com/collections/duvet-covers,0,4.429999828338623,transactional
floral bedding sheets,2400,729.5999755859375,2,https://us.pigletinbed.com/collections/floral-bedding,0,0.7099999785423279,transactional
ladies linen pajamas,2400,729.5999755859375,2,https://us.pigletinbed.com/collections/pajamas,0,1.7899999618530273,transactional
linen duvet,2400,729.5999755859375,2,https://us.pigletinbed.com/collections/duvet-covers,0,4.429999828338623,transactional
linen duvet cover queen,2400,729.5999755859375,3,https://us.pigletinbed.com/collections/duvet-covers,4,3.450000047683716,transactional
linen duvets,2400,729.5999755859375,2,https://us.pigletinbed.com/collections/duvet-covers,0,4.429999828338623,transactional
linen pajama women,2400,729.5999755859375,1,https://us.pigletinbed.com/collections/pajamas,0,1.7899999618530273,transactional
linen pajamas women,2400,729.5999755859375,1,https://us.pigletinbed.com/collections/pajamas,0,1.7899999618530273,transactional
linen pjs womens,2400,729.5999755859375,1,https://us.pigletinbed.com/collections/pajamas,0,1.7899999618530273,transactional
linen sleepwear for women,2400,729.5999755859375,2,https://us.pigletinbed.com/collections/pajamas,0,1.7899999618530273,transactional
linens duvet,2400,729.5999755859375,3,https://us.pigletinbed.com/collections/duvet-covers,0,4.429999828338623,transactional
queen duvet cover linen,2400,729.5999755859375,2,https://us.pigletinbed.com/collections/duvet-covers,0,3.450000047683716,transactional
throw for bed,2400,729.5999755859375,2,https://us.pigletinbed.com/collections/blankets-and-throws,2,1.5399999618530273,transactional
throw in bed,2400,729.5999755859375,4,https://us.pigletinbed.com/collections/blankets-and-throws,0,1.5399999618530273,informational
throws for bed,2400,729.5999755859375,2,https://us.pigletinbed.com/collections/blankets-and-throws,10,1.5399999618530273,transactional
throws for bedding,2400,729.5999755859375,2,https://us.pigletinbed.com/collections/blankets-and-throws,3,1.5399999618530273,transactional
throws for the bed,2400,729.5999755859375,2,https://us.pigletinbed.com/collections/blankets-and-throws,3,1.5399999618530273,transactional
throws in bed,2400,729.5999755859375,3,https://us.pigletinbed.com/collections/blankets-and-throws,6,1.5399999618530273,informational
women's linen pajamas,2400,729.5999755859375,1,https://us.pigletinbed.com/collections/pajamas,0,1.7899999618530273,informational
women's linen pyjamas,2400,729.5999755859375,1,https://us.pigletinbed.com/collections/pajamas,0,1.7899999618530273,informational
women's linen sleepwear,2400,729.5999755859375,1,https://us.pigletinbed.com/collections/pajamas,0,1.7899999618530273,informational
womens linen pajamas,2400,729.5999755859375,2,https://us.pigletinbed.com/collections/pajamas,0,1.7899999618530273,transactional
womens linen sleepwear,2400,729.5999755859375,1,https://us.pigletinbed.com/collections/pajamas,0,1.7899999618530273,transactional
bedding sizes us,4400,712.7999877929688,5,https://us.pigletinbed.com/blogs/the-piglet-journal/us-bedding-sizes-guide,0,0.7599999904632568,transactional
bedroom sheet set,4400,712.7999877929688,5,https://us.pigletinbed.com/collections/all-bedding,0,2.5799999237060547,transactional
linen comforter,4400,712.7999877929688,3,https://us.pigletinbed.com/collections/100-linen-bedding,0,2.7899999618530273,transactional
robes striped,4400,712.7999877929688,3,https://us.pigletinbed.com/collections/robes,0,1.0399999618530273,transactional
what is a standard size pillow case,4400,712.7999877929688,4,https://us.pigletinbed.com/blogs/the-piglet-journal/a-complete-pillowcase-size-guide,0,1.4600000381469727,informational
bed skirts dust ruffles,27100,693.760009765625,9,https://us.pigletinbed.com/collections/bed-skirts,0,0.9700000286102295,transactional
cotton bathroom towels,9900,652.4099731445312,7,https://us.pigletinbed.com/collections/bath-towels,0,1.6399999856948853,transactional
cotton bed,6600,642.1799926757812,6,https://us.pigletinbed.com/collections/cotton-bedding,0,2.059999942779541,transactional
cotton bed set queen,6600,642.1799926757812,4,https://us.pigletinbed.com/collections/cotton-bedding,0,1.0800000429153442,transactional
cotton queen comforter set,6600,642.1799926757812,5,https://us.pigletinbed.com/collections/cotton-bedding,0,1.0800000429153442,transactional
duvet white cover,6600,642.1799926757812,4,https://us.pigletinbed.com/products/white-linen-blend-duvet-cover,0,2.809999942779541,transactional
luxury bed linen sets,6600,642.1799926757812,4,https://us.pigletinbed.com/collections/all-bedding,0,4.760000228881836,transactional
what are pillow sham,6600,642.1799926757812,5,https://us.pigletinbed.com/blogs/the-piglet-journal/the-ultimate-guide-to-pillow-shams,0,2.059999942779541,informational
cotton bedding set king,3600,583.2000122070312,3,https://us.pigletinbed.com/collections/cotton-bedding,0,1.2100000381469727,transactional
duvet cover green,3600,583.2000122070312,3,https://us.pigletinbed.com/products/fern-green-linen-duvet-cover,0,2.690000057220459,transactional
duvet cover with green,3600,583.2000122070312,5,https://us.pigletinbed.com/products/fern-green-linen-duvet-cover,0,2.690000057220459,transactional
duvet set,3600,583.2000122070312,3,https://us.pigletinbed.com/collections/duvet-covers,0,2.759999990463257,transactional
duvet sheet,3600,583.2000122070312,6,https://us.pigletinbed.com/collections/duvet-covers,0,2.759999990463257,transactional
euro sham measurements,3600,583.2000122070312,4,https://us.pigletinbed.com/blogs/the-piglet-journal/the-ultimate-guide-to-pillow-shams,0,3.130000114440918,informational
euro sham sizes,3600,583.2000122070312,5,https://us.pigletinbed.com/blogs/the-piglet-journal/the-ultimate-guide-to-pillow-shams,0,3.130000114440918,informational
flannel bedding set,3600,583.2000122070312,3,https://us.pigletinbed.com/collections/plain-flannel-bedding,0,1.3600000143051147,transactional
flannelette bedding set,3600,583.2000122070312,3,https://us.pigletinbed.com/collections/plain-flannel-bedding,0,1.3600000143051147,transactional
floral fitted sheet,3600,583.2000122070312,4,https://us.pigletinbed.com/collections/floral-cotton-bedding,0,0.800000011920929,transactional
floral sheets for bed,3600,583.2000122070312,4,https://us.pigletinbed.com/collections/floral-cotton-bedding,0,0.800000011920929,informational
greenery duvet cover,3600,583.2000122070312,4,https://us.pigletinbed.com/products/fern-green-linen-duvet-cover,0,2.690000057220459,transactional
king size pillow cases size,3600,583.2000122070312,5,https://us.pigletinbed.com/blogs/the-piglet-journal/a-complete-pillowcase-size-guide,0,2.009999990463257,transactional
organic cotton towel,3600,583.2000122070312,3,https://us.pigletinbed.com/collections/organic-cotton-towels,0,2.990000009536743,transactional
100 cotton bed set king,1900,577.5999755859375,2,https://us.pigletinbed.com/collections/cotton-bedding,0,1.6200000047683716,transactional
100 cotton bedding sets king,1900,577.5999755859375,1,https://us.pigletinbed.com/collections/cotton-bedding,0,1.6200000047683716,transactional
bed skirt linen,1900,577.5999755859375,3,https://us.pigletinbed.com/collections/bed-skirts,0,1.9300000667572021,transactional
cotton bed sheets full,1900,577.5999755859375,2,https://us.pigletinbed.com/collections/cotton-bedding,5,1.1200000047683716,transactional
cotton full bed sheets,1900,577.5999755859375,1,https://us.pigletinbed.com/collections/cotton-bedding,0,1.1200000047683716,transactional
cotton sheets full,1900,577.5999755859375,1,https://us.pigletinbed.com/collections/cotton-bedding,0,1.1200000047683716,transactional
duvet cover duvet insert,1900,577.5999755859375,3,https://us.pigletinbed.com/collections/duvet-covers,0,2.950000047683716,transactional
plaid bed linen,1900,577.5999755859375,2,https://us.pigletinbed.com/collections/plaid-linen-bedding,0,1.2999999523162842,transactional
striped bath towels,1900,577.5999755859375,3,https://us.pigletinbed.com/collections/stripe-towels,0,1.350000023841858,informational
striped bed sheet,1900,577.5999755859375,3,https://us.pigletinbed.com/collections/striped-bedding,0,1.3300000429153442,transactional
striped bed sheets,1900,577.5999755859375,2,https://us.pigletinbed.com/collections/striped-bedding,0,1.3300000429153442,transactional
bed sheet and,12100,567.489990234375,7,https://us.pigletinbed.com/collections/all-bedding,26,4.639999866485596,transactional
bed sheet sets,12100,567.489990234375,7,https://us.pigletinbed.com/collections/linen-bedding,0,4.639999866485596,transactional
fitted bedsheet cotton,8100,533.7899780273438,5,https://us.pigletinbed.com/collections/cotton-fitted-sheets,0,1.2699999809265137,transactional
bed fitted sheets,5400,525.4199829101562,5,https://us.pigletinbed.com/collections/fitted-sheets,0,1.7200000286102295,transactional
blanket bed throws,5400,525.4199829101562,4,https://us.pigletinbed.com/collections/pillow-covers-throws,0,1.7300000190734863,transactional
linen sheets queen,5400,525.4199829101562,3,https://us.pigletinbed.com/collections/linen-bedding,0,3.319999933242798,informational
mattress fitted sheets,5400,525.4199829101562,6,https://us.pigletinbed.com/collections/fitted-sheets,0,1.7200000286102295,transactional
what is bed sham,5400,525.4199829101562,5,https://us.pigletinbed.com/blogs/the-piglet-journal/the-ultimate-guide-to-pillow-shams,0,4.289999961853027,informational
cotton percale fitted sheet,33100,496.5,12,https://us.pigletinbed.com/products/parchment-washed-cotton-percale-fitted-sheet,0,3.5,transactional
wool blanket,33100,496.5,14,https://us.pigletinbed.com/collections/wool-blanket,0,1.2899999618530273,transactional
cotton dressing gowns,1600,486.3999938964844,2,https://us.pigletinbed.com/collections/robes,0,1.0499999523162842,transactional
dressing gown cotton,1600,486.3999938964844,2,https://us.pigletinbed.com/collections/robes,0,1.0499999523162842,transactional
fitted bed sheets deep mattress,1600,486.3999938964844,3,https://us.pigletinbed.com/collections/fitted-sheets,0,3.5899999141693115,transactional
fitted linen sheet,1600,486.3999938964844,2,https://us.pigletinbed.com/collections/linen-fitted-sheets,0,4.420000076293945,transactional
fitted sheets deep mattress,1600,486.3999938964844,3,https://us.pigletinbed.com/collections/fitted-sheets,0,3.5899999141693115,transactional
fitted sheets for thick mattresses,1600,486.3999938964844,4,https://us.pigletinbed.com/collections/fitted-sheets,0,3.5899999141693115,transactional
fitted sheets linen,1600,486.3999938964844,2,https://us.pigletinbed.com/collections/linen-fitted-sheets,0,4.420000076293945,transactional
flannel bed linen,1600,486.3999938964844,2,https://us.pigletinbed.com/collections/plain-flannel-bedding,0,3.0899999141693115,transactional
flannelette bedding,1600,486.3999938964844,3,https://us.pigletinbed.com/collections/plain-flannel-bedding,0,3.0899999141693115,transactional
flat sheets queen,1600,486.3999938964844,2,https://us.pigletinbed.com/collections/flat-sheets,0,0.6499999761581421,transactional
full size bed skirt,1600,486.3999938964844,2,https://us.pigletinbed.com/collections/bed-skirts,0,0.5899999737739563,transactional
linen fitted bed sheet,1600,486.3999938964844,1,https://us.pigletinbed.com/collections/linen-fitted-sheets,0,4.420000076293945,transactional
linen fitted bed sheets,1600,486.3999938964844,1,https://us.pigletinbed.com/collections/linen-fitted-sheets,0,4.420000076293945,transactional
linen fitted sheet,1600,486.3999938964844,1,https://us.pigletinbed.com/collections/linen-fitted-sheets,0,4.420000076293945,transactional
linen fitted sheets,1600,486.3999938964844,2,https://us.pigletinbed.com/collections/linen-fitted-sheets,0,4.420000076293945,transactional
queen bed flat sheet,1600,486.3999938964844,4,https://us.pigletinbed.com/collections/flat-sheets,6,0.6499999761581421,transactional
queen flat sheet,1600,486.3999938964844,2,https://us.pigletinbed.com/collections/flat-sheets,0,0.6499999761581421,transactional
queen pillowcase dimensions,1600,486.3999938964844,4,https://us.pigletinbed.com/blogs/the-piglet-journal/a-complete-pillowcase-size-guide,0,1.7400000095367432,informational
queen pillowcase size,1600,486.3999938964844,4,https://us.pigletinbed.com/blogs/the-piglet-journal/a-complete-pillowcase-size-guide,0,1.7400000095367432,transactional
size of queen pillowcase,1600,486.3999938964844,4,https://us.pigletinbed.com/blogs/the-piglet-journal/a-complete-pillowcase-size-guide,0,1.7400000095367432,informational
size of queen size pillowcase,1600,486.3999938964844,4,https://us.pigletinbed.com/blogs/the-piglet-journal/a-complete-pillowcase-size-guide,0,1.7400000095367432,informational
summer bed linen,1600,486.3999938964844,1,https://us.pigletinbed.com/collections/all-bedding,0,2.509999990463257,transactional
top sheet bed,1600,486.3999938964844,4,https://us.pigletinbed.com/collections/flat-sheets,0,2.8499999046325684,transactional
top sheets for beds,1600,486.3999938964844,4,https://us.pigletinbed.com/collections/flat-sheets,0,2.8499999046325684,transactional
what size is a euro sham,1600,486.3999938964844,2,https://us.pigletinbed.com/blogs/the-piglet-journal/the-ultimate-guide-to-pillow-shams,0,3.759999990463257,informational
what size is euro sham,1600,486.3999938964844,4,https://us.pigletinbed.com/blogs/the-piglet-journal/the-ultimate-guide-to-pillow-shams,0,3.759999990463257,informational
bed sheets,110000,473,24,https://us.pigletinbed.com/collections/linen-bedding,7,2.799999952316284,transactional
cotton duvet,2900,469.79998779296875,4,https://us.pigletinbed.com/collections/cotton-duvet-covers,1,2.190000057220459,transactional
cotton duvets,2900,469.79998779296875,3,https://us.pigletinbed.com/collections/cotton-duvet-covers,0,2.190000057220459,transactional
flat king sheets,2900,469.79998779296875,5,https://us.pigletinbed.com/collections/cotton-flat-sheets,0,0.7400000095367432,transactional
gingham comforter,2900,469.79998779296875,3,https://us.pigletinbed.com/collections/gingham-bedding,0,0.9700000286102295,transactional
green bedding,2900,469.79998779296875,3,https://us.pigletinbed.com/collections/green-linen-bedding,0,1.8899999856948853,transactional
king size flat sheet,2900,469.79998779296875,2,https://us.pigletinbed.com/collections/cotton-flat-sheets,0,0.7400000095367432,transactional
pillowcase cotton,2900,469.79998779296875,6,https://us.pigletinbed.com/collections/cotton-pillowcases,0,1.1299999952316284,transactional
plaid bedroom set,2900,469.79998779296875,4,https://us.pigletinbed.com/collections/plaid-linen-bedding,0,1.1200000047683716,transactional
stripe towels,2900,469.79998779296875,3,https://us.pigletinbed.com/collections/stripe-towels,0,1.2899999618530273,transactional
striped towels,2900,469.79998779296875,2,https://us.pigletinbed.com/collections/stripe-towels,0,1.2899999618530273,informational
towel stripe,2900,469.79998779296875,4,https://us.pigletinbed.com/collections/stripe-towels,0,1.2899999618530273,informational
fitted bottom sheets queen,9900,464.30999755859375,8,https://us.pigletinbed.com/collections/fitted-sheets,0,1.440000057220459,transactional
flat sheet,9900,464.30999755859375,9,https://us.pigletinbed.com/collections/flat-sheets,0,0.949999988079071,transactional
pillow and pillow case,18100,463.3599853515625,10,https://us.pigletinbed.com/collections/pillowcases,0,1.5699999332427979,transactional
cover duvet set,6600,434.94000244140625,5,https://us.pigletinbed.com/collections/duvet-covers,0,2.5299999713897705,transactional
duvet bed cover set,6600,434.94000244140625,6,https://us.pigletinbed.com/collections/duvet-covers,0,2.5299999713897705,transactional
queen size flat sheet,4400,428.1199951171875,5,https://us.pigletinbed.com/collections/flat-sheets,0,0.6800000071525574,transactional
striped robe,4400,428.1199951171875,4,https://us.pigletinbed.com/collections/robes,0,1.0399999618530273,transactional
bed skirting,27100,406.5,12,https://us.pigletinbed.com/collections/bed-skirts,0,0.9700000286102295,transactional
bed cover and sheets,1300,395.20001220703125,2,https://us.pigletinbed.com/collections/all-bedding,0,1.5099999904632568,transactional
bed pillowcase,1300,395.20001220703125,6,https://us.pigletinbed.com/collections/pillowcases,6,1.6700000762939453,transactional
bed sheets and covers,1300,395.20001220703125,3,https://us.pigletinbed.com/collections/all-bedding,0,1.5099999904632568,transactional
bed skirt cotton,1300,395.20001220703125,2,https://us.pigletinbed.com/collections/bed-skirts,0,0.6499999761581421,transactional
bed skirts cotton,1300,395.20001220703125,3,https://us.pigletinbed.com/collections/bed-skirts,0,0.6499999761581421,transactional
bedding burnt orange,1300,395.20001220703125,2,https://us.pigletinbed.com/collections/burnt-orange-bedding,0,1.2599999904632568,transactional
bedding set yellow,1300,395.20001220703125,2,https://us.pigletinbed.com/collections/all-yellow-bedding,0,0.5600000023841858,transactional
bedding where to buy,1300,395.20001220703125,4,https://us.pigletinbed.com/collections/all-bedding,8,2.3299999237060547,transactional
bedskirt cotton,1300,395.20001220703125,2,https://us.pigletinbed.com/collections/bed-skirts,0,0.6499999761581421,transactional
blue stripe duvet covers,1300,395.20001220703125,2,https://us.pigletinbed.com/products/pale-blue-favorite-shirt-stripe-cotton-duvet-cover,0,1.8799999952316284,transactional
blue striped duvet cover,1300,395.20001220703125,3,https://us.pigletinbed.com/products/pale-blue-favorite-shirt-stripe-cotton-duvet-cover,0,1.8799999952316284,transactional
blue striped sheets,1300,395.20001220703125,3,https://us.pigletinbed.com/collections/striped-bedding,0,1.3799999952316284,transactional
burnt orange bed linen,1300,395.20001220703125,2,https://us.pigletinbed.com/collections/burnt-orange-bedding,0,1.2599999904632568,transactional
burnt orange bedspread,1300,395.20001220703125,5,https://us.pigletinbed.com/collections/burnt-orange-bedding,0,1.2599999904632568,transactional
children's cotton bed linen,1300,395.20001220703125,2,https://us.pigletinbed.com/collections/kids-bedding,0,1.190000057220459,informational
childrens bedding cotton,1300,395.20001220703125,2,https://us.pigletinbed.com/collections/kids-bedding,0,1.190000057220459,transactional
cotton bed linen,1300,395.20001220703125,2,https://us.pigletinbed.com/collections/cotton-bedding,4,1.9700000286102295,transactional
cotton bed linens,1300,395.20001220703125,1,https://us.pigletinbed.com/collections/cotton-bedding,0,1.9700000286102295,transactional
cotton bed skirt,1300,395.20001220703125,2,https://us.pigletinbed.com/collections/bed-skirts,0,0.6499999761581421,transactional
cotton bed skirts,1300,395.20001220703125,3,https://us.pigletinbed.com/collections/bed-skirts,0,0.6499999761581421,transactional
cotton king bedding sets,1300,395.20001220703125,2,https://us.pigletinbed.com/collections/cotton-bedding,0,1.0099999904632568,transactional
floral bed sheets cotton,1300,395.20001220703125,2,https://us.pigletinbed.com/collections/floral-cotton-bedding,0,1.090000033378601,transactional
floral cotton bed sheets,1300,395.20001220703125,2,https://us.pigletinbed.com/collections/floral-cotton-bedding,0,1.090000033378601,transactional
floral cotton sheets,1300,395.20001220703125,4,https://us.pigletinbed.com/collections/floral-cotton-bedding,0,0.949999988079071,transactional
gathered bed skirt,1300,395.20001220703125,3,https://us.pigletinbed.com/collections/bed-skirts,0,1.7699999809265137,transactional
green gingham bed sheets,1300,395.20001220703125,5,https://us.pigletinbed.com/collections/botanical-green-gingham-bedding,0,1.75,transactional
green gingham bedding set,1300,395.20001220703125,2,https://us.pigletinbed.com/collections/sage-green-gingham,0,1.75,transactional
green gingham bedding sets,1300,395.20001220703125,2,https://us.pigletinbed.com/collections/botanical-green-gingham-bedding,0,1.75,transactional
green gingham fitted sheet,1300,395.20001220703125,2,https://us.pigletinbed.com/products/botanical-green-gingham-100-linen-fitted-sheet,0,1.75,transactional
green gingham sheets,1300,395.20001220703125,3,https://us.pigletinbed.com/collections/botanical-green-gingham-bedding,0,1.75,transactional
king flat sheets,1300,395.20001220703125,2,https://us.pigletinbed.com/collections/cotton-flat-sheets,0,1.2999999523162842,transactional
king linen sheet,1300,395.20001220703125,2,https://us.pigletinbed.com/collections/linen-bedding,0,3.759999990463257,transactional
king linen sheets,1300,395.20001220703125,2,https://us.pigletinbed.com/collections/linen-bedding,0,3.759999990463257,transactional
king sheets linen,1300,395.20001220703125,4,https://us.pigletinbed.com/collections/linen-bedding,0,3.759999990463257,transactional
linen bedsheets,1300,395.20001220703125,1,https://us.pigletinbed.com/collections/linen-bedding,3,4.760000228881836,transactional
linen pajama set,1300,395.20001220703125,2,https://us.pigletinbed.com/collections/pajamas,0,1.1200000047683716,transactional
linen pajamas set,1300,395.20001220703125,2,https://us.pigletinbed.com/collections/pajamas,0,1.1200000047683716,transactional
linen pillowcases,1300,395.20001220703125,1,https://us.pigletinbed.com/collections/pillowcases,0,2.5,transactional
linen pj set,1300,395.20001220703125,2,https://us.pigletinbed.com/collections/pajamas,0,1.1200000047683716,transactional
linen pj sets,1300,395.20001220703125,2,https://us.pigletinbed.com/collections/pajamas,0,1.1200000047683716,transactional
linen pyjama set,1300,395.20001220703125,1,https://us.pigletinbed.com/collections/pajamas,0,1.1200000047683716,transactional
stripe duvet,1300,395.20001220703125,5,https://us.pigletinbed.com/collections/striped-bedding,0,2.009999990463257,transactional
striped bath robe,1300,395.20001220703125,2,https://us.pigletinbed.com/products/sandstone-red-pembroke-stripe-cotton-robe,0,1.5099999904632568,transactional
striped blue sheets,1300,395.20001220703125,6,https://us.pigletinbed.com/products/coastal-blue-pembroke-stripe-linen-fitted-sheet,0,1.3799999952316284,transactional
striped duvet,1300,395.20001220703125,2,https://us.pigletinbed.com/collections/striped-bedding,0,2.009999990463257,transactional
striped sheets blue,1300,395.20001220703125,3,https://us.pigletinbed.com/products/coastal-blue-pembroke-stripe-linen-fitted-sheet,0,1.3799999952316284,transactional
bed bath sheet,2400,388.79998779296875,4,https://us.pigletinbed.com/collections/bath-sheets,0,1.4800000190734863,transactional
bed bath sheets,2400,388.79998779296875,3,https://us.pigletinbed.com/collections/bath-sheets,0,1.4800000190734863,transactional
cotton duvets covers,2400,388.79998779296875,3,https://us.pigletinbed.com/collections/cotton-duvet-covers,0,1.6200000047683716,transactional
cotton full size sheets,2400,388.79998779296875,3,https://us.pigletinbed.com/collections/cotton-bedding,0,0.8199999928474426,transactional
cushions bed,2400,388.79998779296875,4,https://us.pigletinbed.com/collections/cushions,0,0.8899999856948853,transactional
duvet cover cotton,2400,388.79998779296875,4,https://us.pigletinbed.com/collections/cotton-duvet-covers,0,1.6200000047683716,transactional
duvet cover sets queen,2400,388.79998779296875,3,https://us.pigletinbed.com/collections/duvet-covers,4,1.9300000667572021,transactional
floral bedding set,2400,388.79998779296875,3,https://us.pigletinbed.com/collections/floral-bedding,0,0.7099999785423279,transactional
percale cotton duvet cover,2400,388.79998779296875,3,https://us.pigletinbed.com/collections/cotton-duvet-covers,0,3.3499999046325684,transactional
percale cotton duvet covers,2400,388.79998779296875,3,https://us.pigletinbed.com/collections/cotton-duvet-covers,0,3.3499999046325684,transactional
plaid bed comforter,2400,388.79998779296875,5,https://us.pigletinbed.com/collections/plaid-linen-bedding,0,1.0299999713897705,transactional
plaid bedding sets,2400,388.79998779296875,3,https://us.pigletinbed.com/collections/plaid-linen-bedding,0,1.0299999713897705,transactional
plaid bedspread,2400,388.79998779296875,6,https://us.pigletinbed.com/collections/plaid-linen-bedding,0,1.0299999713897705,transactional
purple bed linens,2400,388.79998779296875,5,https://us.pigletinbed.com/collections/elderberry-linen-bedding,0,1.0099999904632568,transactional
queen bed covers,2400,388.79998779296875,3,https://us.pigletinbed.com/collections/duvet-covers,0,1.159999966621399,transactional
queen bed linen sheets,2400,388.79998779296875,4,https://us.pigletinbed.com/collections/linen-bedding,0,2.3600001335144043,transactional
bed linen,8100,379.8900146484375,10,https://us.pigletinbed.com/collections/linen-fitted-sheets,1,5.46999979019165,transactional
pillow cases,18100,356.57000732421875,13,https://us.pigletinbed.com/collections/pillowcases,0,1.5699999332427979,transactional
bed blanket throw,5400,355.8599853515625,5,https://us.pigletinbed.com/collections/blankets-and-throws,4,1.7300000190734863,transactional
pajamas with shorts for women,5400,355.8599853515625,7,https://us.pigletinbed.com/collections/womens-linen-pajama-shorts-set,0,1.2100000381469727,transactional
bed linen store,3600,350.2799987792969,6,https://us.pigletinbed.com/,0,2.490000009536743,navigational
comforters duvet,3600,350.2799987792969,6,https://us.pigletinbed.com/collections/duvet-covers,0,3.059999942779541,transactional
cotton towels organic,3600,350.2799987792969,4,https://us.pigletinbed.com/collections/organic-cotton-towels,0,2.990000009536743,transactional
euro shams size,3600,350.2799987792969,7,https://us.pigletinbed.com/blogs/the-piglet-journal/the-ultimate-guide-to-pillow-shams,0,3.130000114440918,informational
green cover duvet,3600,350.2799987792969,4,https://us.pigletinbed.com/products/fern-green-linen-duvet-cover,0,2.690000057220459,transactional
organic cotton comforter cover,3600,350.2799987792969,4,https://us.pigletinbed.com/collections/duvet-covers,0,4.239999771118164,transactional
cotton queen bed sheets,6600,309.5400085449219,7,https://us.pigletinbed.com/collections/cotton-bedding,0,1.0800000429153442,transactional
what is pillow shams,6600,309.5400085449219,9,https://us.pigletinbed.com/blogs/the-piglet-journal/the-ultimate-guide-to-pillow-shams,0,2.059999942779541,informational
bed duvet covers,1900,307.79998779296875,2,https://us.pigletinbed.com/collections/duvet-covers,0,3.190000057220459,transactional
cotton top sheets,1900,307.79998779296875,6,https://us.pigletinbed.com/collections/flat-sheets,0,2.559999942779541,transactional
duvet blankets,1900,307.79998779296875,4,https://us.pigletinbed.com/collections/duvet-covers,0,2.109999895095825,transactional
duvet cover plaid,1900,307.79998779296875,3,https://us.pigletinbed.com/collections/plaid-linen-bedding,0,1.6399999856948853,transactional
duvet covers bedding,1900,307.79998779296875,2,https://us.pigletinbed.com/collections/duvet-covers,0,3.190000057220459,transactional
duvet covers plaid,1900,307.79998779296875,3,https://us.pigletinbed.com/collections/plaid-linen-bedding,0,1.6399999856948853,transactional
duvet for blanket,1900,307.79998779296875,7,https://us.pigletinbed.com/collections/duvet-covers,0,2.109999895095825,transactional
full fitted bed sheets,1900,307.79998779296875,5,https://us.pigletinbed.com/collections/fitted-sheets,0,1.0499999523162842,transactional
green bed sheets,1900,307.79998779296875,3,https://us.pigletinbed.com/collections/green-linen-bedding,0,1.25,transactional
plaid bedding,1900,307.79998779296875,3,https://us.pigletinbed.com/collections/plaid-linen-bedding,0,1.2999999523162842,transactional
plaid comforter covers,1900,307.79998779296875,2,https://us.pigletinbed.com/collections/plaid-linen-bedding,0,1.6399999856948853,transactional
plaid duvet cover,1900,307.79998779296875,3,https://us.pigletinbed.com/collections/plaid-linen-bedding,0,1.6399999856948853,transactional
plaid duvet covers,1900,307.79998779296875,4,https://us.pigletinbed.com/collections/plaid-linen-bedding,0,1.6399999856948853,transactional
robe linen,1900,307.79998779296875,3,https://us.pigletinbed.com/collections/robes,0,1.6600000858306885,transactional
bath towels organic,1000,304,2,https://us.pigletinbed.com/collections/organic-cotton-towels,0,3.880000114440918,transactional
bed clothing,1000,304,3,https://us.pigletinbed.com/,6,2.2100000381469727,transactional
bed linen orange,1000,304,2,https://us.pigletinbed.com/collections/burnt-orange-bedding,0,1.3700000047683716,transactional
bed sheets deep fitted,1000,304,3,https://us.pigletinbed.com/collections/fitted-sheets,0,3.190000057220459,transactional
bed skirt white,1000,304,4,https://us.pigletinbed.com/collections/bed-skirts,0,1.3199999332427979,transactional
bed skirts white,1000,304,5,https://us.pigletinbed.com/collections/bed-skirts,0,1.3199999332427979,transactional
children's queen bedding,1000,304,2,https://us.pigletinbed.com/collections/kids,0,1.8600000143051147,transactional
childrens bed linen sets,1000,304,2,https://us.pigletinbed.com/collections/kids,0,1.5199999809265137,transactional
childrens bed set,1000,304,2,https://us.pigletinbed.com/collections/kids,0,1.2799999713897705,transactional
childrens bedroom linen sets,1000,304,1,https://us.pigletinbed.com/collections/kids,0,1.5199999809265137,transactional
cotton full sheet set,1000,304,3,https://us.pigletinbed.com/collections/cotton-bedding,0,0.8500000238418579,transactional
cotton sheet set full,1000,304,2,https://us.pigletinbed.com/collections/cotton-bedding,0,0.8500000238418579,transactional
cotton striped sheets,1000,304,2,https://us.pigletinbed.com/collections/striped-bedding,0,1.3300000429153442,transactional
dark green duvet cover,1000,304,2,https://us.pigletinbed.com/products/fern-green-linen-duvet-cover,0,2.5,transactional
deep fitted bed sheet,1000,304,2,https://us.pigletinbed.com/collections/fitted-sheets,0,3.190000057220459,transactional
deep fitted bed sheets,1000,304,3,https://us.pigletinbed.com/collections/fitted-sheets,0,3.190000057220459,transactional
deepest fitted sheets,1000,304,4,https://us.pigletinbed.com/collections/fitted-sheets,0,3.190000057220459,transactional
floral sheets queen,1000,304,4,https://us.pigletinbed.com/collections/floral-cotton-bedding,0,1.159999966621399,transactional
flower sheet set,1000,304,4,https://us.pigletinbed.com/collections/floral-cotton-bedding,0,1.5399999618530273,transactional
gingham pajamas,1000,304,2,https://us.pigletinbed.com/collections/gingham-pajamas,0,1.0099999904632568,transactional
green striped sheets,1000,304,3,https://us.pigletinbed.com/collections/pine-green-pembroke-stripe-linen-bedding,0,1.4500000476837158,transactional
king bedding floral,1000,304,2,https://us.pigletinbed.com/collections/floral-bedding,0,0.8399999737739563,transactional
linen pajamas for men,1000,304,1,https://us.pigletinbed.com/collections/mens-pajamas,0,1.899999976158142,transactional
linen pajamas men,1000,304,1,https://us.pigletinbed.com/collections/mens,0,1.899999976158142,transactional
linen pajamas men's,1000,304,1,https://us.pigletinbed.com/collections/mens-pajamas,0,1.899999976158142,informational
linen pyjamas men,1000,304,1,https://us.pigletinbed.com/collections/mens-pajamas,0,1.899999976158142,transactional
men's linen pajamas,1000,304,1,https://us.pigletinbed.com/collections/mens-pajamas,0,1.899999976158142,informational
men's linen pyjamas,1000,304,1,https://us.pigletinbed.com/collections/mens-pajamas,0,1.899999976158142,informational
mens linen pyjamas,1000,304,1,https://us.pigletinbed.com/collections/mens-pajamas,0,1.899999976158142,transactional
orange bed linen,1000,304,6,https://us.pigletinbed.com/collections/burnt-orange-bedding,0,1.3700000047683716,transactional
orange bed linens,1000,304,2,https://us.pigletinbed.com/collections/burnt-orange-bedding,0,1.3700000047683716,transactional
queen floral bed sheets,1000,304,2,https://us.pigletinbed.com/collections/floral-cotton-bedding,0,1.159999966621399,transactional
sheets deep fitted,1000,304,3,https://us.pigletinbed.com/collections/fitted-sheets,0,3.190000057220459,transactional
standard pillow case size,1000,304,4,https://us.pigletinbed.com/blogs/the-piglet-journal/a-complete-pillowcase-size-guide,0,0.6499999761581421,informational
standard pillowcase measurements,1000,304,5,https://us.pigletinbed.com/blogs/the-piglet-journal/a-complete-pillowcase-size-guide,0,1.3199999332427979,informational
standard size of pillow cases,1000,304,2,https://us.pigletinbed.com/blogs/the-piglet-journal/a-complete-pillowcase-size-guide,0,1.3199999332427979,informational
standard size pillow case,1000,304,5,https://us.pigletinbed.com/blogs/the-piglet-journal/a-complete-pillowcase-size-guide,0,1.3199999332427979,transactional
striped cotton sheets,1000,304,2,https://us.pigletinbed.com/collections/striped-bedding,0,1.3300000429153442,transactional
twin pillow case size,1000,304,4,https://us.pigletinbed.com/blogs/the-piglet-journal/a-complete-pillowcase-size-guide,0,0.9800000190734863,transactional
white bed skirt,1000,304,3,https://us.pigletinbed.com/collections/bed-skirts,0,1.3199999332427979,transactional
