Target Hero Keyword,Hero Volume,Page Type,Current / New Page,SC Current Position,Winnability,Realistic Traffic /mo,Plan Status,Page to Beat,Page to Beat Rank
sheets for cooling,33100,Existing,https://sundaycitizen.co/collections/cooling-edit-bedding,,medium,1490,Whitespace — plan new page,,none of the 5 rank top 7
how to folding bed sheets,33100,New,https://sundaycitizen.co/pages/sheets-size-guide,,medium,1490,Whitespace — plan new page,,none of the 5 rank top 7
cooling bedding sets,33100,Existing,https://sundaycitizen.co/collections/cooling-edit-bedding-1,,medium,1490,Whitespace — plan new page,,none of the 5 rank top 7
comforter set cotton,33100,New,https://sundaycitizen.co/collections/cotton-comforter,,medium,1490,Beat competitor,https://us.pigletinbed.com/collections/cotton-bedding,#3 us.pigletinbed.com (for 'comforter set cotton')
cotton bedspread sets,33100,New,https://sundaycitizen.co/collections/cotton-bedspread,,medium,1490,Beat competitor,https://us.pigletinbed.com/collections/cotton-bedding,#5 us.pigletinbed.com (for 'cotton bedspread sets')
throw blankets dimensions,12100,New,https://sundaycitizen.co/pages/throw-size-guide,,high,1452,Beat competitor,https://parachutehome.com/blogs/posts/throw-blanket-size-guide,#5 parachutehome.com (for 'how big are throw blankets')
silk sheets bed,27100,New,https://sundaycitizen.co/collections/silk-sheets,,medium,1220,Whitespace — plan new page,,none of the 5 rank top 7
pillows with cooling,27100,New,https://sundaycitizen.co/collections/cooling-pillow,,medium,1220,Whitespace — plan new page,,none of the 5 rank top 7
lyocell,27100,New,https://sundaycitizen.co/collections/lyocell-collection,,medium,1220,Whitespace — plan new page,,none of the 5 rank top 7
cooling towels,27100,New,https://sundaycitizen.co/collections/cooling-towel,,medium,1220,Whitespace — plan new page,,none of the 5 rank top 7
lumbar pillow,22200,Existing,https://sundaycitizen.co/collections/throw-pillows,,medium,999,Whitespace — plan new page,,none of the 5 rank top 7
pillow shams,22200,Existing,https://sundaycitizen.co/collections/shams,,medium,999,Whitespace — plan new page,,none of the 5 rank top 7
king size pillows,22200,New,https://sundaycitizen.co/collections/king-pillow,,medium,999,Whitespace — plan new page,,none of the 5 rank top 7
full size bedding,110000,New,https://sundaycitizen.co/collections/full-bedding,,low,990,Beat competitor,https://www.potterybarn.com/shop/bedding/,#2 potterybarn.com (for 'full size bedding')
sateen,8100,New,https://sundaycitizen.co/collections/sateen-collection,,high,972,Beat competitor,https://www.brooklinen.com/collections/luxe-sateen-sheets,#2 brooklinen.com (for 'cotton sateen bed set')
cotton pillowcases,8100,New,https://sundaycitizen.co/collections/cotton-pillowcase,,high,972,Beat competitor,https://us.pigletinbed.com/collections/cotton-pillowcases,#1 us.pigletinbed.com (for 'cotton pillowcase')
organic bed sheet,8100,New,https://sundaycitizen.co/collections/organic-sheets,,high,972,Whitespace — plan new page,,none of the 5 rank top 7
sheets for cal king bed,18100,New,https://sundaycitizen.co/collections/california-king-sheets,,medium,814,Whitespace — plan new page,,none of the 5 rank top 7
silk robe,18100,New,https://sundaycitizen.co/collections/silk-robe,,medium,814,Whitespace — plan new page,,none of the 5 rank top 7
cotton blanket,18100,New,https://sundaycitizen.co/collections/cotton-blanket,,medium,814,Whitespace — plan new page,,none of the 5 rank top 7
luxury bedding sheets,6600,New,https://sundaycitizen.co/collections/luxury-sheets,,high,792,Whitespace — plan new page,,none of the 5 rank top 7
split king sheets,6600,New,https://sundaycitizen.co/collections/split-king-sheets,,high,792,Beat competitor,https://www.brooklinen.com/products/luxe-split-king-sheet-set,#5 brooklinen.com (for 'split king sheets')
luxury bedspread sets,6600,New,https://sundaycitizen.co/collections/luxury-bedspread,,high,792,Beat competitor,https://latestbedding.com/collections/comforter-sets,#1 latestbedding.com (for 'luxury bedspread sets')
egyptian cotton towels,14800,New,https://sundaycitizen.co/collections/cotton-towel,,medium,666,Whitespace — plan new page,,none of the 5 rank top 7
duvet covers queen,14800,New,https://sundaycitizen.co/collections/queen-duvet-cover,,medium,666,Beat competitor,https://www.potterybarn.com/shop/bedding/whites+duvet-covers-shams/sku-color-group-m-color-ff0018fe5f5f-1/,#4 potterybarn.com (for 'white queen duvet cover')
how to.put on a duvet cover,14800,New,https://sundaycitizen.co/pages/duvet-cover-size-guide,,medium,666,Whitespace — plan new page,,none of the 5 rank top 7
deep pocket sheets,14800,New,https://sundaycitizen.co/collections/deep-pocket-sheets,,medium,666,Whitespace — plan new page,,none of the 5 rank top 7
bamboo pillow,14800,New,https://sundaycitizen.co/collections/bamboo-pillow,,medium,666,Whitespace — plan new page,,none of the 5 rank top 7
how to put duvet inside cover,14800,New,https://sundaycitizen.co/pages/duvet-size-guide,,medium,666,Beat competitor,https://parachutehome.com/pages/size-guide-linen-duvet-cover,#6 parachutehome.com (for 'queen duvet size')
deep pocket bedding set,14800,New,https://sundaycitizen.co/collections/deep-pocket-bedding,,medium,666,Whitespace — plan new page,,none of the 5 rank top 7
waffle robe,5400,New,https://sundaycitizen.co/collections/waffle-robe,,high,648,Beat competitor,https://www.brooklinen.com/products/waffle-robe,#2 brooklinen.com (for 'waffle robe')
modal pajamas,5400,New,https://sundaycitizen.co/collections/modal-loungewear,,high,648,Whitespace — plan new page,,none of the 5 rank top 7
waffle towels,5400,New,https://sundaycitizen.co/collections/waffle-towel,,high,648,Beat competitor,https://www.brooklinen.com/collections/waffle-towels,#2 brooklinen.com (for 'waffle towels')
bathrobes waffle,5400,New,https://sundaycitizen.co/collections/waffle-bath-robe,,high,648,Beat competitor,https://parachutehome.com/products/waffle-robe-white,#5 parachutehome.com (for 'bathrobes waffle')
cotton sateen bedding sets,5400,New,https://sundaycitizen.co/collections/sateen-bedding,,high,648,Beat competitor,https://parachutehome.com/collections/sateen-bedding,#1 parachutehome.com (for 'cotton sateen bedding sets')
pajamas with shorts for women,5400,Existing,https://sundaycitizen.co/collections/loungewear,,high,648,Beat competitor,https://us.pigletinbed.com/collections/gingham-pajamas,#2 us.pigletinbed.com (for 'gingham pajamas')
luxury pillows,5400,New,https://sundaycitizen.co/collections/luxury-pillow,,high,648,Whitespace — plan new page,,none of the 5 rank top 7
bath rugs cotton,12100,New,https://sundaycitizen.co/collections/cotton-rug,,medium,544,Beat competitor,https://parachutehome.com/collections/rugs-and-mats,#3 parachutehome.com (for 'bathroom cotton rug')
twin xl comforter,12100,New,https://sundaycitizen.co/collections/twin-xl-comforter,,medium,544,Whitespace — plan new page,,none of the 5 rank top 7
bedding sets twin xl,12100,New,https://sundaycitizen.co/collections/twin-xl-bedding,,medium,544,Whitespace — plan new page,,none of the 5 rank top 7
bed sheet twin xl,12100,New,https://sundaycitizen.co/collections/twin-xl-sheets,,medium,544,Whitespace — plan new page,,none of the 5 rank top 7
bamboo comforter,4400,Existing,https://sundaycitizen.co/collections/premium-bamboo-comforters-duvets,,high,528,Whitespace — plan new page,,none of the 5 rank top 7
blankets and linen,4400,New,https://sundaycitizen.co/collections/linen-blanket,,high,528,Beat competitor,https://www.brooklinen.com/collections/quilts-bed-blankets,#5 brooklinen.com (for 'blanket and linen')
comforters linen,4400,New,https://sundaycitizen.co/collections/linen-comforter,,high,528,Beat competitor,https://www.brooklinen.com/collections/comforters,#6 brooklinen.com (for 'comforter linen')
cotton coverlet,4400,New,https://sundaycitizen.co/collections/cotton-coverlet,,high,528,Whitespace — plan new page,,none of the 5 rank top 7
best organic bedding,4400,New,https://sundaycitizen.co/collections/organic-bedding,,high,528,Beat competitor,https://www.brooklinen.com/collections/organic-sheets,#7 brooklinen.com (for 'best organic bedding')
hotel sheets,4400,New,https://sundaycitizen.co/collections/hotel-sheets,,high,528,Whitespace — plan new page,,none of the 5 rank top 7
cotton robes for women,9900,New,https://sundaycitizen.co/collections/cotton-robe,,medium,446,Whitespace — plan new page,,none of the 5 rank top 7
twin blankets,9900,New,https://sundaycitizen.co/collections/twin-blanket,,medium,446,Beat competitor,https://parachutehome.com/blogs/posts/twin-blanket-size-parachute-home,#4 parachutehome.com (for 'what is the size of a twin bed blanket')
rug size for queen bed,9900,New,https://sundaycitizen.co/collections/queen-rug,,medium,446,Whitespace — plan new page,,none of the 5 rank top 7
linen tea towels,9900,New,https://sundaycitizen.co/collections/linen-towel,,medium,446,Beat competitor,https://www.brooklinen.com/collections/waffle-towels,#7 brooklinen.com (for 'linen waffle towel')
linen pajamas,3600,New,https://sundaycitizen.co/collections/linen-loungewear,,high,432,Beat competitor,https://us.pigletinbed.com/collections/pajamas,#1 us.pigletinbed.com (for 'linen pajamas')
euro shams size,3600,New,https://sundaycitizen.co/pages/sham-size-guide,,high,432,Beat competitor,https://us.pigletinbed.com/blogs/the-piglet-journal/the-ultimate-guide-to-pillow-shams,#4 us.pigletinbed.com (for 'euro sham measurements')
organic cotton duvet covers,3600,New,https://sundaycitizen.co/collections/organic-cotton-duvet-cover,,high,432,Beat competitor,https://www.brooklinen.com/products/organic-duvet-cover,#4 brooklinen.com (for '100 organic cotton duvet covers')
bamboo towels paper,3600,New,https://sundaycitizen.co/collections/bamboo-towel,,high,432,Whitespace — plan new page,,none of the 5 rank top 7
organic cotton towel,3600,New,https://sundaycitizen.co/collections/organic-cotton-towel,,high,432,Beat competitor,https://us.pigletinbed.com/collections/organic-cotton-towels,#3 us.pigletinbed.com (for 'organic cotton towel')
organic cotton pillows,3600,New,https://sundaycitizen.co/collections/organic-cotton-pillow,,high,432,Whitespace — plan new page,,none of the 5 rank top 7
organic cotton blanket,3600,New,https://sundaycitizen.co/collections/organic-cotton-blanket,,high,432,Whitespace — plan new page,,none of the 5 rank top 7
what is split king bedding,3600,New,https://sundaycitizen.co/collections/split-king-bedding,,high,432,Whitespace — plan new page,,none of the 5 rank top 7
set comforter queen,40500,New,https://sundaycitizen.co/collections/queen-comforter,,low,364,Beat competitor,https://latestbedding.com/collections/comforter-sets,#1 latestbedding.com (for 'queen comforter sets')
queen comforter set with sheets,40500,New,https://sundaycitizen.co/collections/queen-sheets,,low,364,Beat competitor,https://latestbedding.com/collections/comforter-sets,#3 latestbedding.com (for 'queen bedding set with sheets')
tencel sheets,8100,Existing,https://sundaycitizen.co/collections/silky-lyocell-sheets,,medium,364,Whitespace — plan new page,,none of the 5 rank top 7
cotton material for quilts,8100,New,https://sundaycitizen.co/collections/cotton-quilt,,medium,364,Whitespace — plan new page,,none of the 5 rank top 7
queen blanket sets,40500,New,https://sundaycitizen.co/collections/queen-blanket,,low,364,Beat competitor,https://latestbedding.com/collections/comforter-sets,#2 latestbedding.com (for 'blanket set for queen')
throw blankets oversized,8100,New,https://sundaycitizen.co/collections/oversized-throw,,medium,364,Whitespace — plan new page,,none of the 5 rank top 7
bedspread sets queen,40500,New,https://sundaycitizen.co/collections/queen-bedspread,,low,364,Beat competitor,https://latestbedding.com/collections/red-bedding,#4 latestbedding.com (for 'queen bedspread red')
queen size quilts,8100,New,https://sundaycitizen.co/collections/queen-quilt,,medium,364,Beat competitor,https://www.potterybarn.com/shop/bedding/queen+quilts-shams/beddingsize-m-size-ff000c13-1/,#4 potterybarn.com (for 'queen size quilt')
tencel bedding sets,8100,New,https://sundaycitizen.co/collections/lyocell-bedding,,medium,364,Whitespace — plan new page,,none of the 5 rank top 7
breathable bedding set,8100,New,https://sundaycitizen.co/collections/breathable-bedding,,medium,364,Beat competitor,https://www.brooklinen.com/pages/cooling,#6 brooklinen.com (for 'breathable bedding for hot sleepers')
quilted blankets,8100,New,https://sundaycitizen.co/collections/quilted-blanket,,medium,364,Beat competitor,https://www.brooklinen.com/collections/quilts-bed-blankets,#4 brooklinen.com (for 'blanket quilted')
luxury throw blankets,2900,New,https://sundaycitizen.co/collections/luxury-throw,,high,348,Whitespace — plan new page,,none of the 5 rank top 7
towel stripe,2900,New,https://sundaycitizen.co/collections/striped-towel,,high,348,Beat competitor,https://us.pigletinbed.com/collections/stripe-towels,#2 us.pigletinbed.com (for 'striped towels')
quilt velvet,2900,New,https://sundaycitizen.co/collections/velvet-quilt,,high,348,Beat competitor,https://www.potterybarn.com/shop/bedding/king+velvet-bedding-shop/beddingsize-m-size-ff000b12-1/,#7 potterybarn.com (for 'velvet king quilt')
linen quilts,2900,New,https://sundaycitizen.co/collections/linen-quilt,,high,348,Beat competitor,https://www.brooklinen.com/collections/quilts-bed-blankets,#5 brooklinen.com (for 'linen quilts')
cotton pillow shams,2900,New,https://sundaycitizen.co/collections/cotton-sham,,high,348,Whitespace — plan new page,,none of the 5 rank top 7
luxury robes for women,2900,New,https://sundaycitizen.co/collections/luxury-robe,,high,348,Whitespace — plan new page,,none of the 5 rank top 7
silk blanket,2900,New,https://sundaycitizen.co/collections/silk-blanket,,high,348,Whitespace — plan new page,,none of the 5 rank top 7
embroidered towels,2900,New,https://sundaycitizen.co/collections/embroidered-towel,,high,348,Whitespace — plan new page,,none of the 5 rank top 7
sateen sheets,6600,New,https://sundaycitizen.co/collections/sateen-sheets,,medium,297,Beat competitor,https://www.brooklinen.com/collections/luxe-sateen-sheets,#2 brooklinen.com (for 'sateen sheet')
weighted blanket cooling,6600,New,https://sundaycitizen.co/collections/cooling-weighted-blanket,,medium,297,Whitespace — plan new page,,none of the 5 rank top 7
cotton bathrobes,6600,New,https://sundaycitizen.co/collections/cotton-bath-robe,,medium,297,Beat competitor,https://www.brooklinen.com/products/super-plush-robe,#6 brooklinen.com (for 'cotton bathrobes')
pillow cotton cover,6600,Existing,https://sundaycitizen.co/collections/cotton-pillows,,medium,297,Whitespace — plan new page,,none of the 5 rank top 7
striped duvet cover,6600,New,https://sundaycitizen.co/collections/striped-duvet-cover,,medium,297,Beat competitor,https://us.pigletinbed.com/collections/striped-bedding,#3 us.pigletinbed.com (for 'striped duvet cover')
king size pillowcases,6600,New,https://sundaycitizen.co/collections/king-pillowcase,,medium,297,Beat competitor,https://us.pigletinbed.com/blogs/the-piglet-journal/a-complete-pillowcase-size-guide,#3 us.pigletinbed.com (for 'king pillowcase size')
twin z pillow,6600,New,https://sundaycitizen.co/collections/twin-pillow,,medium,297,Whitespace — plan new page,,none of the 5 rank top 7
bamboo cooling blanket,6600,New,https://sundaycitizen.co/collections/bamboo-blanket,,medium,297,Whitespace — plan new page,,none of the 5 rank top 7
linen duvet,2400,New,https://sundaycitizen.co/collections/linen-duvet,,high,288,Beat competitor,https://us.pigletinbed.com/collections/duvet-covers,#2 us.pigletinbed.com (for 'linen duvet')
duvet covers bamboo,2400,New,https://sundaycitizen.co/collections/bamboo-duvet-cover,,high,288,Whitespace — plan new page,,none of the 5 rank top 7
silk rugs,2400,New,https://sundaycitizen.co/collections/silk-rug,,high,288,Whitespace — plan new page,,none of the 5 rank top 7
decorative pillow sizes,2400,New,https://sundaycitizen.co/pages/throw-pillow-size-guide,,high,288,Whitespace — plan new page,,none of the 5 rank top 7
fur faux throw,27100,Existing,https://sundaycitizen.co/collections/faux-fur,,low,244,Beat competitor,https://www.potterybarn.com/shop/accessories-decor/faux-fur-throws/,#3 potterybarn.com (for 'faux fur throws')
oversized blanket hoodie,5400,New,https://sundaycitizen.co/collections/oversized-blanket,,medium,243,Whitespace — plan new page,,none of the 5 rank top 7
duvet insert queen,5400,New,https://sundaycitizen.co/collections/queen-duvet,,medium,243,Whitespace — plan new page,,none of the 5 rank top 7
pillowcase for bamboo pillow,1900,Existing,https://sundaycitizen.co/collections/premium-bamboo-shams-pillowcases,,high,228,Whitespace — plan new page,,none of the 5 rank top 7
bath rugs luxury,1900,New,https://sundaycitizen.co/collections/luxury-rug,,high,228,Whitespace — plan new page,,none of the 5 rank top 7
linen pillow covers,1900,New,https://sundaycitizen.co/collections/linen-pillow,,high,228,Whitespace — plan new page,,none of the 5 rank top 7
cotton turkish beach towels,1900,New,https://sundaycitizen.co/collections/cotton-beach-towel,,high,228,Whitespace — plan new page,,none of the 5 rank top 7
alaskan king bed sheets,1900,New,https://sundaycitizen.co/collections/alaskan-king-sheets,,high,228,Whitespace — plan new page,,none of the 5 rank top 7
organic cotton robe,1900,New,https://sundaycitizen.co/collections/organic-cotton-robe,,high,228,Whitespace — plan new page,,none of the 5 rank top 7
robe linen,1900,New,https://sundaycitizen.co/collections/linen-robe,,high,228,Beat competitor,https://us.pigletinbed.com/collections/robes,#3 us.pigletinbed.com (for 'robe linen')
how to get the mildew smell out of towels,1900,New,https://sundaycitizen.co/pages/towel-size-guide,,high,228,Beat competitor,https://parachutehome.com/blogs/posts/keep-towels-fresh-remove-musty-mildew-towel-smell,#5 parachutehome.com (for 'how to get the mildew smell out of towels')
double towel bar,1900,New,https://sundaycitizen.co/collections/full-towel,,high,228,Whitespace — plan new page,,none of the 5 rank top 7
hotel towels,1900,New,https://sundaycitizen.co/collections/hotel-towel,,high,228,Whitespace — plan new page,,none of the 5 rank top 7
embroidered robe,1900,New,https://sundaycitizen.co/collections/embroidered-robe,,high,228,Beat competitor,https://www.potterybarn.com/shop/bath/monogram+robes/features-m-features-ff0013-1/,#3 potterybarn.com (for 'embroidered robe')
quilted throw blankets,1900,New,https://sundaycitizen.co/collections/quilted-throw,,high,228,Whitespace — plan new page,,none of the 5 rank top 7
waffle blanket,4400,New,https://sundaycitizen.co/collections/waffle-blanket,,medium,198,Beat competitor,https://www.brooklinen.com/products/dreamweave-waffle-bed-blanket,#7 brooklinen.com (for 'waffle blanket')
striped robe,4400,New,https://sundaycitizen.co/collections/striped-robe,,medium,198,Beat competitor,https://us.pigletinbed.com/collections/robes,#3 us.pigletinbed.com (for 'robes striped')
striped sheets,4400,New,https://sundaycitizen.co/collections/striped-sheets,,medium,198,Beat competitor,https://us.pigletinbed.com/collections/striped-bedding,#2 us.pigletinbed.com (for 'striped sheets')
bamboo bath mats,4400,New,https://sundaycitizen.co/collections/bamboo-bath,,medium,198,Whitespace — plan new page,,none of the 5 rank top 7
hotel bedding set,4400,New,https://sundaycitizen.co/collections/hotel-bedding,,medium,198,Whitespace — plan new page,,none of the 5 rank top 7
quilted robe,1600,New,https://sundaycitizen.co/collections/quilted-robe,,high,192,Whitespace — plan new page,,none of the 5 rank top 7
silk duvet cover,1600,New,https://sundaycitizen.co/collections/silk-duvet-cover,,high,192,Whitespace — plan new page,,none of the 5 rank top 7
organic latex pillow,1600,New,https://sundaycitizen.co/collections/organic-pillow,,high,192,Whitespace — plan new page,,none of the 5 rank top 7
double crochet blanket,1600,New,https://sundaycitizen.co/collections/full-blanket,,high,192,Whitespace — plan new page,,none of the 5 rank top 7
full duvet covers,3600,New,https://sundaycitizen.co/collections/full-duvet-cover,,medium,162,Beat competitor,https://www.brooklinen.com/collections/duvet-covers,#2 brooklinen.com (for 'full duvet cover')
queen rose u-shaped pregnancy pillow,3600,New,https://sundaycitizen.co/collections/queen-pillow,,medium,162,Whitespace — plan new page,,none of the 5 rank top 7
cotton weighted blanket,3600,New,https://sundaycitizen.co/collections/cotton-weighted-blanket,,medium,162,Whitespace — plan new page,,none of the 5 rank top 7
velvet pillow covers,3600,Existing,https://sundaycitizen.co/collections/velvet-pillows,,medium,162,Whitespace — plan new page,,none of the 5 rank top 7
pillowcase linen,1300,New,https://sundaycitizen.co/collections/linen-pillowcase,,high,156,Beat competitor,https://us.pigletinbed.com/collections/pillowcases,#1 us.pigletinbed.com (for 'linen pillowcases')
mulberry silk duvets,1300,New,https://sundaycitizen.co/collections/silk-duvet,,high,156,Whitespace — plan new page,,none of the 5 rank top 7
sateen duvet cover,1300,New,https://sundaycitizen.co/collections/sateen-duvet-cover,,high,156,Beat competitor,https://www.brooklinen.com/products/luxe-duvet-cover,#3 brooklinen.com (for 'cotton sateen duvet cover')
waffle comforter,1300,New,https://sundaycitizen.co/collections/waffle-comforter,,high,156,Whitespace — plan new page,,none of the 5 rank top 7
silk bathrobe,1300,New,https://sundaycitizen.co/collections/silk-bath-robe,,high,156,Whitespace — plan new page,,none of the 5 rank top 7
organic cotton quilt,1300,New,https://sundaycitizen.co/collections/organic-cotton-quilt,,high,156,Whitespace — plan new page,,none of the 5 rank top 7
striped bath robe,1300,New,https://sundaycitizen.co/collections/striped-bath-robe,,high,156,Beat competitor,https://us.pigletinbed.com/products/sandstone-red-pembroke-stripe-cotton-robe,#2 us.pigletinbed.com (for 'striped bath robe')
organic duvet cover,1300,New,https://sundaycitizen.co/collections/organic-duvet-cover,,high,156,Whitespace — plan new page,,none of the 5 rank top 7
rug under king bed,1300,New,https://sundaycitizen.co/collections/king-rug,,high,156,Whitespace — plan new page,,none of the 5 rank top 7
breathable pillow,1300,New,https://sundaycitizen.co/collections/breathable-pillow,,high,156,Whitespace — plan new page,,none of the 5 rank top 7
organic comforter,1300,New,https://sundaycitizen.co/collections/organic-comforter,,high,156,Whitespace — plan new page,,none of the 5 rank top 7
comforter sets for california king,14800,New,https://sundaycitizen.co/collections/california-king-comforter,,low,133,Beat competitor,https://latestbedding.com/collections/california-king-bedding?page=2,#1 latestbedding.com (for 'comforter sets for california king')
full size bedding comforter,14800,New,https://sundaycitizen.co/collections/full-comforter,,low,133,Beat competitor,https://www.potterybarn.com/shop/bedding/full+bedding-comforters/beddingsize-m-size-ff000b12-1/,#3 potterybarn.com (for 'full size bed comforter')
california king bedding sets,14800,New,https://sundaycitizen.co/collections/california-king-bedding,,low,133,Beat competitor,https://latestbedding.com/collections/california-king-bedding?page=2,#2 latestbedding.com (for 'california king bedding sets')
king duvet covers,14800,New,https://sundaycitizen.co/collections/king-duvet-cover,,low,133,Beat competitor,https://www.brooklinen.com/collections/duvet-covers,#4 brooklinen.com (for 'king duvet covers')
duvet covers cooling,2900,New,https://sundaycitizen.co/collections/cooling-duvet-cover,,medium,130,Whitespace — plan new page,,none of the 5 rank top 7
standard vs queen pillow case,2900,New,https://sundaycitizen.co/collections/queen-pillowcase,,medium,130,Beat competitor,https://us.pigletinbed.com/blogs/the-piglet-journal/a-complete-pillowcase-size-guide,#2 us.pigletinbed.com (for 'standard vs queen pillow case')
double wedding ring quilt,2900,New,https://sundaycitizen.co/collections/full-quilt,,medium,130,Beat competitor,https://www.brooklinen.com/collections/quilts-bed-blankets,#2 brooklinen.com (for 'quilts for full size bed')
lightweight down comforter,2900,New,https://sundaycitizen.co/collections/lightweight-comforter,,medium,130,Beat competitor,https://www.brooklinen.com/products/down-comforter,#2 brooklinen.com (for 'best lightweight down comforters')
comforter striped,2900,New,https://sundaycitizen.co/collections/striped-comforter,,medium,130,Beat competitor,https://us.pigletinbed.com/collections/striped-bedding,#2 us.pigletinbed.com (for 'comforter striped')
embroidered pillow,2900,New,https://sundaycitizen.co/collections/embroidered-pillow,,medium,130,Whitespace — plan new page,,none of the 5 rank top 7
tencel modal pajamas,1000,Existing,https://sundaycitizen.co/collections/silky-lyocell-loungewear,,high,120,Whitespace — plan new page,,none of the 5 rank top 7
velvet robe,1000,New,https://sundaycitizen.co/collections/velvet-robe,,high,120,Whitespace — plan new page,,none of the 5 rank top 7
striped blanket,1000,New,https://sundaycitizen.co/collections/striped-blanket,,high,120,Beat competitor,https://www.brooklinen.com/products/striped-lambswool-throw-blanket,#4 brooklinen.com (for 'striped blanket')
bath towels organic,1000,New,https://sundaycitizen.co/collections/organic-towel,,high,120,Beat competitor,https://us.pigletinbed.com/collections/organic-cotton-towels,#2 us.pigletinbed.com (for 'bath towels organic')
twin pillow case size,1000,New,https://sundaycitizen.co/collections/twin-pillowcase,,high,120,Beat competitor,https://us.pigletinbed.com/blogs/the-piglet-journal/a-complete-pillowcase-size-guide,#4 us.pigletinbed.com (for 'twin pillow case size')
ruffled duvet covers,2400,New,https://sundaycitizen.co/collections/ruffled-duvet-cover,,medium,108,Whitespace — plan new page,,none of the 5 rank top 7
faux fur comforter,2400,New,https://sundaycitizen.co/collections/faux-fur-comforter,,medium,108,Whitespace — plan new page,,none of the 5 rank top 7
oversized bedding,2400,New,https://sundaycitizen.co/collections/oversized-bedding,,medium,108,Whitespace — plan new page,,none of the 5 rank top 7
